SMILES,Binary Activity
Brc1ccc(Oc2ccccc2)cc1,0
C#CC(C)(C)NC(=O)c1cc(Cl)cc(Cl)c1,0
C#CC(O)C(CC)CCCC,0
C#CCC1=C(C)C(OC(=O)C2C(C=C(C)C)C2(C)C)CC1=O,0
C#CCN1C(=O)COc2cc(F)c(N3C(=O)C4=C(CCCC4)C3=O)cc21,0
C#CCOC(=O)C1=CCCN(C)C1,1
C#CCOC(=O)[C@@H](C)Oc1ccc(Oc2ncc(Cl)cc2F)cc1,0
C#CCOS(=O)OC1CCCCC1Oc1ccc(C(C)(C)C)cc1,0
C#CCO[C@H]1CN2CCC1CC2,1
C#CCOc1noc2c1CNCCC2,1
C#C[C@]1(O)CC[C@H]2[C@@H]3CCC4=CC(=O)CC[C@@H]4[C@H]3CC[C@@]21C,0
C#C[C@]1(O)CC[C@H]2[C@@H]3CCC4=CC(=O)CC[C@@H]4[C@H]3CC[C@@]21CC,0
C#C[C@]1(O)CC[C@H]2[C@@H]3CCc4cc(O)ccc4[C@H]3CC[C@@]21C,0
C(#CCN1CCCC1)COc1cc(-c2ccccc2)on1,1
C(=C/c1ccccc1)\CN1CCN(C(c2ccccc2)c2ccccc2)CC1,1
C/C(=N\C#N)N(C)Cc1ccc(Cl)nc1,0
C/C=C/C=C/C(=O)O,0
C1=Cc2cccc3cccc1c23,0
C1C2C3CC4C2C2C1C3[C@H](NCC13C5C6C7C5C1C7C63)C42,1
C1CC2CCC1N2CC12C3C4C5C3C1C5C42,1
C1CC2OC2CC1C1CO1,0
C1CCC(C(CC2CCCCN2)C2CCCCC2)CC1,1
C1CCC(CN2C3CCC2CC3)CC1,1
C1CCC(CN2CCCC2)CC1,1
C1CCC(CN[C@H]2C3C4CC5C6C4CC3C6C52)CC1,1
C1CCC(SSC2CCCCC2)CC1,0
C1N2CN3CN1CN(C2)C3,0
C=C(C)C(=O)O[Sn](CCCC)(CCCC)CCCC,1
C=C(C)C(N)=O,0
C=C(C)CN(CC)c1c([N+](=O)[O-])cc(C(F)(F)F)cc1[N+](=O)[O-],0
C=C(C)[C@H]1Cc2c(ccc3c2O[C@@H]2COc4cc(OC)c(OC)cc4[C@@H]2C3=O)O1,0
C=CCC1=C(C)C(OC(=O)C2C(C=C(C)C)C2(C)C)CC1=O,0
C=CCC1=C(C)[C@@H](OC(=O)[C@@H]2[C@@H](C=C(C)C)C2(C)C)CC1=O,0
C=CCCCCCCCCC(=O)O,0
C=CCCCCCCCCCCCC,0
C=CCN(Cc1ccccc1C(F)(F)F)C(=O)C1CCN(S(=O)(=O)c2ccc3[nH]ncc3c2)CC1,1
C=CCOC(=O)C(C)(C)OC(=O)c1cc(-n2c(=O)cc(C(F)(F)F)n(C)c2=O)ccc1Cl,0
C=CCOC(=O)c1c(C)n(Cc2ccc(OC)cc2)c2ccc3c(c12)CN1CCc2cc(OC)ccc2C1O3,1
C=CCOC(Cn1ccnc1)c1ccc(Cl)cc1Cl,0
C=CCc1cc(S(=O)(=O)c2ccc(O)c(CC=C)c2)ccc1O,1
C=CCc1ccc(O)c(OC)c1,0
C=CCc1ccc(OC)c(OC)c1,0
C=CN1CCCC1=O,0
CC#Cc1cc(C)nc(Nc2ccccc2)n1,0
CC(=O)/C(C)=C/C1C(C)=CCCC1(C)C,0
CC(=O)CC(C)(C)O,0
CC(=O)CC(c1ccccc1)c1c(O)c2ccccc2oc1=O,0
CC(=O)N1CCN(c2ccc(OC[C@H]3CO[C@](Cn4ccnc4)(c4ccc(Cl)cc4Cl)O3)cc2)CC1,0
CC(=O)OC1CC(C)OC(C)O1,0
CC(=O)OCC(COC(C)=O)OC(C)=O,0
CC(=O)OCCOCCOCCOCCOc1nsnc1C1=CCCN(C)C1,1
CC(=O)OCC[N+](C)(C)C,1
CC(=O)O[C@]1(C(C)=O)CC[C@H]2[C@@H]3C=C(Cl)C4=CC(=O)[C@@H]5C[C@@H]5[C@]4(C)[C@H]3CC[C@@]21C,0
CC(=O)O[Hg]c1ccccc1,1
CC(=O)Oc1ccccc1C(=O)O,0
CC(=O)S[C@H](C(=O)N[C@H]1Cc2ccccc2[C@H]2CCC[C@@H](C(=O)O)N2C1=O)C(C)C,0
CC(=O)[C@@]1(O)CC[C@H]2[C@@H]3CCC4=CC(=O)CC[C@]4(C)[C@H]3CC[C@@]21C,0
CC(=O)[C@H]1CC[C@H]2[C@@H]3CCC4=CC(=O)CC[C@]4(C)[C@H]3CC[C@]12C,0
CC(=O)c1ccc2c(c1)[C@H](NC(=O)c1ccc(F)cc1)[C@@H](O)C(C)(C)O2,0
CC(=O)c1cccc(NCc2cc(C(=O)N(C)C(C)c3ccccn3)no2)c1,1
CC(=O)c1cccc(OCc2cc(C(=O)N(C)C(C)c3ccccn3)no2)c1,1
CC(=O)c1cccc(OCc2cc(C(=O)N(C)[C@@H](C)c3ccccn3)no2)c1,1
CC(=O)c1ccccc1,0
CC(C)(C)C(=O)C(Oc1ccc(Cl)cc1)n1cncn1,0
CC(C)(C)C(O)(CCc1ccc(Cl)cc1)Cn1cncn1,0
CC(C)(C)C(O)/C(=C\c1ccc(Cl)cc1Cl)n1cncn1,0
CC(C)(C)C(O)C(Oc1ccc(Cl)cc1)n1cncn1,0
CC(C)(C)CC(C)(C)c1ccc(O)c(-n2nc3ccccc3n2)c1,0
CC(C)(C)CC(C)(C)c1ccc(O)cc1,0
CC(C)(C)CC(C)(C)c1ccc(OCCOCC[N+](C)(C)Cc2ccccc2)cc1,1
CC(C)(C)OOC(=O)c1ccccc1,0
CC(C)(C)OOC(C)(C)C,0
CC(C)(C)c1cc(/C=C2\SC(=N)NC2=O)cc(C(C)(C)C)c1O,0
CC(C)(C)c1cc(C(C)(C)C)c(O)c(C(C)(C)C)c1,0
CC(C)(C)c1cc(O)c(C(C)(C)C)cc1O,0
CC(C)(C)c1cc(O)ccc1O,0
CC(C)(C)c1ccc(C(=O)CCCN2CCC(OC(c3ccccc3)c3ccccc3)CC2)cc1,1
CC(C)(C)c1ccc(O)c(C(C)(C)C)c1,0
CC(C)(C)c1cccc(C(C)(C)C)c1O,0
CC(C)(C)c1ccccc1,0
CC(C)(C)c1ccccc1O,0
CC(C)(C)c1csc(-c2cc3cc(OCc4ccccc4CC(=O)O)ccc3o2)n1,0
CC(C)(CCC(C(N)=O)(c1ccccc1)c1ccccc1)N1CC(Oc2cccc(O)c2)C1,1
CC(C)(O)C(=O)Nc1ccc([N+](=O)[O-])c(C(F)(F)F)c1,0
CC(C)(O)c1cnn2c(-c3ccc(F)c(-c4c(F)cccc4C#N)c3)cnc2n1,0
CC(C)(OO)c1ccccc1,0
CC(C)(OOC(C)(C)c1ccccc1)c1ccccc1,0
CC(C)(c1cc(Br)c(O)c(Br)c1)c1cc(Br)c(O)c(Br)c1,0
CC(C)(c1ccccc1)c1ccc(O)c(C(C)(C)c2ccccc2)c1,0
CC(C)(c1ccccc1)c1ccc(O)cc1,0
CC(C)=CC1C(C(=O)OCN2C(=O)C3=C(CCCC3)C2=O)C1(C)C,0
CC(C)=CC1C(C(=O)OCc2coc(Cc3ccccc3)c2)C1(C)C,0
CC(C)=CCC/C(C)=C\CO,0
CC(C)=CCCC(C)=CC=O,0
CC(C)=CCCC(C)CCO,0
CC(C)C(=O)Nc1ccc([N+](=O)[O-])c(C(F)(F)F)c1,0
CC(C)C(=O)OCC(C)(C)C(OC(=O)C(C)C)C(C)C,0
CC(C)C1(C)N=C(c2nc3ccccc3cc2C(=O)O)NC1=O,0
CC(C)C1(C)N=C(c2ncccc2C(=O)O)NC1=O,0
CC(C)CC(C)(O)C#CC(C)(O)CC(C)C,0
CC(C)CC(C)O,0
CC(C)CCO,0
CC(C)COC(=O)CCCCC(=O)OCC(C)C,0
CC(C)COC(=O)c1ccccc1C(=O)OCC(C)C,0
CC(C)N(C(=O)COc1nnc(C(F)(F)F)s1)c1ccc(F)cc1,0
CC(C)N1C(=O)N(c2ccccc2)CSC1=NC(C)(C)C,0
CC(C)N1C(=O)c2ccccc2NS1(=O)=O,0
CC(C)N1CCN(c2ccc(OC[C@H]3CO[C@](Cn4cncn4)(c4ccc(Cl)cc4Cl)O3)cc2)CC1,1
CC(C)NC(=O)CN1CCNCC1,0
CC(C)NC(=O)N1CC(=O)N(c2cc(Cl)cc(Cl)c2)C1=O,0
CC(C)NCC(O)c1ccc(O)c(O)c1,0
CC(C)Nc1nc(Cl)nc(NC(C)C)n1,0
CC(C)OC(=O)C(C)(C)Oc1ccc(C(=O)c2ccc(Cl)cc2)cc1,0
CC(C)OP(=S)(OC(C)C)SCCNS(=O)(=O)c1ccccc1,0
CC(C)OP(C)(=O)OC(C)C,0
CC(C)O[Ti](OCCN(CCO)CCO)(OCCN(CCO)CCO)OC(C)C,0
CC(C)Oc1cc(-n2nc(C(C)(C)C)oc2=O)c(Cl)cc1Cl,0
CC(C)Oc1ccc(C(=O)N2CCN3C(=O)c4ccccc4C23c2ccc(OC(C)C)cc2)cc1,1
CC(C)Oc1ccc(C(=O)N2CCN3C(=O)c4ccccc4C23c2ccc3c(c2)OCO3)cc1,1
CC(C)Oc1ccc(C23c4ccccc4C(=O)N2CCN3C(=O)c2cc(F)c(F)c(F)c2)cc1,1
CC(C)Oc1cccc(NC(=O)c2ccccc2C(F)(F)F)c1,0
CC(C)Oc1noc2c1CNCCC2,1
CC(C)[C@H](C(=O)O[C@H](C#N)c1cccc(Oc2ccccc2)c1)c1ccc(Cl)cc1,0
CC(C)[N+]1(C)[C@H]2CC[C@@H]1C[C@H](OC(=O)C(CO)c1ccccc1)C2,1
CC(C)c1cccc(C(C)C)c1,0
CC(C)c1cccc(C(C)C)c1NC(=O)[N-]S(=O)(=O)c1cc(C(C)(C)O)co1,0
CC(C)c1nnc2ccc(-c3ocnc3-c3cc(F)ccc3F)cn12,0
CC(C1=C(CCCN(C)C)Cc2ccccc21)c1ccccn1,1
CC(C1=C(CCN(C)C)Cc2ccc(Cl)cc21)c1ccccn1,1
CC(C1=C(CCN(C)C)Cc2ccc(F)cc21)c1ccccn1,1
CC(C1=C(CCN(C)C)Cc2ccccc21)c1ccccc1,1
CC(C1=C(CCN(C)C)Cc2ccccc21)c1ccccn1,1
CC(C1=C(CCN(C)CCF)Cc2ccccc21)c1ccccn1,1
CC(C1=C(CCN2CCCC2)Cc2ccccc21)c1ccccn1,1
CC(C1=C(CCN2CCCCC2)Cc2ccccc21)c1ccccn1,1
CC(C1=C(CN(C)C(C)C)Cc2ccccc21)c1ccccn1,1
CC(C1=C(CN(C)C)Cc2ccccc21)c1ccccn1,1
CC(C1CC1)C(O)(Cn1cncn1)c1ccc(Cl)cc1,0
CC(CN1c2ccccc2Sc2ccccc21)N(C)C,1
CC(Cl)(Cl)C(=O)O,0
CC(N)=O,0
CC(O)CC(C)(C)O,0
CC(O)CCO,0
CC(O)CO,0
CC(Oc1ccc(Cl)cc1Cl)C(=O)O,0
CC(Oc1cccc(Cl)c1)C(=O)O,0
CC/C(=C(\c1ccccc1)c1ccc(OCCN(C)C)cc1)c1ccccc1,1
CC/C(=C(\c1ccccc1)c1ccc(OCCN(C)C)cc1)c1ccccc1.O=C(O)CC(O)(CC(=O)O)C(=O)O,0
CC/C(=C\C(=N/O)C(N)=O)C(C)[N+](=O)[O-],0
CC1(C(=O)Nc2ccc(O)c(Cl)c2Cl)CCCCC1,0
CC1(C)C(=O)N(Br)C(=O)N1Br,0
CC1(C)C(=O)N(Cl)C(=O)N1Cl,0
CC1(C)C(=O)NC(=O)N1CO,0
CC1(C)C(C(=O)OC(C#N)c2cccc(Oc3ccccc3)c2)C1(C)C,0
CC1(C)C(C=C(Cl)Cl)C1C(=O)OC(C#N)c1ccc(F)c(Oc2ccccc2)c1,0
CC1(C)C(C=C(Cl)Cl)C1C(=O)OC(C#N)c1cccc(Oc2ccccc2)c1,0
CC1(C)CC(N=C=O)CC(C)(CN=C=O)C1,0
CC1(C)CON(Cc2ccccc2Cl)C1=O,0
CC1(C)NC(=O)NC1=O,0
CC1(C)OC[C@@H](C[N+](C)(C)C)OC1(C)C,0
CC12CC1(C)C(=O)N(c1cc(Cl)cc(Cl)c1)C2=O,0
CC1=C(/C=C/C(C)=C/C=C/C(C)=C/C(=O)O)C(C)(C)CCC1,0
CC1=C(/C=C/C(C)=C/C=C/C(C)=C/CO)C(C)(C)CCC1,0
CC1=C2C[C@H]3[C@@H](CC=C4C[C@@H](O)CC[C@@]43C)[C@@H]2CC[C@]12O[C@@H]1C[C@H](C)CN[C@H]1[C@H]2C,0
CC1=CC(=O)/C(=C(/C)[O-])C(=O)O1,0
CC1=CC(=O)CC(C)(C)C1,0
CC1COC(Cn2cncn2)(c2ccc(Oc3ccc(Cl)cc3)cc2Cl)O1,0
CC1COCC(C[N+](C)(C)C)O1,0
CCC(=C(c1ccc(O)cc1)c1ccc(OCCN(C)C)cc1)c1ccccc1,1
CCC(=O)C(CC(C)N(C)C)(c1ccccc1)c1ccccc1,1
CCC(=O)Nc1ccc(Cl)c(Cl)c1,0
CCC(=O)O[C@H]1CC[C@H]2[C@@H]3CCC4=CC(=O)CC[C@]4(C)[C@H]3CC[C@]12C,0
CCC(C)(C)C(=O)OC1=C(c2cc(Cl)cc(Cl)c2)C(=O)OC12CCCCC2,0
CCC(C)(C)C(=O)O[C@H]1C[C@@H](C)C=C2C=C[C@H](C)[C@H](CC[C@@H]3C[C@@H](O)CC(=O)O3)[C@H]21,0
CCC(C)(C)C1CCC(O)CC1,0
CCC(C)(C)c1ccc(O)c(C(C)(C)CC)c1,0
CCC(C)(C)c1ccc(O)cc1,0
CCC(C)(CC)c1cc(NC(=O)c2c(OC)cccc2OC)on1,0
CCC(C)(NC(=O)c1cc(Cl)c(C)c(Cl)c1)C(=O)CCl,0
CCC(C)(c1ccc(O)cc1)c1ccc(O)cc1,0
CCC(C)=NO,0
CCC(C)N(C)C(=O)c1cc2ccccc2c(-c2ccccc2Cl)n1,0
CCC(C)Nc1c([N+](=O)[O-])cc(C(C)(C)C)cc1[N+](=O)[O-],0
CCC(C)c1cc([N+](=O)[O-])cc([N+](=O)[O-])c1O,0
CCC(C)c1ccc(O)cc1,0
CCC(C)c1ccccc1O,0
CCC(C)n1c(=O)[nH]c(C)c(Br)c1=O,0
CCC([O-])=C1C(=O)CC(C(=O)[O-])CC1=O,0
CCC1(c2ccccc2)C(=O)N=C([O-])NC1=O,0
CCC12COCN1COC2,0
CCCC(=NOCC)C1=C(O)CC(CC(C)SCC)CC1=O,0
CCCC(=O)OCC,0
CCCC(=O)OCCC(C)C,0
CCCC(C1=C(CCN(C)C)Cc2ccccc21)c1ccccn1,1
CCCC(CCC)C(=O)O,0
CCCC1COC(Cn2cncn2)(c2ccc(Cl)cc2Cl)O1,0
CCCCC(C#N)(Cn1cncn1)c1ccc(Cl)cc1,0
CCCCC(CC)C(=O)O,0
CCCCC(CC)CN1C(=O)C2C3C=CC(C3)C2C1=O,0
CCCCC(CC)COC(=O)CC(C(=O)OCC(CC)CCCC)S(=O)(=O)[O-],1
CCCCC(CC)COC(=O)CCCCC(=O)OCC(CC)CCCC,0
CCCCC(CC)COC(=O)CCCCC(=O)OCc1ccccc1,0
CCCCC(CC)COC(=O)CCCCCCCC(=O)OCC(CC)CCCC,0
CCCCC(CC)COC(=O)c1ccc(C(=O)OCC(CC)CCCC)cc1,0
CCCCC(CC)COC(=O)c1ccccc1C(=O)O,0
CCCCC(CC)COC(=O)c1ccccc1C(=O)OCC(CC)CCCC,0
CCCCC(CC)COP(=O)(OCC(CC)CCCC)OCC(CC)CCCC,0
CCCCC1CCN(CCCC(=O)c2ccccc2C)CC1,1
CCCCC1CCN(CCCN2C(=O)CCc3ccccc32)CC1,1
CCCCC1CCN(CCCN2C(=O)COc3cc(F)ccc32)CC1,1
CCCCC=O,0
CCCCCC(=O)O,0
CCCCCCC(=O)O,0
CCCCCCC(C)OC(=O)COc1nc(F)c(Cl)c(N)c1Cl,0
CCCCCCC(C=O)=Cc1ccccc1,0
CCCCCCCC(=O)O,0
CCCCCCCC/C=C\CCCCCCCC(=O)OC[C@@H](O)[C@H]1OC[C@H](O)[C@H]1O,0
CCCCCCCC1CCC(=O)O1,0
CCCCCCCC=O,0
CCCCCCCCC(=O)O,0
CCCCCCCCCC,0
CCCCCCCCCC(=O)O,0
CCCCCCCCCCC,0
CCCCCCCCCCCCCCC,0
CCCCCCCCCCCCCCCC,0
CCCCCCCCCCCCCCCCCC(=O)O,0
CCCCCCCCCCCCCCCCO,0
CCCCCCCCCCCCCCCCOS(=O)(=O)[O-],1
CCCCCCCCCCCCCCCC[n+]1ccccc1,1
CCCCCCCCCCCCCCCO,0
CCCCCCCCCCCCCN1CC(C)OC(C)C1,0
CCCCCCCCCCCCCO,0
CCCCCCCCCCCCOS(=O)(=O)[O-],0
CCCCCCCCCCCC[N+](C)(C)C,1
CCCCCCCCCCCCc1ccccc1,0
CCCCCCCCCCCO,0
CCCCCCCCCCO,0
CCCCCCCCCCOC(=O)C1=C(c2ccccc2)CCN(CC)C1,1
CCCCCCCCCCOC(=O)C1CN(CC)CC=C1c1ccccc1,1
CCCCCCCCCC[N+](C)(C)CCCCCCCCCC,1
CCCCCCCCCOC(=O)C1=C(c2ccccc2)CCN(CC)C1,1
CCCCCCCCCOC(=O)C1CN(CC)CC=C1c1ccccc1,1
CCCCCCCCCc1ccc(O)cc1,0
CCCCCCCCN(C)CCCCCCCC,0
CCCCCCCCN[C@H](C)[C@@H](O)c1ccc(SC(C)C)cc1,1
CCCCCCCCO,0
CCCCCCCCOC(=O)C1=C(c2ccccc2)CCN(CC)C1,1
CCCCCCCCOC(=O)C1CN(CC)CC=C1c1ccccc1,1
CCCCCCCCOC(=O)CCCCCCCCC(=O)OCCCCCCCC,0
CCCCCCCCOC(=O)c1ccc(C(=O)OCCCCCCCC)c(C(=O)OCCCCCCCC)c1,0
CCCCCCCCOC(=O)c1ccccc1C(=O)OCCCCCCCC,0
CCCCCCCCOc1ccc(C(=O)c2ccccc2)c(O)c1,0
CCCCCCCC[Si](OCC)(OCC)OCC,0
CCCCCCCCc1ccc(O)cc1,0
CCCCCCCCn1sccc1=O,0
CCCCCCCOC(=O)C1=C(c2ccccc2)CCN(CC)C1,1
CCCCCCCc1ccc(O)cc1,0
CCCCCCOC(=O)C1CN(CC)CC=C1c1ccccc1,1
CCCCCCOC(=O)CC(CC(=O)OCCCCCC)(OC(=O)CCC)C(=O)OCCCCCC,0
CCCCCCOC(=O)[C@H]1CN(CC)CC[C@H]1c1ccccc1,1
CCCCCCOC(=O)c1ccccc1C(=O)OCCCCCC,0
CCCCCCOCCO,0
CCCCCCc1ccc(O)cc1O,0
CCCCCOC(=O)C1=C(c2ccccc2)CCN(CC)C1,1
CCCCCOC(=O)C1CN(CC)CC=C1c1ccccc1,1
CCCCCOC(=O)c1ccccc1C(=O)OCCCCC,0
CCCCCc1[nH]c2ccc3c(c2c1C(=O)OCC)CN1CCc2cc(OC)ccc2C1O3,1
CCCCCc1ccc(N)cc1,0
CCCCCc1noc(C2=C(c3ccccc3)CCN(CC)C2)n1,1
CCCCCc1noc(C2CN(CC)CC=C2c2ccccc2)n1,1
CCCCN(CC)c1c([N+](=O)[O-])cc(C(F)(F)F)cc1[N+](=O)[O-],0
CCCCN(CCCC)CCCC,0
CCCCN(CCCC)SN(C)C(=O)Oc1cccc2c1OC(C)(C)C2,0
CCCCN(CCCC)c1ccc(/C=C/c2cc[n+](CCC[N+](CC)(CC)CC)cc2)cc1,1
CCCCN1C(=O)[C@@H]([C@H](O)C2CCCCC2)NC(=O)C12CCN(Cc1ccc(Oc3ccc(C(=O)O)cc3)cc1)CC2,0
CCCCN1CCC(COC(=O)c2cc(Cl)c(NC)c3c2OCCO3)CC1,1
CCCCNC(=O)OCC#CI,0
CCCCOC(=O)C1=C(c2ccccc2)CCN(CC)C1,1
CCCCOC(=O)CCCCC(=O)OCCCC,0
CCCCOC(=O)CCCCCCCCC(=O)OCCCC,0
CCCCOC(=O)[C@@H](C)Oc1ccc(Oc2ccc(C#N)cc2F)cc1,0
CCCCOC(=O)[C@@H](C)Oc1ccc(Oc2ccc(C(F)(F)F)cn2)cc1,0
CCCCOC(=O)c1c(C)[nH]c2ccc3c(c12)CN1CCc2cc(OC)ccc2C1O3,1
CCCCOC(=O)c1ccc(O)cc1,0
CCCCOC(=O)c1ccccc1C(=O)O,0
CCCCOC(=O)c1ccccc1C(=O)OCCCC,0
CCCCOCCOCCO,0
CCCCOCN(C(=O)CCl)c1c(CC)cccc1CC,0
CCCCOP(=O)(OCCCC)OCCCC,0
CCCCSP(=O)(SCCCC)SCCCC,0
CCCC[C@H]1CN(CC2CCOCC2)C(=O)OC12CCN(C1(C)CCN(C(=O)c3c(C)ncnc3C)CC1)CC2,0
CCCC[Sn](Cl)(CCCC)CCCC,0
CCCCc1[nH]c2ccc3c(c2c1C(=O)OCC)CN1CCc2cc(OC)ccc2C1O3,0
CCCCc1[nH]c2ccc3c(c2c1C(=O)OCC)CN1CCc2cc(SC)ccc2C1O3,1
CCCCc1ccc2c(n1)[C@@H](c1ccc(OC)cc1C[C@H](C)C(=O)[O-])[C@H](C(=O)[O-])[C@H]2c1ccc2c(c1)OCO2,0
CCCCc1ccccc1,0
CCCCc1oc2ccccc2c1C(=O)c1cc(I)c(OCCN(CC)CC)c(I)c1,1
CCCN(CC)CC1COC2(CCC(C(C)(C)C)CC2)O1,0
CCCN(CCC)CC1CCCCN1CCNC(=O)N1c2ccccc2C(=O)Nc2cccnc21,1
CCCN(CCC)c1c([N+](=O)[O-])cc(C(C)C)cc1[N+](=O)[O-],0
CCCN(CCOc1c(Cl)cc(Cl)cc1Cl)C(=O)n1ccnc1,0
CCCN(Cc1ccccc1C(F)(F)F)C(=O)C1CCN(S(=O)(=O)c2ccc3[nH]ncc3c2)CC1,1
CCCOC(=O)C1=C(c2ccccc2)CCN(CC)C1,1
CCCOC(=O)C1CN(CC)CC=C1c1ccccc1,1
CCCOC(=O)NCCCN(C)C,0
CCCOC(=O)c1c(C)[nH]c2ccc3c(c12)CN1CCc2cc(OC)ccc2C1O3,1
CCCOC(=O)c1cc(O)c(O)c(O)c1,0
CCCOC(=O)c1ccc(O)cc1,0
CCCOC/C(=N\c1ccc(Cl)cc1C(F)(F)F)n1ccnc1,0
CCCO[C@H]1CC[C@](C)(N2CCC(N3C(=O)Cc4ccc(C)cc43)CC2)CC1,1
CCCO[C@H]1CC[C@](C)(N2CCC(n3c(=O)[nH]c4cc(F)c(C)cc43)CC2)CC1,1
CCCO[C@H]1CC[C@](C)(N2CCC(n3c(=O)oc4ccc(S(C)(=O)=O)cc43)CC2)CC1,1
CCCOc1nn(C(=O)[N-]S(=O)(=O)c2ccccc2C(=O)OC)c(=O)n1C,0
CCCOc1sc(C(=O)N2CCC(c3cc(CN)ccc3F)CC2)c(C)c1Br,1
CCCSC(=O)N(CCC)CCC,0
CCCSP(=O)(OCC)Oc1ccc(Br)cc1Cl,0
CCCc1[nH]c2ccc3c(c2c1C(=O)OCC)CN1CCc2cc(OC)ccc2C1O3,1
CCCc1[nH]c2ccc3c(c2c1C(=O)OCC)CN1CCc2cc(SC)ccc2C1O3,1
CCCc1c(C(=O)OCC)c2c3c(ccc2n1C)OC1c2ccc(OC)cc2CCN1C3,1
CCCc1c(C(=O)OCC)c2c3c(ccc2n1C)OC1c2ccc(SC)cc2CCN1C3,1
CCCc1ccccc1,0
CCN(C(=O)C1CCN(S(=O)(=O)c2ccc(OC)cc2)CC1)[C@H](C)c1ccccc1,1
CCN(C(=O)C1CCN(S(=O)(=O)c2ccc3[nH]ncc3c2)CC1)[C@H](C)c1ccccc1,1
CCN(C(=O)C1CCN(S(=O)(=O)c2ccc3c(c2)CCC3)CC1)[C@H](C)c1ccccc1,1
CCN(C(=O)C1CCN(S(=O)(=O)c2ccc3c(c2)CCO3)CC1)[C@H](C)c1ccccc1,1
CCN(C(=O)C1CCN(S(=O)(=O)c2ccc3occc3c2)CC1)[C@H](C)c1ccccc1,1
CCN(C(=O)c1cc(C)cc(OC[C@H](C)Nc2ccncc2)c1)C(C)C,0
CCN(C(=O)c1cc(COc2cccc(C(C)=O)c2)on1)C(C)c1ccccn1,1
CCN(CC)C(=O)C(C)Oc1cccc2ccccc12,0
CCN(CC)C(=O)SCc1ccc(Cl)cc1,0
CCN(CC)C(=S)SSC(=S)N(CC)CC,0
CCN(CC)CC#CCOC(=O)C(O)(c1ccccc1)C1CCCCC1,1
CCN(CC)CCCC(C)Nc1c2ccc(Cl)cc2nc2ccc(OC)cc12,1
CCN(CC)CCNc1ccc(CNC=O)c2sc3ccc(OC)cc3c(=O)c12,1
CCN(CC)CCO,0
CCN(CC)CCOC(=O)C1(C2CCCCC2)CCCCC1,1
CCN(CC)CCOc1ccc(C(=C(Cl)c2ccccc2)c2ccccc2)cc1.O=C(O)CC(O)(CC(=O)O)C(=O)O,1
CCN(CC)N=O,0
CCN(CC)c1ccccc1,0
CCN(CC)c1nc(C)cc(OP(=S)(OC)OC)n1,0
CCN(Cc1cccc(C(F)(F)F)c1)C(=O)C1CCN(S(=O)(=O)c2ccc3cn[nH]c3c2)CC1,1
CCN(Cc1cccc(C)c1)C(=O)C1CCN(S(=O)(=O)c2ccc3cn[nH]c3c2)CC1,1
CCN(Cc1cccc(F)c1)C(=O)C1CCN(S(=O)(=O)c2ccc3cn[nH]c3c2)CC1,1
CCN(Cc1cccc(OC)c1)C(=O)C1CCN(S(=O)(=O)c2ccc3cn[nH]c3c2)CC1,1
CCN(Cc1ccccc1)C(=O)C1CCN(S(=O)(=O)c2ccc(OC)cc2)CC1,1
CCN(Cc1ccccc1)C(=O)C1CCN(S(=O)(=O)c2ccc3c(c2)OCCO3)CC1,1
CCN(Cc1ccccc1)C(=O)C1CCN(S(=O)(=O)c2ccc3c(c2)OCO3)CC1,1
CCN(Cc1ccccc1)C(=O)C1CCN(S(=O)(=O)c2ccc3cn[nH]c3c2)CC1,1
CCN(Cc1ccccc1)C(=O)C1CCN(S(=O)(=O)c2ccc3nsnc3c2)CC1,1
CCN(Cc1ccccc1)C(=O)C1CCN(S(=O)(=O)c2ccc3occc3c2)CC1,1
CCN(Cc1ccccc1)C(=O)C1CCN(S(=O)(=O)c2ccccc2)CC1,1
CCN(Cc1ccccc1C(F)(F)F)C(=O)C1CCN(S(=O)(=O)c2ccc3cn[nH]c3c2)CC1,1
CCN(Cc1ccccc1C)C(=O)C1CCN(S(=O)(=O)c2ccc3cn[nH]c3c2)CC1,1
CCN(Cc1ccccc1Cl)C(=O)C1CCN(S(=O)(=O)c2ccc3[nH]ncc3c2)CC1,1
CCN(Cc1ccccc1F)C(=O)C1CCN(S(=O)(=O)c2ccc3cn[nH]c3c2)CC1,1
CCN1CC=C(c2ccccc2)C(C(=O)OC2CCCCC2)C1,1
CCN1CC=C(c2ccccc2)C(C(=O)OCC(C)C)C1,1
CCN1CC=C(c2ccccc2)C(C(=O)OCC(c2ccccc2)c2ccccc2)C1,1
CCN1CC=C(c2ccccc2)C(C(=O)OCC2CCCCC2)C1,1
CCN1CC=C(c2ccccc2)C(C(=O)OCCCC2CCCCC2)C1,0
CCN1CC=C(c2ccccc2)C(C(=O)OCCCCc2ccccc2)C1,1
CCN1CC=C(c2ccccc2)C(C(=O)OCCCc2ccccc2)C1,1
CCN1CC=C(c2ccccc2)C(C(=O)OCCc2ccc(C)cc2)C1,1
CCN1CC=C(c2ccccc2)C(C(=O)OCCc2ccc(OC)cc2)C1,1
CCN1CC=C(c2ccccc2)C(C(=O)OCCc2ccccc2)C1,1
CCN1CC=C(c2ccccc2)C(C(=O)OCc2ccccc2)C1,1
CCN1CC=C(c2ccccc2)C(C(=O)Oc2ccccc2)C1,0
CCN1CCC(CNC(=O)[C@H]2CCCN2C(=O)[C@@H]2C[C@@H](O)CN2C(=O)CC(c2ccc(F)cc2)(c2ccc(F)cc2)c2ccc(F)cc2)CC1,1
CCN1CCC(c2ccccc2)=C(C(=O)OC)C1,1
CCN1CCC(c2ccccc2)=C(C(=O)OC2CCCCC2)C1,1
CCN1CCC(c2ccccc2)=C(C(=O)OCC(c2ccccc2)c2ccccc2)C1,1
CCN1CCC(c2ccccc2)=C(C(=O)OCC2CCCCC2)C1,1
CCN1CCC(c2ccccc2)=C(C(=O)OCCC2CCCCC2)C1,1
CCN1CCC(c2ccccc2)=C(C(=O)OCCCC2CCCCC2)C1,1
CCN1CCC(c2ccccc2)=C(C(=O)OCCCCCc2ccccc2)C1,1
CCN1CCC(c2ccccc2)=C(C(=O)OCCCCc2ccccc2)C1,1
CCN1CCC(c2ccccc2)=C(C(=O)OCCCc2ccc(OC)cc2)C1,1
CCN1CCC(c2ccccc2)=C(C(=O)OCCCc2ccccc2)C1,1
CCN1CCC(c2ccccc2)=C(C(=O)OCCc2ccc(Br)cc2)C1,1
CCN1CCC(c2ccccc2)=C(C(=O)OCCc2ccc(C)cc2)C1,1
CCN1CCC(c2ccccc2)=C(C(=O)OCCc2ccc(Cl)cc2)C1,1
CCN1CCC(c2ccccc2)=C(C(=O)OCCc2ccc(F)cc2)C1,1
CCN1CCC(c2ccccc2)=C(C(=O)OCCc2ccc(OC)c(F)c2)C1,1
CCN1CCC(c2ccccc2)=C(C(=O)OCCc2ccc(OC)cc2)C1,1
CCN1CCC(c2ccccc2)=C(C(=O)OCCc2ccc([N+](=O)[O-])cc2)C1,1
CCN1CCC(c2ccccc2)=C(C(=O)OCCc2ccc3c(c2)OCO3)C1,1
CCN1CCC(c2ccccc2)=C(C(=O)OCCc2cccc(OC)c2)C1,1
CCN1CCC(c2ccccc2)=C(C(=O)OCCc2ccccc2)C1,1
CCN1CCC(c2ccccc2)=C(C(=O)OCCc2ccccc2OC)C1,1
CCN1CCC(c2ccccc2)=C(C(=O)OCCc2ccccn2)C1,1
CCN1CCC(c2ccccc2)=C(C(=O)OCCc2ccncc2)C1,1
CCN1CCC(c2ccccc2)=C(C(=O)OCCc2ccsc2)C1,1
CCN1CCC(c2ccccc2)=C(C(=O)OCc2ccc(OC)cc2)C1,1
CCN1CCC(c2ccccc2)=C(C(=O)OCc2ccc3c(c2)OCO3)C1,1
CCN1CCC(c2ccccc2)=C(C(=O)OCc2ccccc2)C1,1
CCN1CCC2(CC1)COc1cc3c(cc12)N(C(=O)c1ccc(-c2ccc(-c4nnc(C)o4)cc2C)cc1)CC3,1
CCN1CCN(c2ccc(NC(=O)c3c(F)c(F)c(F)c(F)c3F)cc2Cl)CC1,1
CCN1CCN(c2ccc(NC(=O)c3cc(C(F)(F)F)ccc3C(F)(F)F)cc2Cl)CC1,1
CCN1CCN(c2ccc(NC(=O)c3cccc(C(F)(F)F)c3)cc2Cl)CC1,1
CCN1CCN(c2ccc(NC(=O)c3cccc(C)c3)cc2Cl)CC1,1
CCN1CCN(c2ccc(NC(=O)c3ccccc3Cl)cc2Cl)CC1,1
CCN1CCN(c2ccc(NC(=O)c3ccccc3OC)cc2Cl)CC1,1
CCN1CC[C@@H](c2ccccc2)[C@@H](C(=O)OC2CCCCC2)C1,1
CCN1CC[C@@H](c2ccccc2)[C@@H](C(=O)OCCc2ccccc2)C1,1
CCN1CC[C@@H](c2ccccc2)[C@H](C(=O)OCCc2ccccc2)C1,1
CCNC(=O)NC(=O)/C(C#N)=N/OC,0
CCNP(=S)(OC)O/C(C)=C/C(=O)OC(C)C,0
CCNc1cccc(C)c1,0
CCNc1nc(Cl)nc(NC(C)(C)C)n1,0
CCNc1nc(Cl)nc(NC(C)C)n1,0
CCNc1nc(Cl)nc(NCC)n1,0
CCNc1nc(N)nc(Cl)n1,0
CCO/C(O)=C1\CN2CC(CCC2COCc2ccccc2)C1=O,1
CCO/C(O)=C1\CN2CCCC(C2)C1=O,1
CCOC(=O)C(C)(C)Oc1ccc(Cl)cc1,0
CCOC(=O)C(C)OC(=O)c1cc(Oc2ccc(C(F)(F)F)cc2Cl)ccc1[N+](=O)[O-],0
CCOC(=O)C(C)Oc1ccc(Oc2cnc3cc(Cl)ccc3n2)cc1,0
CCOC(=O)C(C)Oc1ccc(Oc2nc3ccc(Cl)cc3o2)cc1,0
CCOC(=O)C(Cl)Cc1cc(-n2nc(C)n(C(F)F)c2=O)c(F)cc1Cl,0
CCOC(=O)C(O)(c1ccc(Cl)cc1)c1ccc(Cl)cc1,0
CCOC(=O)C1=C(c2ccccc2)CCN(CC)C1,1
CCOC(=O)C1CN(CC)CC=C1c1ccccc1,1
CCOC(=O)CC(O)(CC(=O)OCC)C(=O)OCC,0
CCOC(=O)CC(SP(=O)(OC)OC)C(=O)OCC,0
CCOC(=O)CC(SP(=S)(OC)OC)C(=O)OCC,0
CCOC(=O)COc1cc(-c2nn(C)c(OC(F)F)c2Cl)c(F)cc1Cl,0
CCOC(=O)COc1cc(-n2ncc(C(F)(F)F)c(C)c2=O)c(F)cc1Cl,0
CCOC(=O)COc1ccc2c(c1)CC(NCC(O)c1cccc(Cl)c1)CC2,1
CCOC(=O)N1C2CCC1CC(N1CCC[C@@H](NC(=O)c3ccccc3C)C1)C2,1
CCOC(=O)N1CCC(N2CCC(n3c(=O)[nH]c4ccccc43)CC2)CC1,1
CCOC(=O)N1CCC(NCCNC(=O)c2ccccc2Cl)CC1,0
CCOC(=O)N1CCC(NCCNC(=O)c2cccs2)CC1,0
CCOC(=O)N1C[C@@H]2CC[C@H](C1)[C@@H]2NCCNC(=O)c1cccc(Cl)c1,1
CCOC(=O)N1C[C@@H]2CC[C@H](C1)[C@@H]2NCCNC(=O)c1ccccc1,1
CCOC(=O)N1[C@H]2CC[C@@H]1C[C@H](NCCNC(=O)c1ccccc1)C2,1
CCOC(=O)NCCOc1ccc(Oc2ccccc2)cc1,0
CCOC(=O)O[C@H](C)OC(=O)c1ccc2c(c1)cc(C(=O)NC1CCN(C(C)C)CC1)n2Cc1cc(-c2ccc(Cl)s2)on1,1
CCOC(=O)[C@H](C)Oc1ccc(Oc2nc3ccc(Cl)cc3o2)cc1,0
CCOC(=O)[C@]1(c2ccccc2)Oc2ccccc2[C@@H]1N,1
CCOC(=O)c1c(C)[nH]c2ccc3c(c12)CN1CCc2cc(C)ccc2C1O3,1
CCOC(=O)c1c(C)[nH]c2ccc3c(c12)CN1CCc2cc(Cl)ccc2C1O3,1
CCOC(=O)c1c(C)[nH]c2ccc3c(c12)CN1CCc2cc(OCC)ccc2C1O3,1
CCOC(=O)c1c(C)[nH]c2ccc3c(c12)CN1CCc2cc(Oc4ccccc4)ccc2C1O3,1
CCOC(=O)c1c(C)[nH]c2ccc3c(c12)CN1CCc2cc(SC)ccc2C1O3,1
CCOC(=O)c1c(C)[nH]c2ccc3c(c12)CN1CCc2cccc(C)c2C1O3,1
CCOC(=O)c1c(C)[nH]c2ccc3c(c12)CN1CCc2cccc(Cl)c2C1O3,1
CCOC(=O)c1c(C)[nH]c2ccc3c(c12)CN1CCc2ccccc2C1O3,1
CCOC(=O)c1c(C)n(C)c2ccc3c(c12)CN1CCc2cc(OC)ccc2C1O3,1
CCOC(=O)c1c(C)n(CC)c2ccc3c(c12)CN1CCc2cc(OC)ccc2C1O3,1
CCOC(=O)c1c(CC)[nH]c2ccc3c(c12)CN1CCc2cc(OC)ccc2C1O3,1
CCOC(=O)c1c(CC)n(Cc2ccccc2)c2ccc3c(c12)CN1CCc2cc(OC)ccc2C1O3,1
CCOC(=O)c1c[nH]c2ccc3c(c12)CN1CCc2cc(OC)c(OC)cc2C1O3,0
CCOC(=O)c1c[nH]c2ccc3c(c12)CN1CCc2cc(OC)ccc2C1O3,1
CCOC(=O)c1ccc(O)cc1,0
CCOC(=O)c1ccc([C@H]2CC[C@H](NC[C@H](O)COc3ccc(O)c(NS(C)(=O)=O)c3)CC2)cc1,1
CCOC(=O)c1ccccc1C(=O)OCC,0
CCOC(N)=O,0
CCOC1Oc2ccc(OS(C)(=O)=O)cc2C1(C)C,0
CCOCCO,0
CCOCCOC(C)=O,0
CCOCCOCCO,0
CCOCCOCCOCCO,0
CCOCN(C(=O)CCl)c1c(C)cccc1CC,0
CCOC[C@H]1[C@@H]2CNC[C@@]21c1ccc(Cl)c(Cl)c1,1
CCON=C(CC)C1=C(O)CC(c2c(C)cc(C)cc2C)CC1=O,0
CCOP(=O)(NC(C)C)Oc1ccc(SC)c(C)c1,0
CCOP(=O)(OCC)Oc1cc(C)nc(C(C)C)n1,0
CCOP(=O)(OCC)Oc1nc(Cl)c(Cl)cc1Cl,0
CCOP(=S)(OCC)OC(Cl)C(Cl)(Cl)Cl,0
CCOP(=S)(OCC)Oc1ccc([N+](=O)[O-])cc1,0
CCOP(=S)(OCC)Oc1ccc2c(C)c(Cl)c(=O)oc2c1,0
CCOP(=S)(OCC)Oc1nc(Cl)c(Cl)cc1Cl,0
CCOP(=S)(OCC)SCSP(=S)(OCC)OCC,0
CCOP(=S)(OCC)SCn1c(=O)oc2cc(Cl)ccc21,0
CCOP(=S)(Oc1cnc(C(C)(C)C)nc1)OC(C)C,0
CCO[C@H]1CC[C@](C)(N2CCC(N3C(=O)Cc4ccc(C)cc43)CC2)CC1,1
CCO[C@H]1CC[C@](C)(N2CCC(n3c(=O)oc4c(F)cc(C)cc43)CC2)CC1,1
CCO[C@H]1CC[C@](C)(N2CCC(n3c(=O)oc4cc(F)c(C)cc43)CC2)CC1,1
CCO[C@H]1CC[C@](C)(N2CCC(n3c(=O)oc4ccc(C#N)cc43)CC2)CC1,1
CCO[C@H]1CC[C@](C)(N2CCC(n3c(=O)oc4ccc(OC)cc43)CC2)CC1,1
CCO[C@H]1CC[C@](C)(N2CCC(n3c(=O)oc4ccc(S(=O)(=O)CC)cc43)CC2)CC1,1
CCO[C@H]1CC[C@](C)(N2CCC(n3c(=O)oc4ccc(S(C)(=O)=O)cc43)CC2)CC1,1
CCO[C@H]1CC[C@](C)(N2CCC(n3c(=O)oc4ccccc43)CC2)CC1,1
CCO[Si](CCCNC(N)=O)(OCC)OCC,0
CCOc1ccc(C(=O)N2CCN3C(=O)c4ccccc4C23c2ccc(Cl)cc2)cc1,1
CCOc1ccc(C(C)(C)COCc2cccc(Oc3ccccc3)c2)cc1,0
CCOc1ccc(C23c4ccccc4C(=O)N2CCN3C(=O)c2ccc(F)c(F)c2)cc1,1
CCOc1ccc2[nH]cc(C(=O)NCc3ccccc3)c(=O)c2n1,0
CCOc1ccc2c(c1)C(C)=CC(C)(C)N2,0
CCOc1cccc(-n2cc(C(=O)N3CCN(c4cc(C(=O)[O-])c5ccccc5c4)CC3)nc2-c2ccc(C)cc2)c1,0
CCOc1cccc([C@]2(N3CCN(c4ccccc4)CC3)CC[C@@H](C)CC2)c1,0
CCOc1nc(C(Cl)(Cl)Cl)ns1,0
CCOc1nc(F)cc2nc(S(=O)(=O)Nc3c(Cl)cccc3Cl)nn12,0
CCOc1nc(NC)nc(NC(=O)NS(=O)(=O)c2ccccc2C(=O)OC)n1,0
CCOc1noc2c1CNCCC2,1
CCSC(=O)N(CC)C1CCCCC1,0
CCSC(=O)N1CCCCCC1,0
CC[C@@H]1C(=O)OC[C@@H]1Cc1cncn1C,0
CC[C@@H]1C[C@H](N(Cc2cc(C(F)(F)F)cc(C(F)(F)F)c2)C(C)=O)c2cc(C(F)(F)F)ccc2N1C(=O)OC(C)C,0
CC[C@H](C)C(=O)O[C@H]1C[C@@H](C)C=C2C=C[C@H](C)[C@H](CC[C@@H]3C[C@@H](O)CC(=O)O3)[C@H]21,0
CC[C@H](C)[C@@H](C(=O)O)n1sc2ccccc2c1=O,0
CC[C@H](NC(=O)c1cc(F)ccc1[N-]S(=O)(=O)c1cccc2cccnc12)c1ccccc1,0
CC[C@H](c1ccc(O)cc1)[C@@H](CC)c1ccc(O)cc1,0
CC[C@H]1COC[C@@H](C[N+](C)(C)C)O1,0
CCc1c(C(=O)NN2CCCCC2)nn(-c2ccc(Cl)cc2Cl)c1-c1ccc(Br)cc1,0
CCc1cc(C2=C(C(=O)[O-])N(c3ccccc3C(F)(F)F)S(=O)(=O)c3ccccc32)cc2c1OCO2,0
CCc1cc(SCc2sc(-c3ccc(C(F)(F)F)cc3)nc2CN2CCN(c3ccc(OC)cc3)CC2)ccc1OCC(=O)O,1
CCc1ccc(C(=O)NN(C(=O)c2cc(C)cc(C)c2)C(C)(C)C)cc1,0
CCc1ccc(CCOc2ccc(CC3SC(=O)NC3=O)cc2)nc1,0
CCc1ccc(O)c(C(C)(C)C)c1,0
CCc1cccc(CC)c1N,0
CCc1cccc(CC)c1N(COC)C(=O)CCl,0
CCc1cnc(C2=NC(C)(C(C)C)C(=O)N2)c(C(=O)O)c1,0
CCc1nc(N)nc(N)c1-c1ccc(Cl)cc1,0
CCc1nn(C)c(C(=O)NCc2ccc(C(C)(C)C)cc2)c1Cl,0
CCn1nc(C)c2c1C(=O)NCC(c1ccc(O)cc1)=N2,0
CN(C(=O)Cc1cccc2occc12)[C@H]1CC[C@@]2(CCCO2)C[C@@H]1N1CCCC1,0
CN(C)C(=O)C1(N2CCCCC2)CCN(CCC2(c3ccc(Cl)c(Cl)c3)CN(C(=O)c3ccccc3)CCO2)CC1,1
CN(C)C(=O)NC1(c2ccccc2)CCN(CCC[C@@]2(c3ccc(Cl)c(Cl)c3)CCCN(C(=O)c3ccccc3)C2)CC1,1
CN(C)C(=O)NC1(c2ccccc2)CCN(CC[C@@]2(c3ccc(F)c(F)c3)CN(C(=O)c3ccccc3)CCO2)CC1,1
CN(C)C(=O)Nc1ccc(Cl)c(Cl)c1,0
CN(C)C(=O)Nc1ccc(Cl)cc1,0
CN(C)C(=S)SSC(=S)N(C)C,0
CN(C)C(=S)[S-].CN(C)C(=S)[S-].[Zn+2],0
CN(C)C=O,0
CN(C)CCC1=C(C(C)(C)c2ccccn2)c2ccccc2C1,1
CN(C)CCC1=C(C(c2ccccc2)c2ccccn2)c2ccccc2C1,1
CN(C)CCC1=C(Cc2ccccn2)c2ccccc2C1,1
CN(C)CCC1=C(Cc2cccnc2)c2ccccc2C1,1
CN(C)CCC1=C/C(=C\c2cccnc2)c2ccccc21,0
CN(C)CCC=C1c2ccccc2COc2ccccc21,1
CN(C)CCCN1c2ccccc2CCc2ccc(Cl)cc21,1
CN(C)CCCN1c2ccccc2Sc2ccc(Cl)cc21,1
CN(C)CCN(C)C(=O)C1=C/C(=C\c2ccccn2)c2ccccc21,0
CN(C)CCN(C)C(=O)C1=C/C(=C\c2cccnc2)c2ccccc21,0
CN(C)CCNC(=O)C1=C(Cc2ccccn2)c2ccccc2C1,0
CN(C)CCNC(=O)C1=C(Cc2cccnc2)c2ccccc2C1,0
CN(C)CCNC(=O)C1=C(Cc2ccncc2)c2ccccc2C1,0
CN(C)CCNC(=O)C1=C/C(=C\c2cccnc2)c2ccccc21,0
CN(C)CCNC(=O)C1=C/C(=C\c2ccncc2)c2ccccc21,0
CN(C)CCO,0
CN(C)CCOC(=O)C1=C(Cc2ccccn2)c2ccccc2C1,0
CN(C)CCOC(=O)C1=C(Cc2cccnc2)c2ccccc2C1,0
CN(C)CCOC(=O)C1=C/C(=C\c2ccccn2)c2ccccc21,0
CN(C)CCOC(=O)C1=C/C(=C\c2cccnc2)c2ccccc21,0
CN(C)CCOC(=O)C1=C/C(=C\c2ccncc2)c2ccccc21,0
CN(C)CCOC(c1ccccc1)c1ccccc1,1
CN(C)CCOC(c1ccccc1)c1ccccc1.Cn1c(=O)c2[nH]c(Cl)nc2n(C)c1=O,1
CN(C)C[C@@H]1COCC(c2ccccc2)(c2ccccc2)O1,1
CN(C)NC(=O)CCC(=O)O,0
CN(C)[C@@H]1C(O)=C(C(N)=O)C(=O)[C@@]2(O)C(O)=C3C(=O)c4c(O)cccc4[C@@](C)(O)[C@H]3C[C@@H]12,0
CN(C)[C@@H]1C(O)=C(C(N)=O)C(=O)[C@@]2(O)C(O)=C3C(=O)c4c(O)cccc4[C@@](C)(O)[C@H]3[C@H](O)[C@@H]12,0
CN(C)c1ccc(C(=O)N2CCN3C(=O)c4ccccc4C23c2ccc(Cl)cc2)cc1,1
CN(C)c1ccc(C(=O)c2ccc(N(C)C)cc2)cc1,0
CN(C)c1ccc(Cc2ccc(N(C)C)cc2)cc1,0
CN(C)c1ccc(N=NS(=O)(=O)[O-])cc1,0
CN(C)c1ccccc1,0
CN(C)c1nc(=O)n(C2CCCCC2)c(=O)n1C,0
CN(CCCN(C)CCCC(O)(c1ccccc1)c1ccccc1)CCCC(O)(c1ccccc1)c1ccccc1,1
CN(CCc1cccc(F)c1)[C@H]1C2C3CC4C2C(=O)C2C4C3C21,1
CN(CCc1ccccc1)[C@H]1C2C3CC4C2C(=O)C2C4C3C21,1
CN(C[C@@H](CC[N+]12CCC(C3CCCCC3)(CC1)CC2)c1ccc(Cl)c(Cl)c1)C(=O)c1cc(C(F)(F)F)cc(C(F)(F)F)c1,0
CN(Cc1ccccc1)[C@H]1C2C3CC4C2C(=O)C2C4C3C21,1
CN1C(=O)CC[C@H]1c1cccnc1,0
CN1C(=O)N(c2ccccc2Br)Cc2cnc(Nc3ccc4c(c3)OCC(CO)O4)nc21,0
CN1CCC(=C2c3ccccc3CC(=O)c3sccc32)CC1,1
CN1CCC(c2ccccc2)=C(C(=O)OCCCc2ccc3c(c2)CCO3)C1,1
CN1CCC(c2ccccc2)=C(C(=O)OCCc2ccc(S(C)(=O)=O)cc2)C1,1
CN1CCC(c2ccccc2)=C(C(=O)OCCc2ccc3c(c2)CCO3)C1,1
CN1CCC(c2ccccc2)=C(C(=O)OCCc2cccc3ccccc23)C1,1
CN1CCC(c2ccccc2F)=C(C(=O)OCCc2ccc3c(c2)CCO3)C1,1
CN1CCC2C(C1)c1cccc3c1N2c1ccccc1CS3,1
CN1CCC=C(c2nsnc2OCCCC2CCN(CCCN3C(=O)CCc4ccccc43)CC2)C1,1
CN1CCC=C(c2nsnc2OCCCCCCCCCC2CCN(CCCN3C(=O)CCc4ccccc43)CC2)C1,1
CN1CCC=C(c2nsnc2OCCCCCCCCCCCCO)C1,1
CN1CCCC(CN2c3ccccc3Sc3ccccc32)C1,1
CN1CCCC1=O,0
CN1CCCC1c1ccc(C(O)(c2ccccc2)C2CCCCC2)o1,1
CN1CCCC1c1ccc(C(c2ccccc2)C2CCCCC2)o1,1
CN1CCCC1c1ccc(C(c2ccccc2)c2ccccc2)o1,1
CN1CCC[C@@H]1[C@@H]1CSC(c2ccccc2)(c2ccccc2)O1,1
CN1CCC[C@@H]1[C@@H]1C[S+]([O-])C(c2ccccc2)(c2ccccc2)O1,1
CN1CCC[C@@H]1[C@@H]1C[S+]([O-])[C@@](c2ccccc2)(C2CCCCC2)O1,1
CN1CCC[C@@H]1[C@@H]1C[S+]([O-])[C@](c2ccccc2)(C2CCCCC2)O1,1
CN1CCC[C@@H]1c1ccc([C@@](O)(c2ccccc2)C2CCCCC2)o1,1
CN1CCC[C@@H]1c1ccco1,0
CN1CCC[C@H]1[C@H]1CSC(c2ccccc2)(c2ccccc2)O1,1
CN1CCC[C@H]1[C@H]1CS[C@](c2ccccc2)(C2CCCCC2)O1,1
CN1CCC[C@H]1[C@H]1C[S+]([O-])C(c2ccccc2)(c2ccccc2)O1,1
CN1CCC[C@H]1[C@H]1C[S+]([O-])[C@@](c2ccccc2)(C2CCCCC2)O1,1
CN1CCC[C@H]1[C@H]1C[S+]([O-])[C@](c2ccccc2)(C2CCCCC2)O1,1
CN1CCC[C@H]1c1ccc([C@@](O)(c2ccccc2)C2CCCCC2)o1,1
CN1CCC[C@H]1c1ccc([C@](O)(c2ccccc2)C2CCCCC2)o1,1
CN1CCC[C@H]1c1cccnc1,0
CN1CCC[C@H]1c1ccco1,0
CN1CCN(C(=O)C2=C/C(=C\c3ccncc3)c3ccccc32)CC1,0
CN1CCN(C(=O)[C@@](F)(Cc2ccccc2)c2ccccc2)CC1,1
CN1CCN(C(c2ccccc2)c2ccccc2)CC1,1
CN1CCN(C2=Nc3cc(Cl)ccc3Nc3ccccc32)CC1,1
CN1CCN(CC(=O)N2c3ccccc3C(=O)Nc3cccnc32)CC1,1
CN1CCN(CCCN2c3ccccc3Sc3ccc(Cl)cc32)CC1,1
CN1CCN(c2ccccc2/C=C2\SCCN(c3ccc(Cl)c(Cl)c3)C2=O)CC1,0
CN1CCc2c(c3cccc4c3n2-c2ccccc2CC4)C1,1
CN1COCN(Cc2cnc(Cl)s2)C1=N[N+](=O)[O-],0
CN1[C@H]2CC[C@@H]1CC(OC(=O)[C@H](CO)c1ccccc1)C2,1
CN1[C@H]2CC[C@@H]1C[C@H](OC(=O)C(O)c1ccccc1)C2,1
CN1[C@H]2CC[C@@H]1C[C@H](OC(=O)c1c[nH]c3ccccc13)C2,1
CN1[C@H]2C[C@H](OC(=O)[C@H](CO)c3ccccc3)C[C@@H]1[C@@H]1O[C@H]12,1
CN=C=S,0
CNC(=O)/C=C(\C)OP(=O)(OC)OC,0
CNC(=O)CSP(=S)(OC)OC,0
CNC(=O)N(C)c1nnc(C(C)(C)C)s1,0
CNC(=O)ON=C(C)SC,0
CNC(=O)ON=CC(C)(C)SC,0
CNC(=O)Oc1cccc(N=CN(C)C)c1,0
CNC(=O)Oc1cccc2c1OC(C)(C)O2,0
CNC(=O)Oc1cccc2ccccc12,0
CNC(=O)Oc1ccccc1OC(C)C,0
CNC(=O)[C@H]1O[C@@H](n2cnc3c(NCc4cc(Cl)ccc4OCc4cc(C)no4)ncnc32)[C@H](O)[C@@H]1N,0
CNC(=S)[S-],0
CNC(C)=O,0
CNCCC(Oc1ccc(C(F)(F)F)cc1)c1ccccc1,1
CNCCC=C1c2ccccc2CCc2ccccc21,1
CNCCCC12CCC(c3ccccc31)c1ccccc12,1
CNCc1cc(F)ccc1Oc1ccc(Cl)c(Cl)c1,0
CNCc1ccc(NC(=O)c2c[nH]c3c2C(=O)CCC3)cc1,0
CNS(=O)(=O)c1cc(C(=O)N2CCC(CCN3C4CCC3CC(n3c(C)nc5ccccc53)C4)(c3cccc(F)c3)CC2)c(Cl)cc1F,1
CN[C@H]1CC[C@@H](c2ccc(Cl)c(Cl)c2)c2ccc(S(N)(=O)=O)cc21,0
CNc1cnn(-c2cccc(C(F)(F)F)c2)c(=O)c1Cl,0
CO/C=C(/C(=O)OC)c1ccccc1Oc1cc(Oc2ccccc2C#N)ncn1,0
CO/N=C(/C1=NOCCO1)c1ccccc1Oc1ncnc(Oc2ccccc2Cl)c1F,0
CO/N=C(\C#N)[C@H]1CN2CCC1CC2,1
CO/N=C/C1=CCCN(C)C1,1
COC(=O)C(C)Oc1ccc(Oc2ccc(Cl)cc2Cl)cc1,0
COC(=O)C1=CCCN(C)C1,0
COC(=O)CC(=O)OC,0
COC(=O)CCC(=O)OC,0
COC(=O)CCCC(=O)OC,0
COC(=O)CCCCC(=O)OC,0
COC(=O)CSc1cc(/N=c2\sc(=O)n3n2CCCC3)c(F)cc1Cl,0
COC(=O)N(C(=O)N1CO[C@@]2(C(=O)OC)Cc3cc(Cl)ccc3C2=N1)c1ccc(OC(F)(F)F)cc1,0
COC(=O)NC(=S)Nc1ccccc1NC(=S)NC(=O)OC,0
COC(=O)NS(=O)(=O)c1ccc(N)cc1,0
COC(=O)Nc1nc2ccccc2[nH]1,0
COC(=O)[C@H]1[C@H]2C[C@@H]3c4[nH]c5cc(OC)ccc5c4CCN3C[C@H]2C[C@@H](OC(=O)c2cc(OC)c(OC)c(OC)c2)[C@@H]1OC,0
COC(=O)c1c(C(F)F)nc(C(F)(F)F)c(C2=NCCS2)c1CC(C)C,0
COC(=O)c1c(C)[nH]c2ccc3c(c12)CN1CCc2cc(OC)ccc2C1O3,1
COC(=O)c1c(C)n(C)c2ccc3c(c12)CN1CCc2cc(OC)ccc2C1O3,1
COC(=O)c1c(Cl)c(Cl)c(C(=O)OC)c(Cl)c1Cl,0
COC(=O)c1ccc(C(=O)OC)cc1,0
COC(=O)c1ccc(CNS(C)(=O)=O)cc1S(=O)(=O)NC(=O)Nc1nc(OC)cc(OC)n1,0
COC(=O)c1ccc(I)cc1S(=O)(=O)[N-]C(=O)Nc1nc(C)nc(OC)n1,0
COC(=O)c1ccccc1C(=O)O,0
COC(=O)c1ccccc1C(=O)OC,0
COC(=O)c1ccccc1CS(=O)(=O)NC(=O)Nc1nc(OC)cc(OC)n1,0
COC(=O)c1ccccc1N,0
COC(=O)c1ccccc1O,0
COC(=O)c1ccccc1S(=O)(=O)NC(=O)N(C)c1nc(C)nc(OC)n1,0
COC(=O)c1ccccc1S(=O)(=O)NC(=O)Nc1nc(OC(F)F)cc(OC(F)F)n1,0
COCC(=O)N(c1c(C)cccc1C)C(C)C(=O)OC,0
COCC(C)N(C(=O)CCl)c1c(C)csc1C,0
COCC(C)O,0
COCCO,0
COCCOCCOCCOC,0
COCCOC[C@H](CC1(C(=O)N[C@H]2CC[C@@H](C(=O)O)CC2)CCCC1)C(=O)Oc1ccc2c(c1)CCC2,0
COCCO[C@H]1CC[C@](C)(N2CCC(n3c(=O)oc4ccc(C#N)cc43)CC2)CC1,1
COCCO[C@H]1CC[C@](C)(N2CCC(n3c(=O)oc4ccc(C)cc43)CC2)CC1,1
COCCOc1cc2cc(C(=O)NC3CCN(C(C)C)CC3)n(CC(=O)Nc3ccc(Cl)cn3)c2cn1,1
COCc1cnc(C2=NC(C)(C(C)C)C(=O)N2)c(C(=O)O)c1,0
CON(C)C(=O)Nc1ccc(Cl)c(Cl)c1,0
CON=C(C(=O)OC)c1ccccc1CON=C(C)c1cccc(C(F)(F)F)c1,0
COP(=O)(NC(C)=O)SC,0
COP(=O)(OC)C(O)C(Cl)(Cl)Cl,0
COP(=O)(OC)O/C(C)=C/C(=O)N(C)C,0
COP(=O)(OC)OC(Br)C(Cl)(Cl)Br,0
COP(=O)(OC)OC=C(Cl)Cl,0
COP(=S)(OC)Oc1ccc(SC)c(C)c1,0
COP(=S)(OC)Oc1ccc([N+](=O)[O-])c(C)c1,0
COP(=S)(OC)Oc1nc(Cl)c(Cl)cc1Cl,0
COP(=S)(OC)SCN1C(=O)c2ccccc2C1=O,0
COP(=S)(OC)SCn1nnc2ccccc2c1=O,0
COP(N)(=O)SC,0
COS(=O)(=O)OC,0
COS(=O)(=O)[O-].Cn1c(-c2ccccc2)cc(-c2ccccc2)[n+]1C,0
COS(C)(=O)=O,0
CO[C@@H]1COCC[C@@H]1[NH2+][C@@H]1CC[C@@](C(=O)N2CCc3ncc(C(F)(F)F)cc3C2)(C(C)C)C1.O=C([O-])CCC(=O)O,0
CO[C@H]1CC[C@](C)(N2CCC(N3C(=O)Cc4ccc(C)cc43)CC2)CC1,1
CO[C@H]1CC[C@](C)(N2CCC(n3c(=O)oc4ccc(C)cc43)CC2)CC1,1
CO[C@H]1[C@H]([C@@]2(C)O[C@@H]2CC=C(C)C)[C@]2(CC[C@H]1OC(=O)NC(=O)CCl)CO2,0
COc1c(Cl)ccc(Cl)c1C(=O)O,0
COc1cc(-c2nc(NC(=O)c3cc4cc(C)cc(C)c4n3CC(=O)O)sc2CCC2CCCCC2)c(OC)cc1Cl,0
COc1cc(C(=O)NC2CCN(C)CC2)ccc1Nc1ncc2c(n1)N(C1CCCC1)CC(F)(F)C(=O)N2C,1
COc1cc(C(C)C)c2c(c1)S(=O)(=O)N(COc1cc(=O)n3cccc(OCCN4CCCCC4)c3n1)C2=O,1
COc1cc(C23c4ccccc4C(=O)N2CCN3C(=O)c2cc(F)c(F)c(F)c2)ccc1C,1
COc1cc(C23c4ccccc4C(=O)N2CCN3C(=O)c2cc(F)c(F)c(F)c2)ccc1Cl,1
COc1cc(C23c4ccccc4C(=O)N2CCN3C(=O)c2cc(F)c(F)c(F)c2)ccc1F,1
COc1cc(C23c4ccccc4C(=O)N2CCN3C(=O)c2ccc(F)c(F)c2)ccc1C,1
COc1cc(C23c4ccccc4C(=O)N2CCN3C(=O)c2ccc(F)c(F)c2)ccc1Cl,1
COc1cc(C23c4ccccc4C(=O)N2CCN3C(=O)c2ccc(OC(C)C)cc2)ccc1C,1
COc1cc(C23c4ccccc4C(=O)N2CCN3C(=O)c2ccc(OC(C)C)cc2)ccc1Cl,1
COc1cc(C23c4ccccc4C(=O)N2CCN3C(=O)c2ccc(OC(C)C)cc2)ccc1F,1
COc1cc(C=O)ccc1O,0
COc1cc(OC)nc(NC(=O)NS(=O)(=O)c2cc(NC=O)ccc2C(=O)N(C)C)n1,0
COc1cc(S(=O)(=O)[O-])c(C)cc1/N=N/c1c(O)ccc2cc(S(=O)(=O)[O-])ccc12,1
COc1cc2c(cc1OC)C1Oc3ccc4[nH]c(C)cc4c3CN1CC2,0
COc1ccc(-c2ccccc2)cc1NNC(=O)OC(C)C,0
COc1ccc(-n2nc(C(F)F)cc2-c2ccc(S(C)=O)cc2)cc1,0
COc1ccc(/C=C/S(=O)(=O)[N-]C(=O)c2ccc(C)cc2Cl)cc1,0
COc1ccc(C(=O)Nc2nc3ccccc3c(NCc3ccccc3)c2C#N)cc1,0
COc1ccc(C(c2ccc(OC)cc2)C(Cl)(Cl)Cl)cc1,0
COc1ccc(C)cc1N,0
COc1ccc(C23c4ccccc4C(=O)N2CCN3C(=O)c2cc(F)c(F)c(F)c2)cc1C,1
COc1ccc(C23c4ccccc4C(=O)N2CCN3C(=O)c2ccc(F)c(F)c2)cc1,1
COc1ccc(C23c4ccccc4C(=O)N2CCN3C(=O)c2ccc(F)c(F)c2)cc1Cl,1
COc1ccc(C23c4ccccc4C(=O)N2CCN3C(=O)c2ccc(F)c(F)c2)cc1F,1
COc1ccc(C23c4ccccc4C(=O)N2CCN3C(=O)c2ccc(OC(C)C)cc2)cc1C,1
COc1ccc(C23c4ccccc4C(=O)N2CCN3C(=O)c2ccc(OC(C)C)cc2)cc1F,1
COc1ccc(CC(=O)NC2CCN(CCCN3C(=O)CCc4cc(F)c(F)cc43)CC2)cc1OC,1
COc1ccc(CCC(=O)NCC2(c3ccccc3)CCN(C)CC2)cc1,1
COc1ccc(CCC(=O)OCC2(c3ccccc3)CCN(C)CC2)cc1,1
COc1ccc(CCC(=O)OCC2(c3ccccc3)CCN(C)CC2)cc1OC,1
COc1ccc(CCCCOC(=O)C2=C(c3ccccc3)CCN(C)C2)cc1,1
COc1ccc(CCNC(=O)NCC2(c3ccccc3)CCN(C)CC2)cc1,1
COc1ccc(CCNC(=O)OCC2(c3ccccc3)CCN(C)CC2)cc1OC,1
COc1ccc(CCOC(=O)C2(c3ccccc3)CCN(C)CC2)cc1,1
COc1ccc(CCOC(=O)C2(c3ccccc3)CCN(C)CC2)cc1OC,1
COc1ccc(CCOC(=O)C2=C(c3cccc(F)c3)CCN(C)C2)cc1OC,1
COc1ccc(CCOC(=O)C2=C(c3ccccc3)CCN(C)C2)cc1,1
COc1ccc(CCOC(=O)C2=C(c3ccccc3)CCN(C)C2)cc1C,1
COc1ccc(CCOC(=O)NCC2(c3ccccc3)CCN(C)CC2)cc1,1
COc1ccc(CN2C(=O)C(=O)c3cccc(Cl)c32)cc1,1
COc1ccc(CN2C(=O)C(O)(C[N+](=O)[O-])c3cc(OC(F)(F)F)ccc32)cc1,1
COc1ccc(CN2C(=O)C(O)(c3ccc(F)nc3)c3cc(OC(F)(F)F)ccc32)cc1,1
COc1ccc(CN2C3C4C5CC6C7C5C3C7C2(O)C64)cc1,1
COc1ccc(CN2C3C4C5CC6C7C5C3C7C2(O)C64)cc1OC,1
COc1ccc(OC(F)(F)F)cc1CN[C@H]1CCCN[C@H]1c1ccccc1,1
COc1ccc(OCCN2C(=O)C(=O)c3cc(OC(F)(F)F)ccc32)cc1,1
COc1ccc(S(=O)(=O)N2C(=O)[C@@](c3ccccc3OC)(N3C[C@H](O)C[C@H]3C(=O)N(C)C)c3cc(Cl)ccc32)c(OC)c1,0
COc1ccc([C@@]23c4ccccc4C(=O)N2CCN3C(=O)c2cc(F)c(F)c(F)c2)cc1C,1
COc1ccc([N+](=O)[O-])cc1N,0
COc1ccc([S+]([O-])c2ccc(C(C#N)N3CCN(C4CCCCC4)CC3)cc2)cc1,1
COc1ccc([S+]([O-])c2ccc(C(C)C3CCN(C4CCCCC4)CC3)cc2)cc1,1
COc1ccc2c(c1)C(C(C)c1ccccn1)=C(CCN(C)C)C2,1
COc1ccc2c(c1)CC(CCN(C)C)=C2C(C)c1ccccn1,1
COc1ccc2c(c1)CCN1Cc3c(ccc4[nH]c(C)c(-c5nc(C)no5)c34)OC21,1
COc1ccc2c(c1)CCN1Cc3c(ccc4[nH]c(C)c(C(=O)OCc5ccccc5)c34)OC21,1
COc1ccc2c(c1)CCN1Cc3c(ccc4[nH]c(C)cc34)OC21,0
COc1ccc2c(c1)c(CC(=O)O)c(C)n2C(=O)c1ccc(Cl)cc1,0
COc1ccc2sc(C(=O)Nc3nnn[n-]3)c(OC(C)C)c2c1,0
COc1cccc(-c2ccc(/C=C\CN3CCCCCC3)cc2Cl)c1,1
COc1cccc(C#CCO/N=C2\CN3CCC2C3)c1,1
COc1cccc(C#CCO/N=C2\CN3CC[C@@H]2C3)c1,1
COc1cccc(C(=O)N2CCN3C(=O)c4ccccc4C23c2ccc(Cl)cc2)c1,1
COc1cccc(C(=O)NN(C(=O)c2cc(C)cc(C)c2)C(C)(C)C)c1C,0
COc1cccc(C23c4ccccc4C(=O)N2CCN3C(=O)c2ccc(F)c(F)c2)c1,1
COc1cccc(C2=C(C(=O)OCCc3ccc4c(c3)CCO4)CN(C)CC2)c1,1
COc1cccc(Oc2ccc(CN3C(=O)C(=O)c4cc(OC(F)(F)F)ccc43)cc2)n1,1
COc1cccc([C@H](O)C2CCN(CCc3ccc(F)cc3)CC2)c1OC,1
COc1ccccc1-c1ccc(CN2C(=O)C(=O)c3cc(OC(F)(F)F)ccc32)cc1,1
COc1ccccc1C(=O)N1CCN2C(=O)c3ccccc3C12c1ccc(Cl)cc1,1
COc1ccccc1C12c3ccccc3C(=O)N1CCN2C(=O)c1ccc(F)c(F)c1,1
COc1ccccc1C1=C(C(=O)OCCc2ccc3c(c2)CCO3)CN(C)CC1,1
COc1ccccc1CCN1C2C3C4CC5C6C4C2C6C1(O)C53,1
COc1ccccc1CN1C2C3C4CC5C6C4C2C6C1(O)C53,1
COc1ccccc1N,0
COc1cnc(OC)n2nc(NS(=O)(=O)c3c(OCC(F)F)cccc3C(F)(F)F)nc12,0
COc1nc(C)nc(NC(=O)NS(=O)(=O)c2ccccc2CCC(F)(F)F)n1,0
COc1nc(C)nc(NC(=O)NS(=O)(=O)c2ccccc2Cl)n1,0
COc1nc(C)nc(NC(=O)NS(=O)(=O)c2ccccc2OCCCl)n1,0
COc1nc(NC(C)C)nc(NC(C)C)n1,0
COc1nn(CSP(=S)(OC)OC)c(=O)s1,0
COc1noc2c1CNCCC2,1
COc1nsc(OCCCOCCCOCCCOc2nsnc2-c2cccnc2)n1,1
COc1nsc(OCCOCCOCCOCCOc2nsnc2C2C=CCCN2C)n1,1
COc1nsnc1OCCCCCCCCCCCCOc1nsnc1C1=CCCN(C)C1,1
COc1nsnc1OCCCOCCCOCCCOc1nsnc1-c1cccnc1,1
COc1nsnc1OCCOCCOCCOCCOc1nsnc1C1=CCCN(C)C1,0
COc1nsnc1OCCOCCOCCOc1nsnc1C1=CCCN(C)C1,1
COc1nsnc1OCCOCCOc1nsnc1C1=CCCN(C)C1,1
CS(=O)(=O)OCCCCOS(C)(=O)=O,0
CS(=O)(=O)c1ccc([C@@H](CC2CCCC2)C(=O)Nc2cnccn2)cc1Cl,0
CS(=O)(=O)c1ccc([C@@H](C[C@H]2CCC(=O)C2)C(=O)Nc2cnccn2)cc1Cl,0
CS/C(C)=N/OC(=O)N(C)SN(C)C(=O)O/N=C(\C)SC,0
CSC(=O)c1c(C(F)F)nc(C(F)(F)F)c(C(=O)SC)c1CC(C)C,0
CSC(=O)c1cccc2nnsc12,0
CSC(C)(C)C=NO,0
CSC1=N[C@@](C)(c2ccccc2)C(=O)N1Nc1ccccc1,0
CSc1ccc(Oc2ccc(S(N)(=O)=O)cc2CN(C)C)cc1C,0
CSc1ccc2c(c1)C(C(C)c1ccccn1)=C(CCN(C)C)C2,1
CSc1nc(NC(C)C)nc(NC(C)C)n1,0
CSc1nnc(C(C)(C)C)c(=O)n1N,0
CSc1nsnc1C1=CCCN(C)C1,1
C[As](C)(=O)O,0
C[C@@H]1CCCN1CCc1cc2cc(C(=O)c3ccc(F)cc3)ccc2o1,1
C[C@@H]1COC[C@@H](C[N+](C)(C)C)O1,0
C[C@@H]1COC[C@H](C[N+](C)(C)C)O1,0
C[C@@H]1OC(=O)[C@H]2C[C@H]3CCCC[C@@H]3[C@@H](/C=C/[C@H]3CCC[C@H](C)N3C)[C@@H]12,1
C[C@@H]1OC[C@@H](C[N+](C)(C)C)OC1(C)C,0
C[C@@H]1O[C@H](C[N+](C)(C)C)COC1(C)C,0
C[C@@H]1O[C@H](C[N+](C)(C)C)CO[C@@H]1C,0
C[C@@H]1O[C@H](C[N+](C)(C)C)C[C@H]1O,1
C[C@@H]1O[C@H]([C@@H]2CCCN2C)C[S+]1[O-],0
C[C@@H]1O[C@H]([C@@H]2CCC[N+]2(C)C)CS1,0
C[C@@H]1O[C@H]([C@@H]2CCC[N+]2(C)C)C[S+]1[O-],0
C[C@@H]1O[C@H]([C@H]2CCCN2C)C[S+]1[O-],0
C[C@@H]1O[C@H]([C@H]2CCC[N+]2(C)C)CS1,0
C[C@@H]1O[C@H]([C@H]2CCC[N+]2(C)C)C[S+]1[O-],0
C[C@H](C1=C(CCN(C)C)Cc2ccccc21)c1ccccn1,1
C[C@H]1CNCC[C@@H]1CNC(=O)c1c(F)cccc1-c1cccc(Cl)c1,1
C[C@H]1CNCC[C@]1(F)CNC(=O)c1c(F)cccc1-c1cccc(Cl)c1,1
C[C@H]1COC[C@@H](C[N+](C)(C)C)O1,0
C[C@H]1COC[C@H](C[N+](C)(C)C)O1,0
C[C@H]1CO[C@H](C[N+](C)(C)C)CO1,0
C[C@H]1C[C@H](C)C(=O)[C@H]([C@H](O)CC2CC(=O)NC(=O)C2)C1,0
C[C@H]1C[C@H]2[C@@H]3CCC4=CC(=O)C=C[C@]4(C)[C@@]3(F)[C@@H](O)C[C@]2(C)[C@@]1(O)C(=O)COP(=O)(O)O,1
C[C@H]1OC[C@@H](C[N+](C)(C)C)O1,0
C[C@H]1OC[C@@H](C[N+](C)(C)C)OC1(C)C,0
C[C@H]1OC[C@@H]([C@@H]2CCC[N+]2(C)C)O1,0
C[C@H]1O[C@@H]([C@@H]2CCCN2C)C[S+]1[O-],0
C[C@H]1O[C@@H]([C@@H]2CCC[N+]2(C)C)CS1,0
C[C@H]1O[C@@H]([C@@H]2CCC[N+]2(C)C)C[S+]1[O-],0
C[C@H]1O[C@@H]([C@H]2CCCN2C)C[S+]1[O-],0
C[C@H]1O[C@@H]([C@H]2CCC[N+]2(C)C)CS1,0
C[C@]1(O)CC[C@H]2[C@@H]3CCC4=CC(=O)CC[C@]4(C)[C@H]3CC[C@@]21C,0
C[C@]12C=CC3=C4CCC(=O)C=C4CC[C@H]3[C@@H]1CC[C@@H]2O,0
C[C@]12CC(=O)[C@H]3[C@@H](CCC4=CC(=O)C=C[C@@]43C)[C@@H]1CC[C@]2(O)C(=O)CO,0
C[C@]12CC[C@@H]3c4ccc(O)cc4CC[C@H]3[C@@H]1CCC2=O,0
C[C@]12CC[C@@H]3c4ccc(O)cc4CC[C@H]3[C@@H]1CC[C@@H]2O,0
C[C@]12CC[C@@H]3c4ccc(O)cc4CC[C@H]3[C@@H]1CC[C@H]2O,0
C[C@]12CC[C@@H]3c4ccc(O)cc4C[C@@H](CCCCCCCCCS(=O)CCCC(F)(F)C(F)(F)F)[C@H]3[C@@H]1CC[C@@H]2O,0
C[C@]12CC[C@H]3[C@@H](CCC4=CC(=O)CC[C@@]43C)[C@@H]1CCC2=O,0
C[C@]12CC[C@H]3[C@@H](CC[C@H]4CC(=O)CC[C@@]43C)[C@@H]1CC[C@@H]2O,0
C[C@]12C[C@H](O)[C@@]3(F)[C@@H](CCC4=CC(=O)C=C[C@@]43C)[C@@H]1C[C@@H](O)[C@]2(O)C(=O)CO,0
C[C@]12C[C@H](O)[C@H]3[C@@H](CCC4=CC(=O)CC[C@@]43C)[C@@H]1CC[C@@H]2C(=O)CO,0
C[N+](C)(C)CC#CCN1CCCC1=O,1
C[N+](C)(C)CC#CCOC(=O)Nc1ccc(Cl)cc1,1
C[N+](C)(C)CC#CCOC(=O)Nc1cccc(Cl)c1,1
C[N+](C)(C)CC1CO1,0
C[N+](C)(C)CC1COCC(c2ccccc2)(c2ccccc2)O1,1
C[N+](C)(C)CCCCCC[N+](C)(C)CC#CCOC1=NOCC1,1
C[N+](C)(C)CCCCCC[N+]1(C)[C@@H]2CC[C@@H]1CC(OC(=O)C(CO)c1ccccc1)C2,1
C[N+](C)(C)CCCCCC[N+]1(C)[C@H]2C[C@@H](OC(=O)[C@H](CO)c3ccccc3)C[C@@H]1[C@H]1O[C@@H]21,1
C[N+](C)(C)CCOC(N)=O,0
C[N+](C)(C)C[C@@H]1COCC(c2ccccc2)(c2ccccc2)O1,1
C[N+](C)(C)C[C@@H]1COCCO1,0
C[N+](C)(C)C[C@@H]1COC[C@@H](C(c2ccccc2)c2ccccc2)O1,0
C[N+](C)(C)C[C@@H]1COC[C@@H](c2ccccc2)O1,0
C[N+](C)(C)C[C@@H]1COC[C@H](C(c2ccccc2)c2ccccc2)O1,1
C[N+](C)(C)C[C@@H]1COC[C@H](c2ccccc2)O1,0
C[N+](C)(C)C[C@@H]1CS[C@@](c2ccccc2)(C2CCCCC2)O1,1
C[N+](C)(C)C[C@@H]1C[S+]([O-])[C@@](c2ccccc2)(C2CCCCC2)O1,1
C[N+](C)(C)C[C@H]1COCC(c2ccccc2)(c2ccccc2)O1,1
C[N+](C)(CC#CCOC1=NOCC1)CCCCCC[N+](C)(C)CCCN1C(=O)c2ccccc2C1=O,0
C[N+](C)(CCCC(O)(c1ccccc1)c1ccccc1)CCC[N+](C)(C)CCCC(O)(c1ccccc1)c1ccccc1,1
C[N+](C)(CCCCCC[N+]1(C)[C@H]2C[C@@H](OC(=O)[C@H](CO)c3ccccc3)C[C@@H]1[C@H]1O[C@@H]21)CCCN1C(=O)c2ccccc2C1=O,1
C[N+]1(C)CCC(C2CC[N+](C)(CCCC(O)(c3ccccc3)c3ccccc3)CC2)CC1,0
C[N+]1(C)CCC(OC(=O)C(O)(c2ccccc2)C2CCCC2)C1,1
C[N+]1(C)CCC(OC(=O)C(c2ccccc2)c2ccccc2)CC1,1
C[N+]1(C)CCCC1c1ccc(C(O)(c2ccccc2)C2CCCCC2)o1,1
C[N+]1(C)CCCC1c1ccc(C(O)(c2ccccc2)c2ccccc2)o1,1
C[N+]1(C)CCCC1c1ccc(C(c2ccccc2)C2CCCCC2)o1,1
C[N+]1(C)CCCC1c1ccc(C(c2ccccc2)c2ccccc2)o1,1
C[N+]1(C)CCCC1c1ccco1,1
C[N+]1(C)CCCCC1,0
C[N+]1(C)CCC[C@@H]1[C@@H]1CSC(c2ccccc2)(c2ccccc2)O1,1
C[N+]1(C)CCC[C@@H]1[C@@H]1CS[C@](c2ccccc2)(C2CCCCC2)O1,1
C[N+]1(C)CCC[C@@H]1[C@@H]1C[S+]([O-])C(c2ccccc2)(c2ccccc2)O1,1
C[N+]1(C)CCC[C@@H]1[C@@H]1C[S+]([O-])[C@@](c2ccccc2)(C2CCCCC2)O1,1
C[N+]1(C)CCC[C@@H]1[C@@H]1C[S+]([O-])[C@](c2ccccc2)(C2CCCCC2)O1,1
C[N+]1(C)CCC[C@@H]1c1ccc([C@@](O)(c2ccccc2)C2CCCCC2)o1,1
C[N+]1(C)CCC[C@@H]1c1ccc([C@](O)(c2ccccc2)C2CCCCC2)o1,1
C[N+]1(C)CCC[C@@H]1c1ccco1,0
C[N+]1(C)CCC[C@H]1[C@H]1CSC(c2ccccc2)(c2ccccc2)O1,1
C[N+]1(C)CCC[C@H]1[C@H]1CS[C@@](c2ccccc2)(C2CCCCC2)O1,1
C[N+]1(C)CCC[C@H]1[C@H]1C[S+]([O-])C(c2ccccc2)(c2ccccc2)O1,1
C[N+]1(C)CCC[C@H]1[C@H]1C[S+]([O-])[C@@](c2ccccc2)(C2CCCCC2)O1,1
C[N+]1(C)CCC[C@H]1[C@H]1C[S+]([O-])[C@](c2ccccc2)(C2CCCCC2)O1,1
C[N+]1(C)CCC[C@H]1c1ccco1,0
C[N+]1(C)[C@H]2C[C@H](OC(=O)C(O)(c3cccs3)c3cccs3)C[C@@H]1[C@H]1O[C@@H]21,1
C[N+]1(C)[C@H]2C[C@H](OC(=O)[C@H](CO)c3ccccc3)C[C@H]1[C@H]1O[C@@H]21,1
C[N+]1(CC#CCOC2=NOCC2)CCc2ccccc2C1,1
C[N+]1(CCCC(O)(c2ccccc2)c2ccccc2)CCCCC1,1
C[N+]1(CCCC(O)(c2ccccc2)c2ccccc2)CCN(CCCC(O)(c2ccccc2)c2ccccc2)CC1,1
C[N+]1(CCCC(O)(c2ccccc2)c2ccccc2)CCN(c2ccccc2)CC1,1
C[Si]1(C)O[Si](C)(C)O[Si](C)(C)O[Si](C)(C)O1,0
Cc1[nH]c(=O)n(C(C)(C)C)c(=O)c1Cl,0
Cc1[nH]cnc1C[C@H]1CCc2c(C)c3ccccc3n2C1=O,1
Cc1[nH]nc2c1N=C(c1ccccc1Cl)c1cc([N+](=O)[O-])ccc1N2,0
Cc1c(-c2cccnc2)c2ccccc2n1CCCCC(=O)O,0
Cc1c(C(=O)O)c(O)cc2c1C(=O)c1c(O)c([C@@H]3O[C@H](CO)[C@@H](O)[C@H](O)[C@H]3O)c(O)c(O)c1C2=O,0
Cc1c(COC(=O)[C@H]2[C@@H](/C=C(\Cl)C(F)(F)F)C2(C)C)cccc1-c1ccccc1,0
Cc1c(F)c(F)c(COC(=O)C2C(/C=C(\Cl)C(F)(F)F)C2(C)C)c(F)c1F,0
Cc1c(NC2CC2)nc(C2CC2)nc1N1CCCCCC1,1
Cc1c(O)cccc1C(=O)N[C@@H](CSc1ccccc1)[C@H](O)CN1C[C@H]2CCCC[C@H]2C[C@H]1C(=O)NC(C)(C)C,0
Cc1cc(=O)[nH]c(=S)[nH]1,0
Cc1cc(C(C)(C)C)c(O)c(C)c1CC1=NCCN1,1
Cc1cc(C)cc(C)c1,0
Cc1cc(C)nc(NC(=O)NS(=O)(=O)c2ccccc2C(=O)OC2COC2)n1,0
Cc1cc(C)nc(Nc2ccccc2)n1,0
Cc1cc(C2CC2)nc(Nc2ccccc2)n1,0
Cc1cc(CCN2CCN(c3nsc4ccccc34)CC2)cc2c1NC(=O)CC2(C)C,0
Cc1cc(Cc2ccc(N)c(C)c2)ccc1N,0
Cc1cc(Cl)ccc1OCC(=O)O,0
Cc1cc(F)ccc1-c1cc(N2CC[C@@H](O)[C@H]2CO)ncc1N(C)C(=O)C(C)(C)c1cc(C(F)(F)F)cc(C(F)(F)F)c1,1
Cc1cc(N=Nc2ccccc2C)ccc1N,0
Cc1cc(O)ccc1Cl,0
Cc1cc(OCC#CC[N+](C)(C)C)no1,1
Cc1cc(SC2=C(O)C[C@@](CCc3ccc(N)cc3)(C(C)C)OC2=O)c(C(C)(C)C)cc1CO,0
Cc1cc([N+](=O)[O-])cc([N+](=O)[O-])c1O,0
Cc1cc2c(cc1C(F)(F)F)N(C(=O)Nc1ccc(Oc3cccnc3C)nc1)CC2,0
Cc1cc2c(s1)Nc1ccccc1N=C2N1CCN(C)CC1,1
Cc1cc2c3c(c1)C(c1ccccc1)=N[C@@H](NC(=O)c1ccncc1)C(=O)N3CC2,0
Cc1ccc(-c2c(Cl)nc(C#N)n2S(=O)(=O)N(C)C)cc1,0
Cc1ccc(C(=O)N2CCN3C(=O)c4ccccc4C23c2ccc(Cl)cc2)cc1,1
Cc1ccc(C(C)(C)C)c(O)c1,0
Cc1ccc(C(C)C)c(O)c1,0
Cc1ccc(C)c(O)c1,0
Cc1ccc(C)c(O)c1C,0
Cc1ccc(C23c4ccccc4C(=O)N2CCN3C(=O)c2ccc(F)c(F)c2)cc1,1
Cc1ccc(C23c4ccccc4C(=O)N2CCN3C(=O)c2ccc(OC(F)(F)F)cc2)cc1,1
Cc1ccc(C2CCCN2C)o1,0
Cc1ccc(C2CCC[N+]2(C)C)o1,1
Cc1ccc(C[N+](C)(C)C)o1,1
Cc1ccc(Cl)cc1,0
Cc1ccc(N(C)C)cc1,0
Cc1ccc(N)c(N)c1,0
Cc1ccc(N)cc1,0
Cc1ccc(N)cc1N,0
Cc1ccc(N)cc1O,0
Cc1ccc(O)c(C)c1,0
Cc1ccc(O)c([C@H](CCN(C(C)C)C(C)C)c2ccccc2)c1,1
Cc1ccc(O)cc1C,0
Cc1ccc(OCCN2C(=O)C(=O)c3cc(OC(F)(F)F)ccc32)cc1,1
Cc1ccc(S(=O)(=O)NC(=O)NN2CCCCCC2)cc1,0
Cc1ccc([C@@H]2CCCN2)o1,0
Cc1ccc([C@@H]2CCC[N+]2(C)C)o1,1
Cc1ccc([C@H]2CCCN2)o1,0
Cc1ccc([C@H]2CCCN2C)o1,0
Cc1ccc([C@H]2CCC[N+]2(C)C)o1,1
Cc1ccc([N+](=O)[O-])cc1,0
Cc1ccc([N+](=O)[O-])cc1N,0
Cc1ccc2[nH]c(=O)n(C3CCN(C4CCOCC4)CC3)c2c1,1
Cc1ccc2c(-c3nnc(SCCCN4CCc5ccc(-c6cc(C)nn6C)cc5CC4)n3C)cccc2n1,1
Cc1ccc2c(c1)C(C(C)c1ccccn1)=C(CCN(C)C)C2,1
Cc1ccc2c(c1)CC(CCN(C)C)=C2C(C)c1ccccn1,1
Cc1ccc2ncccc2c1,0
Cc1ccc2oc(CN(Cc3ccccc3)C(=O)Nc3c(F)cc(F)cc3F)c(-c3ccc(Cl)cc3)c2c1,0
Cc1ccc2oc(N3CCN4CCC3CC4)nc2n1,1
Cc1cccc(C)c1N,0
Cc1cccc(C)c1O,0
Cc1cccc(CCOC(=O)C2=C(c3ccccc3)CCN(C)C2)c1,1
Cc1cccc(N)c1,0
Cc1cccc(N)c1N,0
Cc1cccc(Nc2cc(Cl)nc(SCC(=O)O)n2)c1C,0
Cc1cccc(OCCN2C(=O)C(=O)c3cc(OC(F)(F)F)ccc32)c1,1
Cc1cccc([N+](=O)[O-])c1C,0
Cc1cccc2ccccc12,0
Cc1ccccc1C(OCCN(C)C)c1ccccc1,1
Cc1ccccc1CN1C(=O)C(=O)c2cc(OC(F)(F)F)ccc21,1
Cc1ccccc1CN1CCC(N2CCC(n3c(=O)[nH]c4ccccc43)CC2)CC1,1
Cc1ccccc1Cl,0
Cc1ccccc1N,0
Cc1ccccc1[N+](=O)[O-],0
Cc1ccn2nc(S(=O)(=O)Nc3c(F)cccc3F)nc2n1,0
Cc1cn([C@H]2C=C[C@@H](CO)O2)c(=O)[nH]c1=O,0
Cc1cn([C@H]2C[C@H](N=[N+]=[N-])[C@@H](CO)O2)c(=O)[nH]c1=O,0
Cc1cnc(C2=NC(=O)C(C)(C(C)C)N2)c(C(=O)O)c1,0
Cc1nc(-c2ccccn2)ncc1C(=O)Nn1cc(C)c2cc(F)ccc21,0
Cc1nc(N(C)C)nc(OC(=O)N(C)C)c1C,0
Cc1ncc(CO)c(CO)c1O,0
Cc1ncc([C@@H](CCCCCCc2ccc3c(n2)NCCC3)CC(=O)O)cn1,0
Cc1nccn1-c1ccc(Sc2cccc(C3(C(N)=O)CCOCC3)c2)cc1,1
Cc1nccn1CC#CCN1CCCC1=O,1
Cc1nccn1CC#CCOc1ccon1,1
Cc1nn(-c2cc(NS(C)(=O)=O)c(Cl)cc2Cl)c(=O)n1C(F)F,0
Cc1nn(C)c(Oc2ccccc2)c1C=NOCc1ccc(C(=O)OC(C)(C)C)cc1,0
Cc1oc(-c2ccccc2)nc1CCOc1cccc2c1ccn2CCC(=O)O,0
Cc1oc2c(NC(=O)c3c(Cl)cccc3Cl)cccc2c1C(C)(C)O,0
Cc1occc(=O)c1O,0
ClC(Cl)(Cl)c1ccccc1,0
ClC(Cl)=C(c1ccc(Cl)cc1)c1ccc(Cl)cc1,0
ClC(Cl)c1ccccc1,0
ClC1=C(Cl)C(Cl)(Cl)C(Cl)=C1Cl,0
ClC1=C(Cl)C2(Cl)C3C(Cl)C=CC3C1(Cl)C2(Cl)Cl,0
ClC1=C(Cl)C2(Cl)C3C4OC4C(Cl)C3C1(Cl)C2(Cl)Cl,0
ClCCOCCCl,0
Cl[C@H]1[C@H](Cl)[C@@H](Cl)[C@@H](Cl)[C@H](Cl)[C@H]1Cl,0
Cl[C@H]1[C@H](Cl)[C@@H](Cl)[C@H](Cl)[C@@H](Cl)[C@@H]1Cl,0
Clc1ccc(C(Cl)(Cl)Cl)cc1,0
Clc1ccc(C(c2ccc(Cl)cc2)C(Cl)(Cl)Cl)cc1,0
Clc1ccc(CSC(Cn2ccnc2)c2ccc(Cl)cc2Cl)cc1,1
Clc1ccc(Cl)c(Cl)c1,0
Clc1ccc(Cl)cc1,0
Clc1ccc2c(c1)C(N1CCNCC1)=Nc1ccccc1O2,1
Clc1ccc2c(c1)CCc1cccnc1C2=C1CCNCC1,1
Clc1ccc2c(c1)N=C(N1CCNCC1)c1ccccc1N2,1
Clc1cccc(/C=N/N=C/c2cccc(Cl)c2)c1,1
Clc1cccc(C(Cl)(Cl)Cl)n1,0
Clc1cccc(Cl)c1,0
Clc1cccc(Cl)c1Cl,0
Clc1ccccc1-c1nnc(-c2ccccc2Cl)nn1,0
Clc1ccccc1Cl,0
Clc1nc(Cl)c(Cl)c(Cl)c1Cl,0
Clc1nc(Cl)nc(Nc2ccccc2Cl)n1,0
Cn1c(=O)c2c(ncn2C)n(C)c1=O,0
Cn1cc(-c2ccc(CN3C(=O)C(=O)c4cc(OC(F)(F)F)ccc43)cc2)cn1,1
Cn1cc(-c2ccc(CN3C(=O)C(=O)c4ccccc43)c(F)c2)cn1,1
Cn1cc[nH]c1=S,0
Cn1cnc([N+](=O)[O-])c1Sc1ncnc2nc[nH]c12,0
Cn1cnc2c1c(=O)[nH]c(=O)n2C,0
FC(F)(F)C(F)(F)C(F)(F)C(F)(F)C(F)(F)C(F)(F)CCI,0
FC(F)C(F)(F)OCC(Cn1cncn1)c1ccc(Cl)cc1Cl,0
Fc1ccc([C@@H]2CCNC[C@H]2COc2ccc3c(c2)OCO3)cc1,1
Fc1cccc(/C=N/N=C/c2cccc(F)c2)c1,1
Fc1cccc(CN2C3CC4CC(C3)CC2C4)c1,1
Fc1ccccc1[C@@H](F)CO[C@H]1CC[C@H](Nc2[nH]cnc3nncc2-3)CC1,0
N#C/N=C1\SCCN1Cc1ccc(Cl)nc1,0
N#CC(Br)(Br)C(N)=O,0
N#CC(Br)Br,0
N#CC(CCc1ccc(Cl)cc1)(Cn1cncn1)c1ccccc1,0
N#CCCCCC#N,0
N#CSCSC#N,0
N#CSCSc1nc2ccccc2s1,0
N#Cc1c(Cl)c(Cl)c(Cl)c(C#N)c1Cl,0
N#Cc1c(Cl)cccc1Cl,0
N#Cc1cc(Br)c(O)c(Br)c1,0
N#Cc1ccc(N(CC(N)=O)CC(F)(F)F)cc1C(F)(F)F,0
N=C(N)c1ccc(OCCCCCOc2ccc(C(=N)N)cc2)cc1,1
N=C(N)c1ccc(OCCCCCOc2ccc(C(=N)N)cc2)cc1.O=S(=O)(O)CCO.O=S(=O)(O)CCO,1
N=C(Nc1ccccc1)Nc1ccccc1,0
NC(=O)C1CCN(CCCN2c3ccccc3Sc3ccc(Cl)cc32)CC1,1
NC(=O)Cn1c(=O)cc(CCN2CCN(c3nccc4sccc34)CC2)c2ccc(F)cc21,0
NC(=O)N(O)[C@@H]1C=C[C@H](Oc2cccc(Oc3ccc(F)cc3)c2)C1,0
NC(=O)N(O)[C@@H]1COc2cc(OCc3ccccc3)ccc21,0
NC(=O)N/N=C/c1ccc([N+](=O)[O-])o1,0
NC(=O)N1C(=O)C(C(=O)c2cc(Cl)cs2)c2cc(F)c(Cl)cc21,0
NC(=O)N1c2ccccc2C=Cc2ccccc21,0
NC(=O)[O-],0
NC(N)=O,0
NC1CCCCC1,0
NC=O,0
NCCO.O=C(O)c1nc(Cl)ccc1Cl,0
NCCOCCOCCN,0
NNC(=O)c1ccncc1,0
NS(=O)(=O)C(F)(F)C(F)(F)C(F)(F)C(F)(F)C(F)(F)C(F)(F)C(F)(F)C(F)(F)F,0
NS(=O)(=O)c1cc2c(cc1Cl)NCNS2(=O)=O,0
Nc1c(Cl)c(Cl)nc(C(=O)O)c1Cl,0
Nc1c(Cl)c(F)nc(OCC(=O)O)c1Cl,0
Nc1c(Cl)cc([N+](=O)[O-])cc1Cl,0
Nc1cc2c3c(c1)C(c1ccccc1)=N[C@@H](NC(=O)c1cccnc1)C(=O)N3CC2,0
Nc1ccc(/N=N/c2ccccc2)cc1,0
Nc1ccc(C(=O)O)cc1,0
Nc1ccc(Cl)cc1,0
Nc1ccc(Cl)cc1N,0
Nc1ccc(Oc2ccc(N)cc2)cc1,0
Nc1ccc(S(=O)(=O)c2ccc(N)cc2)cc1,0
Nc1ccc([N+](=O)[O-])cc1,0
Nc1ccc2c(c1)C(=O)c1ccccc1C2=O,0
Nc1ccc2ccccc2c1,0
Nc1cccc2c(N)cccc12,0
Nc1ccccc1N,0
Nc1ccn([C@@H]2O[C@H](CO)[C@@H](O)[C@@H]2O)c(=O)n1,0
Nc1nc(=O)c2nc(CNc3ccc(C(=O)N[C@@H](CCC(=O)O)C(=O)O)cc3)cnc2[nH]1,0
Nc1nc(Cl)nc2c1ncn2[C@H]1C[C@H](O)[C@@H](CO)O1,0
Nc1nc(Cl)ncc1-c1c[nH]c2cccc(O)c12,1
Nc1nc(N)c2nc(CNc3ccc(C(=O)N[C@@H](CCC(=O)O)C(=O)O)cc3)cnc2n1,0
Nc1nc(N)nc(NC2CC2)n1,0
Nc1nc2nc[nH]c2c(=S)[nH]1,0
Nn1cnnc1,0
O=C(C1CCN(S(=O)(=O)c2ccc3[nH]ncc3c2)CC1)N(Cc1ccccc1C(F)(F)F)C1CCC1,1
O=C(C1CCN(S(=O)(=O)c2ccc3[nH]ncc3c2)CC1)N(Cc1ccccc1C(F)(F)F)CC1CC1,1
O=C(C1CCN(S(=O)(=O)c2ccc3[nH]ncc3c2)CC1)N(Cc1ccccc1C(F)(F)F)CC1CCC1,1
O=C(CCCCCCCCc1cccnc1)N1CCC(C=C(c2ccccc2)c2ccccc2)CC1,0
O=C(CCCN1CC=C(n2c(=O)[nH]c3ccccc32)CC1)c1ccc(F)cc1,1
O=C(CCNC(=O)CC(c1ccccc1)(c1ccccc1)c1ccccc1)NCCC(=O)NC[C@H]1CCCN(CC2CCCCC2)C1,1
O=C(CCNC(=O)CNC(=O)CC(c1ccccc1)(c1ccccc1)c1ccccc1)NC[C@H]1CCCN(CC2CCCCC2)C1,1
O=C(CCl)c1ccccc1,0
O=C(CN1CCN2CCC[C@@H]2C1)NC1CCCCC1,0
O=C(CN1CCN2CCC[C@H]2C1)NC1CCCCC1,0
O=C(CN1CCNCC1)NC1CCCCC1,0
O=C(CNC(=O)[C@@H]1CCCN1C(=O)CC(c1ccccc1)(c1ccccc1)c1ccccc1)NC[C@H]1CCCN(CC2CCCCC2)C1,1
O=C(Cc1ccccc1)NC1CCN(CCCN2C(=O)COc3ccccc32)CC1,1
O=C(NC(=O)c1c(F)cccc1F)Nc1cc(Cl)c(OC(F)(F)C(F)F)c(Cl)c1,0
O=C(NC(=O)c1c(F)cccc1F)Nc1ccc(OC(F)(F)C(F)OC(F)(F)F)c(Cl)c1,0
O=C(NC(=O)c1cc(F)c(F)cc1Cl)Nc1cc(F)ccc1N1CCC(C(=O)O)CC1,0
O=C(NCC1=CCNCC1)c1c(F)cccc1-c1cccc(Cl)c1,1
O=C(NCC1CCN(CC2CC2)CC1)[C@H]1CCCN1C(=O)[C@@H]1C[C@@H](O)CN1C(=O)CC(c1ccc(F)cc1)(c1ccc(F)cc1)c1ccc(F)cc1,1
O=C(NCC1CCNCC1)[C@H]1CCCN1C(=O)[C@@H]1C[C@@H](O)CN1C(=O)CC(c1ccc(Cl)cc1)(c1ccc(Cl)cc1)c1ccc(Cl)cc1,1
O=C(NCC1CCNCC1)[C@H]1CCCN1C(=O)[C@@H]1C[C@@H](O)CN1C(=O)CC(c1ccc(F)cc1)(c1ccc(F)cc1)c1ccc(F)cc1,1
O=C(NCC1CCNCC1)c1ccccc1-c1cc(Cl)ccc1F,1
O=C(NCCC1CCNCC1)[C@H]1CCCN1C(=O)[C@@H]1C[C@@H](O)CN1C(=O)CC(c1ccc(Cl)cc1)(c1ccc(Cl)cc1)c1ccc(Cl)cc1,1
O=C(NCCC1CCNCC1)[C@H]1CCCN1C(=O)[C@@H]1C[C@@H](O)CN1C(=O)CC(c1ccc(F)cc1)(c1ccc(F)cc1)c1ccc(F)cc1,1
O=C(NC[C@@H]1CCCNC1)[C@H]1CCCN1C(=O)[C@@H]1C[C@@H](O)CN1C(=O)CC(c1ccc(F)cc1)(c1ccc(F)cc1)c1ccc(F)cc1,1
O=C(N[C@@H](c1ccccc1)[C@@H]1CCCCN1)c1cccc(C(F)(F)F)c1Cl,1
O=C(N[C@H](c1ccccc1)[C@@H]1CN2CCC1CC2)c1c(Cl)ccc(C(F)(F)F)c1Cl,0
O=C(N[C@H]1CN2CCC1CC2)c1cc2ccoc2cn1,0
O=C(N[C@H]1CN2CCC1CC2)c1ccc2c(c1)OCCO2,0
O=C(N[C@H]1C[C@@H](O)C1)c1ccc(C#Cc2cccc(F)c2)cn1,1
O=C(Nc1ccc([N+](=O)[O-])cc1Cl)c1cc(Cl)ccc1O,0
O=C(Nc1ccc2[nH]ccc2c1)c1cc2cc(F)ccc2n1Cc1cccc(F)c1,0
O=C(Nc1ccccc1)Nc1ccnc(Cl)c1,0
O=C(Nc1ccccc1)Nc1cnns1,0
O=C(Nc1ccccc1)c1ccccc1I,0
O=C(Nc1ccccc1-c1ccc(Cl)cc1)c1cccnc1Cl,0
O=C(O)C(Cl)(Cl)Cl,0
O=C(O)C(Cl)Cl,0
O=C(O)C(F)(F)C(F)(F)C(F)(F)C(F)(F)C(F)(F)C(F)(F)C(F)(F)C(F)(F)C(F)(F)C(F)(F)F,0
O=C(O)C(F)(F)C(F)(F)C(F)(F)C(F)(F)C(F)(F)C(F)(F)C(F)(F)C(F)(F)C(F)(F)F,0
O=C(O)C(F)(F)C(F)(F)C(F)(F)C(F)(F)C(F)(F)C(F)(F)C(F)(F)C(F)(F)F,0
O=C(O)C(F)(F)C(F)(F)C(F)(F)C(F)(F)C(F)(F)C(F)(F)F,0
O=C(O)C1(c2ccc3c(c2)OC[C@H](Cc2ccc(-c4ccccc4)cc2)[C@H]3O)CCCC1,0
O=C(O)C1C(C(=O)O)C2(Cl)C(Cl)=C(Cl)C1(Cl)C2(Cl)Cl,0
O=C(O)C1C2CCC(O2)C1C(=O)O,0
O=C(O)CC(O)(CC(=O)O)C(=O)O,0
O=C(O)CCCCC(=O)O,0
O=C(O)CCN(C1(C(=O)NO)CCCC1)S(=O)(=O)c1ccc(Oc2ccc(F)cc2)cc1,0
O=C(O)COc1ccc(Cl)cc1Cl,0
O=C(O)COc1nc(Cl)c(Cl)cc1Cl,0
O=C(O)Cc1cc(I)c(Oc2cc(I)c(O)c(I)c2)c(I)c1,0
O=C(O)Cc1cc(I)c(Oc2ccc(O)c(I)c2)c(I)c1,0
O=C(O)Cn1c(=O)n(Cc2ccc(Br)cc2F)c(=O)c2ccc(Cl)cc21,0
O=C(O)[C@H](O)[C@@H](O)C(=O)O,0
O=C(O)c1c(Cl)ccc2cc(Cl)cnc12,0
O=C(O)c1cc(/N=N/c2ccc(S(=O)(=O)Nc3ccccn3)cc2)ccc1O,0
O=C(O)c1cc(Oc2ccc(C(F)(F)F)cc2Cl)ccc1[N+](=O)[O-],0
O=C(O)c1ccc([N+](=O)[O-])cc1,0
O=C(O)c1cccc(C(=O)O)c1,0
O=C(O)c1cccc(C[C@@H]2COc3ccc(OCc4nc5cc(F)ccc5s4)cc3[C@@H]2O)c1,0
O=C(O)c1cccc(N(Cc2cccnc2)c2ccc(OC(F)F)c(OC(F)F)c2)c1,0
O=C(O)c1ccccc1,0
O=C(O)c1ccccc1-n1cc(C(=O)O)c(=O)c2cc(Nc3c(F)cc(F)cc3Cl)c(Cl)cc21,0
O=C(O)c1ccccc1C(=O)OCc1ccccc1,0
O=C(O)c1ccccc1C(c1ccc(O)cc1)c1ccc(O)cc1,0
O=C(O)c1cccnc1,0
O=C(O)c1nc(Cl)ccc1Cl,0
O=C(OC1CN2CCC1CC2)C1=C/C(=C\c2ccccn2)c2ccccc21,1
O=C(OC1CN2CCC1CC2)C1=C/C(=C\c2ccncc2)c2ccccc21,1
O=C(OCCCCCOC(=O)c1ccccc1)c1ccccc1,0
O=C(OCCN1CCCC1)N1c2ccccc2Sc2ccccc21,1
O=C(OCCOCCOC(=O)c1ccccc1)c1ccccc1,0
O=C(Oc1ccccc1)c1cccc(C(=O)Oc2ccccc2)c1,0
O=C([N-]S(=O)(=O)/C=C/c1ccccc1)c1ccc(F)cc1Cl,0
O=C([O-])C(F)(F)C(F)(F)C(F)(F)C(F)(F)C(F)(F)C(F)(F)C(F)(F)F,0
O=C([O-])c1ccc2c(c1)nc(C(=O)NC1CCN(C3CC3)CC1)n2Cc1cc(-c2ccc(Cl)s2)on1,0
O=C([O-])c1ccccc1,0
O=C(c1cc(Cl)cc(Cl)c1)N1CCN2C(=O)c3ccccc3C12c1ccccc1,1
O=C(c1cc(F)c(F)c(F)c1)N1CCN2C(=O)c3ccccc3C12c1ccc2c(c1)OCO2,1
O=C(c1cc(F)cc(F)c1)N1CCN2C(=O)c3ccccc3C12c1ccc(Cl)cc1,1
O=C(c1cc(F)cc(F)c1)N1CCN2C(=O)c3ccccc3C12c1ccccc1,1
O=C(c1cc(F)nc(F)c1)N1CCN2C(=O)c3ccccc3C12c1ccc(Cl)cc1,1
O=C(c1ccc(C(F)(F)F)cc1)N1CCN2C(=O)c3ccccc3C12c1ccc(Cl)cc1,1
O=C(c1ccc(C(F)(F)F)cc1)N1CCN2C(=O)c3ccccc3C12c1ccccc1,1
O=C(c1ccc(F)c(F)c1)N1CCN2C(=O)c3ccccc3C12C1CCC1,1
O=C(c1ccc(F)c(F)c1)N1CCN2C(=O)c3ccccc3C12C1CCCCC1,1
O=C(c1ccc(F)c(F)c1)N1CCN2C(=O)c3ccccc3C12C1CCOCC1,1
O=C(c1ccc(F)c(F)c1)N1CCN2C(=O)c3ccccc3C12c1ccc(Cl)cc1,1
O=C(c1ccc(F)c(F)c1)N1CCN2C(=O)c3ccccc3C12c1ccc2c(c1)OCO2,1
O=C(c1ccc(F)c(F)c1)N1CCN2C(=O)c3ccccc3C12c1ccccc1,1
O=C(c1ccc(F)c(F)c1)N1CCN2C(=O)c3ccccc3C12c1ccccn1,1
O=C(c1ccc(F)c(F)c1)N1CCN2C(=O)c3ccccc3C12c1cccnc1,1
O=C(c1ccc(F)c(F)c1)N1CCN2C(=O)c3ccccc3C12c1ccncc1,1
O=C(c1ccc(F)c(F)c1)N1CCN2C(=O)c3ccccc3[C@@]12c1ccc(Cl)cc1,1
O=C(c1ccc(F)nc1)N1CCN2C(=O)c3ccccc3C12c1ccc(Cl)cc1,1
O=C(c1ccc(O)cc1O)c1ccc(O)cc1O,0
O=C(c1ccc(OC(F)(F)F)cc1)N1CCN2C(=O)c3ccccc3C12c1ccccc1,1
O=C(c1ccc(SC(F)(F)F)cc1)N1CCN2C(=O)c3ccccc3C12c1ccc(F)cc1,1
O=C(c1ccc(SC(F)(F)F)cc1)N1CCN2C(=O)c3ccccc3C12c1ccccc1,1
O=C(c1cccc(C(F)(F)F)c1)N1CCN2C(=O)c3ccccc3C12c1ccc(Cl)cc1,1
O=C(c1cccc(C(F)(F)F)c1)N1CCN2C(=O)c3ccccc3C12c1ccccc1,1
O=C(c1ccccc1)C1CCCCC1,0
O=C(c1ccccc1)c1ccccc1,0
O=C(c1ccnc(F)c1)N1CCN2C(=O)c3ccccc3C12c1ccc(Cl)cc1,1
O=C1C(=O)N(CCCOc2ccccc2)c2ccc(OC(F)(F)F)cc21,1
O=C1C(=O)N(CCOc2ccc(Br)cc2)c2ccc(OC(F)(F)F)cc21,1
O=C1C(=O)N(CCOc2ccc(C(F)(F)F)cc2)c2ccc(OC(F)(F)F)cc21,1
O=C1C(=O)N(CCOc2ccc(Cl)cc2)c2ccc(OC(F)(F)F)cc21,1
O=C1C(=O)N(CCOc2ccc(Oc3ccccc3)cc2)c2ccc(OC(F)(F)F)cc21,1
O=C1C(=O)N(CCOc2ccccc2)c2ccc(OC(F)(F)F)cc21,0
O=C1C(=O)N(Cc2ccc(-c3ccccc3)cc2)c2cc(OC(F)(F)F)ccc21,1
O=C1C(=O)N(Cc2ccc(-c3ccccc3)cc2)c2ccc(OC(F)(F)F)cc21,1
O=C1C(=O)N(Cc2ccc(-c3ccccc3)cc2F)c2ccc(OC(F)(F)F)cc21,1
O=C1C(=O)N(Cc2ccc(-c3cccnc3)cc2)c2ccc(OC(F)(F)F)cc21,1
O=C1C(=O)N(Cc2ccc(-c3cccnc3)nc2)c2ccc(OC(F)(F)F)cc21,1
O=C1C(=O)N(Cc2ccc(-c3ccncc3)cc2)c2ccc(OC(F)(F)F)cc21,1
O=C1C(=O)N(Cc2ccc(-c3ccsc3)cc2)c2ccc(OC(F)(F)F)cc21,1
O=C1C(=O)N(Cc2ccc(-c3cncnc3)cc2)c2ccc(OC(F)(F)F)cc21,1
O=C1C(=O)N(Cc2ccc(Br)cc2)c2ccccc21,1
O=C1C(=O)N(Cc2ccc(Br)cc2F)c2c(Cl)cccc21,1
O=C1C(=O)N(Cc2ccc(C(F)(F)F)cc2)c2c(Cl)cccc21,1
O=C1C(=O)N(Cc2ccc(C(F)(F)F)cc2)c2c(F)cccc21,1
O=C1C(=O)N(Cc2ccc(C(F)(F)F)cc2)c2ccc(OC(F)(F)F)cc21,1
O=C1C(=O)N(Cc2ccc(C(F)(F)F)cc2)c2ccccc21,1
O=C1C(=O)N(Cc2ccc(Cl)nc2)c2ccc(OC(F)(F)F)cc21,1
O=C1C(=O)N(Cc2ccc(OC(F)(F)F)cc2)c2ccc(OC(F)(F)F)cc21,1
O=C1C(=O)N(Cc2ccc(Oc3ccccc3)cc2)c2ccc(OC(F)(F)F)cc21,1
O=C1C(=O)N(Cc2ccc(Oc3ccccn3)cc2)c2ccc(OC(F)(F)F)cc21,1
O=C1C(=O)N(Cc2ccc(Oc3nccs3)cc2)c2ccc(OC(F)(F)F)cc21,1
O=C1C(=O)N(Cc2ccccc2C(F)(F)F)c2ccc(F)cc21,1
O=C1C2(Cl)C3(Cl)C4(Cl)C(Cl)(Cl)C5(Cl)C3(Cl)C1(Cl)C5(Cl)C24Cl,0
O=C1C2CC=CCC2C(=O)N1SC(Cl)(Cl)C(Cl)Cl,0
O=C1CCC(C2CCCCC2)CC1,0
O=C1CCC(N2C(=O)c3ccccc3C2=O)C(=O)N1,0
O=C1CCCCC1,0
O=C1CCCN1CC#CCN1CCCC1,1
O=C1CCCO1,0
O=C1CCON1CC#CCN1CCCC1,1
O=C1CCON1CC#CCN1CCCCC1,1
O=C1CCc2ccccc2N1CCCN1CCC(CCCCCCCCCCCCCO)CC1,1
O=C1CCc2ccccc2N1CCCN1CCC(CCCCCCCCCCCO)CC1,1
O=C1CCc2ccccc2N1CCCN1CCC(CCCCCCCCCO)CC1,1
O=C1CCc2ccccc2N1CCCN1CCC(CCCCCCCO)CC1,1
O=C1CCc2ccccc2N1CCCN1CCC(CCCCCO)CC1,1
O=C1CCc2ccccc2N1CCCN1CCC(CCCO)CC1,0
O=C1CN(N=Cc2ccc([N+](=O)[O-])o2)C(=O)N1,0
O=C1COc2cc(CN3CCN(c4ccc(Cl)cc4)CC3)ccc2N1,1
O=C1NC(=O)C(c2ccccc2)(c2ccccc2)N1,0
O=C1OC(=O)C2C3C=CC(C3)C12,0
O=C1OC(c2ccc(O)cc2)(c2ccc(O)cc2)c2ccccc21,0
O=C1O[C@H]([C@@H](O)CO)C([O-])=C1O,0
O=C1O[C@H]([C@H](O)CO)C([O-])=C1O,0
O=C1c2c(O)cccc2Cc2cccc(O)c21,0
O=C1c2ccccc2C(=O)N1SC(Cl)(Cl)Cl,0
O=Cc1ccccc1C=O,0
O=Cc1ccco1,0
O=NN(c1ccccc1)c1ccccc1,0
O=N[O-],0
O=P(O)(O)CCCl,0
O=P(OC(CCl)CCl)(OC(CCl)CCl)OC(CCl)CCl,0
O=P(OCCCl)(OCCCl)OCCCl,0
O=P(Oc1ccccc1)(Oc1ccccc1)Oc1ccccc1,0
O=P1(N(CCCl)CCCl)NCCCO1,0
O=S(=O)(O)C(F)(F)C(F)(F)C(F)(F)C(F)(F)C(F)(F)C(F)(F)C(F)(F)C(F)(F)F,0
O=S(=O)([O-])C(F)(F)C(F)(F)C(F)(F)C(F)(F)F,0
O=S1(=O)CCCO1,0
O=[N+]([O-])/N=C1\NCCN1Cc1ccc(Cl)nc1,0
O=[N+]([O-])c1c(Cl)c(Cl)c(Cl)c(Cl)c1Cl,0
O=[N+]([O-])c1cc(C(F)(F)F)c(Cl)c([N+](=O)[O-])c1Nc1ncc(C(F)(F)F)cc1Cl,0
O=[N+]([O-])c1ccc(Cl)c(Cl)c1,0
O=[N+]([O-])c1ccc(Cl)cc1,0
O=[N+]([O-])c1ccc(O)c([N+](=O)[O-])c1,0
O=[N+]([O-])c1ccc(O)cc1,0
O=[N+]([O-])c1ccc(Oc2ccc(Cl)cc2Cl)cc1,0
O=[N+]([O-])c1ccc([O-])cc1,0
O=[N+]([O-])c1cccc([N+](=O)[O-])c1,0
O=[N+]([O-])c1ccccc1[N+](=O)[O-],0
O=[Si]=O,0
O=c1[nH]c2ccc(S(=O)CCN3CCC(Cc4ccc(F)cc4)CC3)cc2o1,0
O=c1[nH]c2ccccc2n1C1CCN(CCCOc2ccc(F)cc2)CC1,1
O=c1[nH]cc(F)c(=O)[nH]1,0
O=c1c(-c2ccc(O)cc2)coc2cc(O)cc(O)c12,0
O=c1c(-c2ccc(O)cc2)coc2cc(O)ccc12,0
O=c1c(O)c(-c2ccc(O)c(O)c2)oc2cc(O)cc(O)c12,0
O=c1ccc2ccccc2o1,0
O=c1n(CC2CO2)c(=O)n(CC2CO2)c(=O)n1CC1CO1,0
O=c1n(Cl)c(=O)n(Cl)c(=O)n1Cl,0
OB(O)O,0
OC(CCCN1CCC(C2CCN(CCCC(O)(c3ccccc3)c3ccccc3)CC2)CC1)(c1ccccc1)c1ccccc1,1
OC(CCCN1CCN(CCCC(O)(c2ccccc2)c2ccccc2)CC1)(c1ccccc1)c1ccccc1,0
OC(CCCN1CCN(c2ccccc2)CC1)(c1ccccc1)c1ccccc1,0
OC(CCCN1CCNCC1)(c1ccccc1)c1ccccc1,1
OC(CCN1CCCCC1)(c1ccccc1)C1CCCCC1,1
OC(CCl)CCl,0
OC(Cn1cncn1)(Cn1cncn1)c1ccc(F)cc1F,0
OC12C3C4CC5C6C4C1C6C(C53)N2Cc1ccc2c(c1)OCO2,1
OC12N=C(c3ccccc3)SC1Cc1cc(Cl)ccc12,0
OC1CCC(C2CCCCC2)CC1,0
OC1CCCCC1,0
OCC(CO)(CBr)CBr,0
OCC(CO)(CO)CO,0
OCC(CO)n1cnc(-c2ccc(F)cc2)c1-c1ccnc(Oc2ccccc2)n1,0
OCC(O)CO,0
OCCC(F)(F)C(F)(F)C(F)(F)C(F)(F)C(F)(F)C(F)(F)F,0
OCCCBr,0
OCCN(CCO)CCO,0
OCCNCCO,0
OCCOCCN1CCN(C2=Nc3ccccc3Sc3ccccc32)CC1,1
OCCOc1ccccc1,0
OC[C@@H](O)[C@@H](O)[C@H](O)[C@H](O)CO,0
O[Sn](c1ccccc1)(c1ccccc1)c1ccccc1,0
Oc1c(Cl)c(Cl)c(Cl)c(Cl)c1Cl,0
Oc1c(Cl)cc(Cl)cc1Cl,0
Oc1cc(Cl)c(Cl)cc1Cl,0
Oc1cc(Cl)ccc1Oc1ccc(Cl)cc1Cl,0
Oc1cc2ccccc2c2ccccc12,0
Oc1ccc(C(c2ccc(O)cc2)C(Cl)(Cl)Cl)cc1,0
Oc1ccc(O)cc1,0
Oc1ccc2c(c1)-c1ccccc1C2,0
Oc1ccc2c(c1)OC[C@@H](N1CCC(O)(c3ccc(F)cc3)CC1)[C@H]2O,1
Oc1ccc2ccccc2c1,0
Oc1cccc(O)c1,0
Oc1cccc2cccnc12,0
Oc1ccccc1,0
Oc1ccccc1Cl,0
Oc1nc(O)nc(O)n1,0
Sc1nc2ccccc2s1,0
[2H]C1([2H])[n+]2ccccc2-c2cccc[n+]2C1([2H])[2H],0
[N-]=[N+]=[N-],0
[O-][Cl+][O-],0
[O-][n+]1ccccc1[S-],0
c1cc(-c2ccncc2)ccn1,0
c1cc2c3c(cccc3c1)CC2,0
c1cc2ccc3cccc4ccc(c1)c2c34,0
c1cc2nsnc2c2c1CCNC2,0
c1ccc(-c2ccccc2)cc1,0
c1ccc(C2CO2)cc1,0
c1ccc(CCN[C@H]2C3C4CC5C6C4CC3C6C52)nc1,1
c1ccc(CN2C3CC4CC(C3)CC2C4)cc1,1
c1ccc(C[n+]2cccc3ccccc32)cc1,1
c1ccc(Cc2ncc3c(n2)CCNCC3)cc1,1
c1ccc(NNc2ccccc2)cc1,0
c1ccc(OP(Oc2ccccc2)Oc2ccccc2)cc1,0
c1ccc2[nH]c(-c3cscn3)nc2c1,0
c1ccc2[nH]nnc2c1,0
c1ccc2c(c1)-c1cccc3cccc-2c13,0
c1ccc2c(c1)Cc1ccccc1-2,0
c1ccc2cc3c(ccc4ccccc43)cc2c1,0
c1ccc2cc3ccccc3cc2c1,0
c1ccc2ccccc2c1,0
c1ccc2ncccc2c1,0
c1ccc2occc2c1,0
c1coc([C@@H]2CCCN2)c1,0
c1coc([C@H]2CCCN2)c1,0
C(#CCN1CCCCC1)COC1=NOCC1,1
C/C=C/c1ccc(OC)cc1,0
C1=CCCC=CCCC=CCC1,0
C1CNCCN1,0
C=C(C)C(=O)OCCC(F)(F)C(F)(F)C(F)(F)C(F)(F)C(F)(F)C(F)(F)F,0
C=CC(=C)CCC=C(C)C,0
C=CC(=O)NCNC(=O)C=C,0
C=CC(N)=O,0
C=CC1(C)OC(=O)N(c2cc(Cl)cc(Cl)c2)C1=O,0
C=CCOC(=O)c1c(C)[nH]c2ccc3c(c12)CN1CCc2cc(OC)ccc2C1O3,1
C=CCOC(=O)c1ccccc1C(=O)OCC=C,0
C=CCOc1cc(F)c(F)cc1C1CC1CN,1
C=CCc1ccc2c(c1)OCO2,0
CC#C[C@]1(O)CC[C@H]2[C@@H]3CCC4=CC(=O)CCC4=C3[C@@H](c3ccc(N(C)C)cc3)C[C@@]21C,0
CC(=O)NC1(c2cccc(F)c2)CCN(CC[C@@]2(c3ccc(Cl)c(Cl)c3)CN(c3ccccc3)C(=O)CO2)CC1.O=C(O)CCC(=O)O,1
CC(=O)Nc1ccc(O)cc1,0
CC(=O)O,0
CC(=O)OC/C=C(\C)CCC=C(C)C,0
CC(=O)OCCC(C)C,0
CC(=O)OCCCCCCCCCCCCOc1nsnc1C1=CCCN(C)C1,1
CC(=O)OCCOCCOCCOC(C)=O,0
CC(=O)OC[C@H]1O[C@H](O[C@]2(COC(C)=O)O[C@H](COC(C)=O)[C@@H](OC(C)=O)[C@@H]2OC(C)=O)[C@H](OC(C)=O)[C@@H](OC(C)=O)[C@@H]1OC(C)=O,0
CC(=O)S[C@@H]1CC2=CC(=O)CC[C@]2(C)[C@H]2CC[C@@]3(C)[C@@H](CC[C@@]34CCC(=O)O4)[C@@H]21,0
CC(C)(C)CN(Cc1ccccc1C(F)(F)F)C(=O)C1CCN(S(=O)(=O)c2ccc3[nH]ncc3c2)CC1,1
CC(C)(C)OOC(C)(C)CCC(C)(C)OOC(C)(C)C,0
CC(C)(C)c1ccc(CSc2cnn(C(C)(C)C)c(=O)c2Cl)cc1,0
CC(C)(C)c1ccc(O)cc1,0
CC(C)(O)c1ccc(CNC(=O)c2cccnc2Oc2ccc(F)cc2)cc1,0
CC(C)(O)c1ccc(CNC(=O)c2cccnc2Oc2ccc3nonc3c2)cc1,0
CC(C)(O)c1coc(S(=O)(=O)NC(=O)Nc2c3c(cc4c2CCC4)CCC3)c1,0
CC(C)(c1ccc(O)cc1)c1ccc(O)cc1,0
CC(C)=CCC/C(C)=C/CO,0
CC(C)N(C(=O)SCC(Cl)=C(Cl)Cl)C(C)C,0
CC(C)N(Cc1ccccc1)C(=O)C(C)(C)C,0
CC(C)OC(=O)Nc1cccc(Cl)c1,0
CC(C)Oc1ccc(C(=O)N2CCN3C(=O)c4ccccc4C23c2ccc(Cl)cc2)cc1,1
CC(C)c1ccc(C(=O)N=C(N)N)cc1S(C)(=O)=O,0
CC(C)c1cccc(C(C)C)c1N1C(=O)c2ccc(O)cc2C1=O,0
CC(C1=C(CCN(C(C)C)C(C)C)Cc2ccccc21)c1ccccn1,1
CC(C1=C(CCN(C)C(C)C)Cc2ccccc21)c1ccccn1,1
CC(C1=C(CCN(C)C)Cc2cc(Cl)ccc21)c1ccccn1,1
CC(C1=C(CCN2CCOCC2)Cc2ccccc21)c1ccccn1,1
CC(COCC(C)OC(=O)c1ccccc1)OC(=O)c1ccccc1,0
CC(COc1ccc(Oc2ccccc2)cc1)Oc1ccccn1,0
CC(Cc1ccc(OCC(=O)O)cc1)NCC(O)c1csc(C(F)(F)F)n1,0
CC(O)CN(CCN(CC(C)O)CC(C)O)CC(C)O,0
CC(c1ccc(O)cc1)(c1ccc(O)cc1)c1ccc(O)cc1,0
CC/C(=C(/CC)c1ccc(O)cc1)c1ccc(O)cc1,0
CC1(C)C(C=C(Cl)Cl)C1C(=O)OCc1cccc(Oc2ccccc2)c1,0
CC1(C)CCC(=Cc2ccc(Cl)cc2)C1(O)Cn1cncn1,0
CC1(C)COC[C@@H](C[N+](C)(C)C)O1,0
CC1(C)NC(=O)N(c2ccc([N+](=O)[O-])c(C(F)(F)F)c2)C1=O,0
CC1(c2ccc(Oc3ccccc3)cc2)OC(=O)N(Nc2ccccc2)C1=O,0
CC1=C(C(=O)Nc2ccccc2)SCCO1,0
CC1=C(C)S(=O)(=O)CCS1(=O)=O,0
CC1=NNC(=O)N(/N=C/c2cccnc2)C1,0
CC=Cc1ccc(O)c(OC)c1,0
CCC(=NOC/C=C/Cl)C1=C(O)CC(C2CCOCC2)CC1=O,0
CCC(C)C(C(=O)OCC[N+](C)(CC)CC)c1ccccc1,1
CCC(C)N(Cc1ccccc1C(F)(F)F)C(=O)C1CCN(S(=O)(=O)c2ccc3[nH]ncc3c2)CC1,1
CCC(C)OC(=O)N1CCCCC1CCO,0
CCC(C1=C(CCN(C)C)Cc2cc(Cl)ccc21)c1ccccn1,1
CCC(C1=C(CCN(C)C)Cc2ccccc21)c1ccccn1,1
CCC(CC)Nc1c([N+](=O)[O-])cc(C)c(C)c1[N+](=O)[O-],0
CCCC(=O)O,0
CCCCC(CC)C(=O)OCCOCCOCCOC(=O)C(CC)CCCC,0
CCCCC(CC)CO,0
CCCCC(CC)COC(=O)CCCCCCCCC(=O)OCC(CC)CCCC,0
CCCCC(CC)COC(=O)c1ccc(C(=O)OCC(CC)CCCC)c(C(=O)OCC(CC)CCCC)c1,0
CCCCC(O)(Cn1cncn1)c1ccc(Cl)cc1Cl,0
CCCCCCC(=O)OCC,0
CCCCCCCC(=O)OC,0
CCCCCCCCCCCC(=O)OC,0
CCCCCCCCCCCCCCO,0
CCCCCCCCCCCCCCOS(=O)(=O)[O-],1
CCCCCCCCCCCCN1CCCC1=O,0
CCCCCCCCCCCCO,0
CCCCCCCCCC[N+](C)(C)[O-],0
CCCCCCCCN(C)C,0
CCCCCCCCOC(=O)c1cc(O)c(O)c(O)c1,0
CCCCCCCOC(=O)C1CN(CC)CC=C1c1ccccc1,1
CCCCCCOC(=O)C1=C(c2ccccc2)CCN(CC)C1,1
CCCCCCOc1nsnc1C1=CCCN(C)C1,1
CCCCCOC(=O)COc1cc(N2C(=O)C3=C(CCCC3)C2=O)c(F)cc1Cl,0
CCCCCOC(C)=O,0
CCCCN(CCCC)N=O,0
CCCCN1CCC(COC(=O)c2ccc(N)c(OC)c2)CC1,1
CCCCNC(=O)n1c(NC(=O)OC)nc2ccccc21,0
CCCCOC(=O)C(C)Oc1ccc(Oc2ccc(C(F)(F)F)cn2)cc1,0
CCCCOC(=O)C1CN(CC)CC=C1c1ccccc1,1
CCCCOC(=O)CC(CC(=O)OCCCC)(OC(C)=O)C(=O)OCCCC,0
CCCCOC(=O)c1ccccc1,0
CCCCOC(=O)c1ccccc1C(=O)OCc1ccccc1,0
CCCCOCCO,0
CCCCOCCOCCOCc1cc2c(cc1CCC)OCO2,0
CCCCc1nc2cccnc2n1Cc1ccc(-c2ccccc2-c2nnn[n-]2)cc1,0
CCCN(C1CCN(C(=O)C2CCNCC2)CC1)[C@@H]1CCc2ccc(OC)cc2C1,1
CCCN(CCC)C(=O)SCC,0
CCCN(CCC)N=O,0
CCCN(CCC)c1c([N+](=O)[O-])cc(C(F)(F)F)c(N)c1[N+](=O)[O-],0
CCCN(CCC)c1c([N+](=O)[O-])cc(C(F)(F)F)cc1[N+](=O)[O-],0
CCCN(CCC)c1c([N+](=O)[O-])cc(S(N)(=O)=O)cc1[N+](=O)[O-],0
CCCOC(=O)c1ccc(C(=O)OCCC)nc1,0
CCCOc1ccc(S(=O)(=O)N2CCN(CC)CC2)cc1-c1nc2c(CC)n(Cc3ccccn3)nc2c(=O)[nH]1,0
CCCSP(=O)(OCC)SCCC,0
CCCc1cc(=O)[nH]c(=S)[nH]1,0
CCN(C(=O)C1CCN(S(=O)(=O)c2ccc3cn[nH]c3c2)CC1)[C@H](C)c1ccccc1,1
CCN(C)C(=O)c1c(C)[nH]c2ccc3c(c12)CN1CCc2cc(OC)ccc2C1O3,0
CCN(CC)C(=O)c1cc(S(=O)(=O)Cc2ccccc2)c(N2CCC(c3ccccc3)CC2)cc1N(CC)CCN(C)C,1
CCN(CC)C(=O)c1cccc(C)c1,0
CCN(CC)CCC1=C(C(C)c2ccccn2)c2ccccc2C1,1
CCN(CC)CCCOC(=O)N1c2ccccc2Sc2ccccc21,1
CCN(CC)CCOc1ccc(/C(=C(/Cl)c2ccccc2)c2ccccc2)cc1,1
CCN(CC)c1ccc(/C=C/c2cc[n+](CCC[N+](CC)(CC)CC)cc2)cc1,1
CCN(Cc1c(F)cccc1Cl)c1c([N+](=O)[O-])cc(C(F)(F)F)cc1[N+](=O)[O-],0
CCN(Cc1cccc(Cl)c1)C(=O)C1CCN(S(=O)(=O)c2ccc3cn[nH]c3c2)CC1,1
CCN(Cc1cccc(S(=O)(=O)[O-])c1)c1ccc(C(=C2C=CC(=[N+](CC)Cc3cccc(S(=O)(=O)[O-])c3)C=C2)c2ccccc2S(=O)(=O)[O-])cc1,0
CCN(Cc1ccccc1)C(=O)C1CCN(S(=O)(=O)c2ccc3[nH]ncc3c2)CC1,1
CCN(Cc1ccccc1)C(=O)C1CCN(S(=O)(=O)c2cccc(OC)c2)CC1,1
CCN(Cc1ccccc1C(F)(F)F)C(=O)C1CCN(S(=O)(=O)c2ccc3[nH]ncc3c2)CC1,1
CCN(Cc1ccccc1Cl)C(=O)C1CCN(S(=O)(=O)c2ccc3cn[nH]c3c2)CC1,1
CCN(Cc1ccccc1OC)C(=O)C1CCN(S(=O)(=O)c2ccc3cn[nH]c3c2)CC1,1
CCN(Cc1cccnc1)C(=O)c1cccc(Cl)c1[C@]1(C)C(=O)N(Cc2ccc(OC)cc2OC)c2ccc(Cl)cc21,1
CCN(Cc1ccncc1)C(=O)C(CO)c1ccccc1,1
CCN/C(=N\S(=O)(=O)c1cccc(Cl)c1)N1CC2(C=N1)CCNCC2,1
CCN1CC=C(c2ccccc2)C(C(=O)OC)C1,0
CCN1CC=C(c2ccccc2)C(C(=O)OCCC2CCCCC2)C1,1
CCN1CC=C(c2ccccc2)C(C(=O)OCCCCCc2ccccc2)C1,1
CCN1CCC(c2ccc(F)cc2)=C(C(=O)OCCc2ccc3c(c2)CCO3)C1,1
CCN1CCC(c2ccccc2)=C(C(=O)OCC(C)C)C1,1
CCN1CCC(c2ccccc2)=C(C(=O)OCCc2ccc3c(c2)CCO3)C1,1
CCN1CCC(c2ccccc2)=C(C(=O)OCCc2ccccc2C)C1,1
CCN1CCC(c2ccccc2)=C(C(=O)Oc2ccccc2)C1,1
CCN1CC[C@@H](c2ccccc2)[C@H](C(=O)OC2CCCCC2)C1,1
CCNS(=O)(=O)C(F)(F)C(F)(F)C(F)(F)C(F)(F)C(F)(F)C(F)(F)C(F)(F)C(F)(F)F,0
CCNc1ccccc1,0
CCNc1nc(Cl)nc(NC(C)(C)C#N)n1,0
CCNc1nc(NC(C)C)nc(SC)n1,0
CCOC(=O)CC(CC(=O)OCC)(OC(C)=O)C(=O)OCC,0
CCOC(=O)CCC(=O)OCC,0
CCOC(=O)N1CCC(NCCNC(=O)c2ccccc2)CC1,0
CCOC(=O)N1CCC(NCCNC(=O)c2ccccc2C)CC1,0
CCOC(=O)c1c(C)[nH]c2ccc3c(c12)CN1CCc2cc(OC)c(OC)cc2C1O3,0
CCOC(=O)c1c(C)[nH]c2ccc3c(c12)CN1CCc2cc(OC)ccc2C1O3,1
CCOC(=O)c1c(C)[nH]c2ccc3c(c12)CN1CCc2ccc(OC)cc2C1O3,1
CCOC(=O)c1c(CC)n(C)c2ccc3c(c12)CN1CCc2cc(OC)ccc2C1O3,1
CCOP(=O)(SC(C)CC)N1CCSC1=O,0
CCOP(=S)(OCC)Oc1cc(C)nc(C(C)C)n1,0
CCOP(=S)(OCC)Oc1nc(Cl)n(C(C)C)n1,0
CCOP(=S)(OCC)SCCSCC,0
CCOP(=S)(OCC)SCSC(C)(C)C,0
CCOP(=S)(OCC)SCSCC,0
CCOP(=S)(Oc1ccc([N+](=O)[O-])cc1)c1ccccc1,0
CCOS(=O)(=O)OCC,0
CCOc1cc(C(C)(C)C)ccc1C1COC(c2c(F)cccc2F)=N1,0
CCOc1cc(Oc2ccc(C(F)(F)F)cc2Cl)ccc1[N+](=O)[O-],0
CCOc1ccc(C23c4ccccc4C(=O)N2CCN3C(=O)c2ccc(OC(C)C)cc2)cc1,1
CCS(=O)(=O)c1cccnc1S(=O)(=O)NC(=O)Nc1nc(OC)cc(OC)n1,0
CCSC(=O)N(CC(C)C)CC(C)C,0
CC[C@@H](C)[C@@H](O)C(=O)OC[C@H]1CCN2CCC[C@@H]12,1
CC[C@H](C)C(=O)O[C@H]1C[C@H](O)C=C2C=C[C@H](C)[C@H](CC[C@@H](O)C[C@@H](O)CC(=O)[O-])[C@H]21,0
CC[C@H]1CC[C@H](NCc2cc3c(cc2OC)[C@H]2C[C@H]2C(=O)N3C)[C@H](c2ccccc2)N1,1
CC[N+]1(CCOC(=O)C(O)(c2ccccc2)c2ccccc2)CCCCC1,1
CCc1cccc(C)c1N(C(=O)CCl)C(C)COC,0
CCc1nn(C2CCCCC2)c2cc([C@]3(C#N)CC[C@@H](C(=O)O)CC3)ccc12,0
CCn1nc(Cc2ccccc2)cc1C1CCN(C[C@H]2C[C@H](N(C)[C@@H](C(=O)O)C(C)C)C[C@@H]2c2cccc(F)c2)CC1,0
CN(C)C(=O)Cl,0
CN(C)C(=O)Nc1cccc(C(F)(F)F)c1,0
CN(C)C(=S)[S-],0
CN(C)CC1COCC(c2ccccc2)(c2ccccc2)O1,1
CN(C)CCC1=C(Cc2ccncc2)c2ccccc2C1,0
CN(C)CCC1=C/C(=C\c2ccccn2)c2ccccc21,0
CN(C)CCC=C1c2ccccc2CCc2ccccc21,1
CN(C)CCCN(C)CCCN(C)C,0
CN(C)CCCN1c2ccccc2Sc2ccccc21,1
CN(C)CCN(Cc1cccs1)c1ccccn1,1
CN(C)CCNC(=O)C1=C/C(=C\c2ccccn2)c2ccccc21,0
CN(C)CC[C@@H](c1ccc(Cl)cc1)c1ccccn1,1
CN(C)C[C@H]1COCC(c2ccccc2)(c2ccccc2)O1,1
CN(C)N=O,0
CN(C)c1ccc(C(=C2C=CC(=[N+](C)C)C=C2)c2ccc(N(C)C)cc2)cc1,1
CN(CCCC(O)(c1ccccc1)c1ccccc1)CCN(C)CCCC(O)(c1ccccc1)c1ccccc1,0
CN(CCCc1cccc(F)c1)[C@H]1C2C3CC4C2C(=O)C2C4C3C21,1
CN(Cc1cnc2nc(N)nc(N)c2n1)c1ccc(C(=O)N[C@@H](CCC(=O)O)C(=O)O)cc1,0
CN/C(=N\[N+](=O)[O-])NCc1cnc(Cl)s1,0
CN1CCC(=C2c3ccccc3C=Cc3ccccc32)CC1,1
CN1CCC(C(=O)OCCc2ccc3c(c2)CCO3)=C(c2ccccc2)C1,1
CN1CCC(C2CCN(CCCC(O)(c3ccccc3)c3ccccc3)CC2)CC1,1
CN1CCC(CNC(=O)[C@H]2CCCN2C(=O)[C@@H]2C[C@@H](O)CN2C(=O)CC(c2ccc(F)cc2)(c2ccc(F)cc2)c2ccc(F)cc2)CC1,1
CN1CCC(c2ccccc2)=C(C(=O)OCCc2cccc(F)c2)C1,1
CN1CCC2=C(C1)c1nsnc1SC2,0
CN1CCC=C(c2nsnc2OCCCCCC2CCN(CCCN3C(=O)CCc4ccccc43)CC2)C1,1
CN1CCC=C(c2nsnc2OCCCCCCCC2CCN(CCCN3C(=O)CCc4ccccc43)CC2)C1,1
CN1CCC=C(c2nsnc2OCCCCCCCCCCCC2CCN(CCCN3C(=O)CCc4ccccc43)CC2)C1,1
CN1CCC=C(c2nsnc2OCCCCCCCCCOc2nsnc2C2=CCCN(C)C2)C1,1
CN1CCC=C(c2nsnc2OCCOCCOCCOCCO)C1,1
CN1CCC=C(c2nsnc2OCCOCCOCCOCCOc2nsnc2C2=CCCN(C)C2)C1,1
CN1CCCC1c1ccc(C(O)(c2ccccc2)c2ccccc2)o1,1
CN1CCCC1c1ccco1,0
CN1CCC[C@@H]1CCO[C@](C)(c1ccccc1)c1ccc(Cl)cc1,1
CN1CCC[C@@H]1[C@@H]1CS[C@@](c2ccccc2)(C2CCCCC2)O1,1
CN1CCC[C@@H]1[C@@H]1CS[C@](c2ccccc2)(C2CCCCC2)O1,1
CN1CCC[C@@H]1c1ccc([C@](O)(c2ccccc2)C2CCCCC2)o1,1
CN1CCC[C@H]1[C@H]1CS[C@@](c2ccccc2)(C2CCCCC2)O1,1
CN1CCN(CCCC(O)(c2ccccc2)c2ccccc2)CC1,0
CN1CCN(Cc2cc(-c3ccc4nc(O)oc4c3)co2)[C@@H](c2ccc(F)cc2)C1,1
CN1CCN2c3ccccc3Cc3ccccc3C2C1,1
CN1CC[C@H]2CC(=O)[C@H](Cc3ccccc3)[C@H]3CCC[C@@H]1[C@H]23,1
CN1CSC(=S)N(C)C1,0
CN1[C@H]2CC[C@@H]1C[C@H](OC(=O)C(CO)c1ccccc1)C2,1
CN1[C@H]2CC[C@@H]1C[C@H](OC(c1ccccc1)c1ccccc1)C2,1
CNC(=O)ON=C(SC)C(=O)N(C)C,0
CNC(=O)Oc1cccc2c1OC(C)(C)C2,0
CN[C@H]1CC[C@@H](c2ccc(Cl)c(Cl)c2)c2ccccc21,1
CO/C=C(/C(=O)OC)c1ccccc1COc1cccc(C(F)(F)F)n1,0
COC(=O)N(OC)c1ccccc1COc1ccn(-c2ccc(Cl)cc2)n1,0
COC(=O)c1c(C)[nH]c2ccc3c(c12)CN1CCc2ccccc2C1O3,1
COC(=O)c1c(Cl)nn(C)c1S(=O)(=O)NC(=O)Nc1nc(OC)cc(OC)n1,0
COC(=O)c1ccc(O)cc1,0
COC(=O)c1cccc(C)c1S(=O)(=O)NC(=O)Nc1nc(OCC(F)(F)F)nc(N(C)C)n1,0
COC(=O)c1cccc(OCc2cc(C(=O)N(C)C(C)c3ccccn3)no2)c1,0
COC(=O)c1ccccc1S(=O)(=O)NC(=O)Nc1nc(C)nc(OC)n1,0
COC(O)C=C(C)O[PH](O)(OC)OC,0
COCCOCCO,0
COCCOCCOC,0
COCc1nnc(-c2ccc[n+]([O-])c2)n1-c1c(Cl)c(Cl)cc2[nH]c(=O)c(=O)[nH]c12,0
COP(=O)(OC)SCn1c(=O)oc2cc(Cl)cnc21,0
COP(=S)(OC)Oc1ccc([N+](=O)[O-])cc1,0
COc1cc(-c2ccc(N)c(OC)c2)ccc1N,0
COc1cc(C23c4ccccc4C(=O)N2CCN3C(=O)c2ccc(F)c(F)c2)ccc1F,1
COc1cc(C=O)cc2c1[C@H](COC(N)=O)[C@]1(OC(C)=O)ON2C[C@H]2[C@@H]1N2C(C)=O,0
COc1cc(Cl)c(OC)cc1Cl,0
COc1cc(OC)nc(NC(=O)[N-]S(=O)(=O)c2ncccc2OCC(F)(F)F)n1,0
COc1cc(OC)nc(Sc2cccc(Cl)c2C(=O)[O-])n1,0
COc1cc2c(c(OC)c1OC)-c1ccc(OC)c(=O)cc1[C@@H](NC(C)=O)CC2,0
COc1ccc(C(=CC(=O)N2CCOCC2)c2ccc(Cl)cc2)cc1OC,0
COc1ccc(C(=O)N2CCN3C(=O)c4ccccc4C23c2ccc(Cl)cc2)cc1,1
COc1ccc(C23c4ccccc4C(=O)N2CCN3C(=O)c2cc(F)c(F)c(F)c2)cc1Cl,1
COc1ccc(C23c4ccccc4C(=O)N2CCN3C(=O)c2ccc(F)c(F)c2)cc1C,1
COc1ccc(C23c4ccccc4C(=O)N2CCN3C(=O)c2ccc(OC(C)C)cc2)cc1Cl,1
COc1ccc(CCN2C3C4C5CC6C7C5C3C7C2(O)C64)cc1,1
COc1ccc(CCN2CCC(Nc3nc4ccccc4n3Cc3ccc(F)cc3)CC2)cc1,1
COc1ccc(CCNC(=O)C2(c3ccccc3)CCN(C)CC2)cc1,1
COc1ccc(CCOC(=O)C2=C(c3ccccc3)CCN(C)C2)cc1OC,1
COc1ccc(CCOC(=O)C2=C(c3ccccc3)CN(C)CC2)cc1OC,1
COc1ccc(CN2C(=O)C(=O)c3cc(OC(F)(F)F)ccc32)cc1,1
COc1ccc(CN2C(=O)C(=O)c3ccc(OC(F)(F)F)cc32)cc1,1
COc1ccc(O)c(C(C)(C)C)c1,0
COc1ccc(OCCOC(=O)C2=C(c3ccccc3)CCN(C)C2)cc1,1
COc1ccc2c(c1)CCN1Cc3c(ccc4[nH]c(C)c(C(=O)OC(C)C)c34)OC21,1
COc1ccc2c(c1)CCN1Cc3c(ccc4[nH]c(C)c(Cc5ccccc5)c34)OC21,1
COc1cccc(/C=N/N=C/c2cccc(OC)c2)c1,1
COc1cccc(CN2C(=O)C(=O)c3c(Cl)ccc(Cl)c32)c1,1
COc1cccc(CN2C(=O)C(=O)c3cc(OC(F)(F)F)ccc32)c1,1
COc1nsnc1OCCOCCOCCOCCOCCOc1nsnc1C1=CCCN(C)C1,1
CS(=O)(=O)NC(=O)c1cc(Oc2ccc(C(F)(F)F)cc2Cl)ccc1[N+](=O)[O-],0
CS(=O)(=O)c1cc(C(F)(F)F)ccc1C(=O)c1cnoc1C1CC1,0
CS(=O)(=O)c1ccc(C(=O)C2C(=O)CCCC2=O)c([N+](=O)[O-])c1,0
CSc1ccc(CCOC(=O)C2=C(c3ccccc3)CCN(C)C2)cc1,1
CSc1ccc2c(c1)N(CCC1CCCCN1C)c1ccccc1S2,1
CSc1nsnc1C1=C(C)CCN(C)C1,0
C[C@@H](C1=C(CCN(C)C)Cc2ccccc21)c1ccccn1,1
C[C@@H](Oc1ccc(CNC(=O)c2cccnc2Oc2ccc3c(c2)OCO3)c(F)c1)C(=O)O,0
C[C@@H]1CCCN1CCc1cc2cc(C(=O)c3ccc([N+](=O)[O-])cc3)ccc2o1,1
C[C@@H]1CO[C@H](C[N+](C)(C)C)CO1,0
C[C@@H]1C[C@H]2[C@@H]3CCC4=CC(=O)C=C[C@]4(C)[C@@]3(F)[C@@H](O)C[C@]2(C)[C@@]1(O)C(=O)COP(=O)([O-])[O-],0
C[C@@H]1OC[C@@H](C[N+](C)(C)C)O[C@H]1C,0
C[C@@H]1O[C@H](C[N+](C)(C)C)CS1,0
C[C@H]1OC[C@@H]([C@H]2CCC[N+]2(C)C)O1,0
C[C@H]1O[C@H](C[N+](C)(C)C)COC1(C)C,0
C[C@](N)(Cc1ccc(O)c(O)c1)C(=O)O.C[C@](N)(Cc1ccc(O)c(O)c1)C(=O)O,0
C[N+](C)(C)CC#CCOC1=NOCC1,1
C[N+](C)(CCCC(O)(c1ccccc1)c1ccccc1)CC[N+](C)(C)CCCC(O)(c1ccccc1)c1ccccc1,0
C[N+]1(C)CCC[C@@H]1[C@@H]1CS[C@@](c2ccccc2)(C2CCCCC2)O1,1
C[N+]1(C)CCC[C@H]1[C@H]1CS[C@](c2ccccc2)(C2CCCCC2)O1,1
C[N+]1(C)CCC[C@H]1c1ccc([C@@](O)(c2ccccc2)C2CCCCC2)o1,1
C[N+]1(C)CCC[C@H]1c1ccc([C@](O)(c2ccccc2)C2CCCCC2)o1,1
C[N+]1(C)CCN(CCCC(O)(c2ccccc2)c2ccccc2)CC1,1
C[N+]1(C)[C@H]2C[C@H](OC(=O)[C@H](CO)c3ccccc3)C[C@@H]1[C@H]1O[C@@H]21,1
C[N+]1(CC#CCOC2=NOCC2)CCCCC1,1
C[N+]1(CC#CCOc2cc(-c3ccccc3)on2)CCCC1,1
C[Si](Cn1cncn1)(c1ccc(F)cc1)c1ccc(F)cc1,0
Cc1c(C)c2c(c(C)c1O)CCC(C)(COc1ccc(CC3SC(=O)NC3=O)cc1)O2,0
Cc1c([N+](=O)[O-])cccc1[N+](=O)[O-],0
Cc1c2ccccc2c(C)c2c1ccc1ccccc12,0
Cc1cc(-c2ccc(N)c(C)c2)ccc1N,0
Cc1cc(C)c(O)c(C)c1,0
Cc1cc(NC(=O)C(=O)O)cc(C)c1Oc1ccc(O)c2c1CCC2,0
Cc1cc(OCC#CC[N+]2(C)CCCC2)no1,1
Cc1cc2c(cc1F)[nH]c(=O)n2C1CCN(C2CCOCC2)CC1,1
Cc1ccc(-c2cc(C(F)(F)F)nn2-c2ccc(S(N)(=O)=O)cc2)cc1,0
Cc1ccc(-c2ccccc2C(=O)NCC2CCNCC2)cc1Cl,1
Cc1ccc(/N=C/N(C)/C=N/c2ccc(C)cc2C)c(C)c1,0
Cc1ccc(C(C)C)cc1,0
Cc1ccc(C)c(C)c1,0
Cc1ccc(C23c4ccccc4C(=O)N2CCN3C(=O)c2cc(F)cc(F)c2)cc1,1
Cc1ccc(C23c4ccccc4C(=O)N2CCN3C(=O)c2ccc(SC(F)(F)F)cc2)cc1,1
Cc1ccc(C2CCCN2)o1,0
Cc1ccc(N=C=O)cc1N=C=O,0
Cc1ccc(O)cc1,0
Cc1ccc([C@@H]2CCCN2C)o1,0
Cc1ccc([N+](=O)[O-])cc1C,0
Cc1ccc([N+](=O)[O-])cc1[N+](=O)[O-],0
Cc1cccc(C(=O)N2CCC(N3CCC(Cc4ccc(S(=O)(=O)c5cccc(Cl)c5)cc4)CC3)CC2)c1N,1
Cc1cccc([N+](=O)[O-])c1,0
Cc1cccc([N+](=O)[O-])c1[N+](=O)[O-],0
Cc1ccccc1O,0
Cc1nc(-c2ccc3c(c2)CCN(CCC2CCC(NC(=O)/C=C/c4ccc(F)cc4)CC2)CC3)no1,0
Cc1nc(C)nc(N2C[C@H](C)N(c3ccnc([C@@H](C)O)n3)[C@H](C)C2)n1,0
Cc1oc(-c2ccccc2)nc1CCOc1ccc(C[C@H](Nc2ccccc2C(=O)c2ccccc2)C(=O)O)cc1,0
ClC1(Cl)C2(Cl)C3(Cl)C4(Cl)C(Cl)(Cl)C5(Cl)C3(Cl)C1(Cl)C5(Cl)C24Cl,0
ClC1=C(Cl)C2(Cl)C3C(Cl)C(Cl)CC3C1(Cl)C2(Cl)Cl,0
ClC1=C(Cl)[C@]2(Cl)[C@H]3[C@H]([C@@H]4C=C[C@H]3C4)[C@@]1(Cl)C2(Cl)Cl,0
ClCC(Cl)CCl,0
Clc1cc(Cl)c(Cl)cc1Cl,0
Clc1cc(Cl)c2c(c1)N=C1CCCCCN1C2,1
Clc1ccc(C(c2ccc(Cl)cc2)C(Cl)Cl)cc1,0
Clc1ccc(C(c2ccccc2Cl)C(Cl)(Cl)Cl)cc1,0
Clc1ccccc1C(c1ccccc1)(c1ccccc1)n1ccnc1,0
Cn1c(=O)c2[nH]cnc2n(C)c1=O,0
Cn1c(=O)cc(Oc2ccc(F)cc2F)c2cnc(NCC(C)(C)O)nc21,0
Cn1cc(-c2ccccc2)c(=O)c(-c2cccc(C(F)(F)F)c2)c1,0
Cn1sc(Cl)cc1=O,0
Fc1ccc(C(c2ccc(F)cc2)N2CCN(C/C=C/c3ccccc3)CC2)cc1,1
Fc1ccc(Oc2ccnc3cc(Cl)cc(Cl)c23)cc1,0
Fc1cccc(CCN[C@H]2C3C4CC5C6C4CC3C6C52)c1,1
N#CN,0
N#C[C@@H]1CC(F)(F)CN1C(=O)CNC1CC2CCC(C1)N2c1ncccn1,0
N#Cc1c[nH]cc1-c1cccc2c1OC(F)(F)O2,0
N#Cc1cccnc1,0
N#Cc1nn(-c2c(Cl)cc(C(F)(F)F)cc2Cl)c(N)c1S(=O)C(F)(F)F,0
NC(=O)C(c1ccccc1)(c1ccccc1)[C@@H]1CCN(CCc2ccc3c(c2)CCO3)C1,1
NC(=O)NO,0
NC(=O)OCCN1CCC(N2CCC(n3c(=O)[nH]c4ccccc43)CC2)CC1,1
NC(=O)c1nc(-c2cccc(-c3cc(F)ccc3OCC(F)(F)C(F)(F)F)c2)n[n-]1,0
NCC1(Cc2noc(=O)[nH]2)CCCCC1,0
NCCO,0
NCc1cccc(C2CCN(C(=O)c3ccc(C#Cc4ccccc4F)o3)CC2)c1,1
N[C@@H](Cc1c[nH]c2ccccc12)C(=O)O,0
N[C@@H](Cc1cc(I)c(Oc2ccc(O)c(I)c2)c(I)c1)C(=O)O,0
Nc1cc(Cl)cc(C(=O)O)c1Cl,0
Nc1ccc(-c2ccc(N)cc2)cc1,0
Nc1ccc(Cc2ccc(N)cc2)cc1,0
Nc1ccc(Nc2ccccc2)cc1,1
Nc1cccc(N)c1,0
Nc1cnn(-c2ccccc2)c(=O)c1Cl,0
O=C(C1CCN(S(=O)(=O)c2ccc3[nH]ncc3c2)CC1)N(CCF)Cc1ccccc1C(F)(F)F,1
O=C(CCCCCNC(=O)CC(c1ccccc1)(c1ccccc1)c1ccccc1)NC[C@H]1CCCN(CC2CCCCC2)C1,1
O=C(CCCN1CCC(O)(c2ccc(Cl)cc2)CC1)c1ccc(F)cc1,1
O=C(CCCNC(=O)CNC(=O)CC(c1ccccc1)(c1ccccc1)c1ccccc1)NCC1CCCN(CC2CCCCC2)C1,1
O=C(NC[C@@H]1CCCNC1)[C@H]1CCCN1C(=O)[C@@H]1C[C@@H](O)CN1C(=O)CC(c1ccc(Cl)cc1)(c1ccc(Cl)cc1)c1ccc(Cl)cc1,1
O=C(NO)C1(NS(=O)(=O)c2ccc(Oc3ccc(F)cc3)cc2)CCOCC1,0
O=C(NS(=O)(=O)/C=C/c1cccs1)c1ccc(F)cc1Br,0
O=C(N[C@@H](Cc1ccccc1)[C@@H](O)C(=O)N1C[C@H](O)[C@H](O)C1)c1cc2cc(Cl)ccc2[nH]1,0
O=C(N[C@H]1C[C@H](O)C1)c1ccc(C#Cc2cccc(F)c2)cn1,1
O=C(Nc1ccc(Cl)cc1)Nc1ccc(Cl)c(Cl)c1,0
O=C(O)C(F)(F)C(F)(F)C(F)(F)C(F)(F)C(F)(F)C(F)(F)C(F)(F)F,0
O=C(O)C(F)(F)C(F)(F)C(F)(F)C(F)(F)C(F)(F)F,0
O=C(O)C1(C(=O)Nc2ccc(Cl)cc2Cl)CC1,0
O=C(O)CC(O)C(=O)O,0
O=C(O)CCCOc1ccc(Cl)cc1Cl,0
O=C(O)CN(CC(=O)O)CC(=O)O,0
O=C(O)c1cccc(Oc2ccccc2)c1,0
O=C(OC1CN2CCC1CC2)C1=C/C(=C\c2cccnc2)c2ccccc21,1
O=C(OCCCCCCOC(=O)c1ccccc1)c1ccccc1,0
O=C(O[C@H]1C[N+]2(CCCOc3ccccc3)CCC1CC2)C(O)(c1cccs1)c1cccs1,1
O=C(Oc1ccc(Br)cc1)N1CCN2CCC1CC2,1
O=C([O-])C(Cl)(Cl)Cl,0
O=C([O-])Cc1ccccc1Nc1c(Cl)cccc1Cl,0
O=C([O-])c1[nH]n(-c2ccc(S(=O)(=O)[O-])cc2)c(=O)c1/N=N/c1ccc(S(=O)(=O)[O-])cc1,0
O=C(c1cc(F)c(F)c(F)c1)N1CCN2C(=O)c3ccccc3C12c1ccc(Cl)cc1,1
O=C(c1ccc(F)c(F)c1)N1CCN2C(=O)c3ccccc3C12C1CC1,1
O=C(c1ccc(F)c(F)c1)N1CCN2C(=O)c3ccccc3C12C1CCCC1,1
O=C(c1ccc(F)c(F)c1)N1CCN2C(=O)c3ccccc3C12c1ccc(Oc2ccccc2)cc1,1
O=C(c1ccc(F)cc1)N1CCN2C(=O)c3ccccc3C12c1ccccc1,1
O=C(c1ccc(OC(F)(F)F)cc1)N1CCN2C(=O)c3ccccc3C12c1ccc(Cl)cc1,1
O=C(c1ccc(OCCN2CCCCC2)cc1)c1c(-c2ccc(O)cc2)sc2cc(O)ccc12,1
O=C(c1ccc(SC(F)(F)F)cc1)N1CCN2C(=O)c3ccccc3C12c1ccc(Cl)cc1,1
O=C(c1cccc(C(F)(F)F)c1)N1CCN2C(=O)c3ccccc3C12c1ccc(F)cc1,1
O=C(c1ccccc1C(F)(F)F)N(CC1CCC1)[C@H]1CCNC1,1
O=C(c1ccnnc1)N1CCN2C(=O)c3ccccc3C12c1ccc(Cl)cc1,1
O=C1C(=O)N(Cc2ccc(-c3ccc(Cl)nc3)cc2)c2ccc(OC(F)(F)F)cc21,1
O=C1C(=O)N(Cc2ccc(-c3ccc(F)nc3)cc2)c2ccc(OC(F)(F)F)cc21,1
O=C1C(=O)N(Cc2ccc(-c3ccccc3)cn2)c2ccc(OC(F)(F)F)cc21,1
O=C1C(=O)N(Cc2ccc(-c3ccccc3)nc2)c2ccc(OC(F)(F)F)cc21,1
O=C1C(=O)N(Cc2ccc(-c3ccncc3)nc2)c2ccc(OC(F)(F)F)cc21,1
O=C1C(=O)N(Cc2ccc(Br)cc2)c2c(F)cccc21,1
O=C1C(=O)N(Cc2ccc(C(F)(F)F)cc2)c2ccc(F)cc21,1
O=C1C(=O)N(Cc2ccc(Oc3cccc(F)n3)cc2)c2ccc(OC(F)(F)F)cc21,1
O=C1C(=O)N(Cc2ccc3c(c2)OCO3)c2ccc(OC(F)(F)F)cc21,1
O=C1C(=O)N(Cc2ccccc2Cl)c2ccc(OC(F)(F)F)cc21,1
O=C1C2CC=CCC2C(=O)N1SC(Cl)(Cl)Cl,0
O=C1CCCCCN1,0
O=C1[N-]S(=O)(=O)c2ccccc21,0
O=C1c2ccccc2C(=O)N1CCc1noc(-c2ccc(CN3CCCCCC3)s2)n1,1
O=C=NCCCCCCN=C=O,0
O=CCCCC=O,0
O=S(=O)([O-])C(F)(F)C(F)(F)C(F)(F)C(F)(F)C(F)(F)C(F)(F)C(F)(F)C(F)(F)F,0
O=S(=O)([O-])C(F)(F)C(F)(F)C(F)(F)C(F)(F)C(F)(F)C(F)(F)F,0
O=S(=O)([O-])c1ccc(/N=N/c2c(O)ccc3cc(S(=O)(=O)[O-])ccc23)cc1,0
O=S1OCC2C(CO1)C1(Cl)C(Cl)=C(Cl)C2(Cl)C1(Cl)Cl,0
O=[N+]([O-])C(Br)(CO)CO,0
O=[N+]([O-])C(CO)(CO)CO,0
O=[N+]([O-])c1ccccc1,0
O=c1[nH]cnc2c1ncn2[C@H]1CC[C@@H](CO)O1,0
O=c1[nH]sc2ccccc12,0
O=c1ccc(=O)[nH][nH]1,0
OC(CCCN1CCCCC1)(c1ccccc1)c1ccccc1,1
OC(c1ccc(Cl)cc1)(c1ccc(Cl)cc1)C(Cl)(Cl)Cl,0
OC(c1ccc(Cl)cc1)(c1cncnc1)c1ccccc1Cl,0
OC12C3C4CC5C6C4C1C6C(C53)N2Cc1ccccc1,1
OCC1CO1,0
OCCC(F)(F)C(F)(F)C(F)(F)C(F)(F)C(F)(F)C(F)(F)C(F)(F)C(F)(F)F,0
OCCCl,0
OCCO,0
OCCOCCO,0
OCCOCCOCCO,0
OC[C@H]1O[C@H](O[C@]2(CO)O[C@H](CO)[C@@H](O)[C@@H]2O)[C@H](O)[C@@H](O)[C@@H]1O,0
OCc1ccccc1,0
Oc1ccc(C(c2ccc(O)cc2)(C(F)(F)F)C(F)(F)F)cc1,1
Oc1ccc(Cl)cc1Cc1ccccc1,0
Oc1ccc(Cl)cc1Cl,0
Oc1ccc2ccc3cccc4ccc1c2c34,0
Oc1ccc2ccccc2c1/N=N/c1ccccc1,0
Oc1ccccc1-c1ccccc1,0
Oc1ccccc1O,0
Oc1nc2ccccc2n1C1CCN(Cc2cc3c(cc2Cl)OCO3)CC1,1
S=C([S-])NCCNC(=S)[S-].S=C([S-])NCCNC(=S)[S-].[Mn+2].[Zn+2],0
S=C([S-])NCCNC(=S)[S-].[Mn+2],0
S=C1NCCN1,0
[As]#[In],0
[Hg+2],1
c1ccc(C(O[C@@H]2CCCN(CCc3ccc4c(c3)OCO4)C2)c2ccccc2)cc1,1
c1ccc(CCN[C@H]2C3C4CC5C6C4CC3C6C52)cc1,1
c1ccc(N=Nc2ccccc2)cc1,0
c1ccc(Nc2ccccc2)cc1,0
c1ccc2c(c1)-c1cccc3c1c-2cc1ccccc13,0
c1ccc2c(c1)Nc1ccccc1S2,0
c1ccc2c(c1)ccc1ccccc12,0
c1ccc2c(c1)oc1ccccc12,0
c1coc(C2CCCN2)c1,0
c1nc[nH]n1,0
