SMILES,P(Act)
CCN/C(=N\S(=O)(=O)c1cccc(Cl)c1)N1CC2(C=N1)CCNCC2,5.0
C[C@@H]1OC(=O)[C@H]2C[C@H]3CCCC[C@@H]3[C@@H](CCCN3CCN(C)CC3)[C@@H]12,6.237321436
O=C(C1CN(S(=O)(=O)c2cccnc2Cl)C1)N1CCN(c2ccncc2)CC1,5.883017225
CN(C)Cc1cccc(-c2ccc(Cn3cc(C(=O)O)c(=O)c4cccc(F)c43)cc2)c1,6.657577319
COc1ccc(Cn2c(N3CC[C@@H](N(C)C)C3)nc3ccccc32)cc1,5.602059991
CCN1CCC(c2ccccc2)=C(C(=O)OCCCc2ccccc2)C1,6.913640169
C[N+](C)(C)C[C@@H]1C[S+]([O-])[C@@](c2ccccc2)(C2CCCCC2)O1,7.659952682
O=C(O[C@H]1C[N+]2(CCc3ccccc3)CCC1CC2)C(O)(c1cccs1)c1cccs1,9.958607315
CN1CCC=C(c2nsnc2OCCCCCCCCCCCCOc2nsnc2C2=CCCN(C)C2)C1,6.7675121339999995
OC1(c2ccsc2)CN2CCC1CC2,5.036212173
O=C(NC1CC1)c1ccc(-c2ccc(Cn3cc(C(=O)O)c(=O)c4cccc(F)c43)cc2)cc1,6.958607315
NCCCCC1CCN(C(=O)[C@](O)(c2ccccc2)[C@@H]2CCC(F)(F)C2)CC1,6.853871964
CN(C)[C@H]1CCCC[C@@H]1N(C)CC(=O)N1c2ccccc2NC(=O)c2ccccc21,7.339988779
COc1cccc(/C=C/Cn2cc(C(=O)O)c(=O)c3cccc(F)c32)c1,5.853871964
CN1C2CCCC1C(OC(=O)OCC(Cl)(Cl)Cl)C2,4.853871964
CN1CCN(C2=Nc3ccccc3Oc3ccc(OS(=O)(=O)C(F)(F)F)cc32)CC1,6.30980392
NC1CCN(C(=O)[C@](O)(c2ccccc2)C2CCCC2)CC1,9.008773924
Cc1noc(-c2ccc(NC(=O)N[C@@H](Cc3ccc(O)cc3)C(=O)N[C@H]3CCC[N+](C)(Cc4ccc(O)cc4)C3)cc2)n1,6.799998135
CSc1ccc(CCOC(=O)C2=C(c3ccccc3)CCN(C)C2)cc1,6.468521083
CO/N=C(\C#N)[C@H]1CN2CCC1CC2,6.811831141
CC[C@H]1COC[C@@H](C[N+](C)(C)C)O1,4.8099998930000005
CC(C)OC(=O)c1ccc(NC(=O)N[C@@H](Cc2ccc(O)cc2)C(=O)NCC[N+](C)(C)C23CC4CC(CC(C4)C2)C3)cc1,7.882728704
O=C(C1CN(S(=O)(=O)c2cccc3c(Cl)nc(Cl)cc23)C1)N1CCN(c2ccncc2)CC1,5.259818568
C/C(C#Cc1ccc(F)cc1)=C/CO/N=C1\CN2CCC1C2,7.679853714
CN(C)c1ccc(-c2ccc(Cn3cc(C(=O)O)c(=O)c4c3CCCC4O)cc2)cn1,5.960585881
O=C(O)c1cn(Cc2ccc(-c3ccoc3)cc2)c2c(c1=O)C(O)CCC2,6.124938737000001
CC(C)OC(=O)c1ccc(NC(=O)N[C@@H](Cc2ccc(O)cc2)C(=O)N[C@H]2CCC[N+](C)(Cc3ccc(O)cc3)C2)s1,7.5000381339999995
CC(C)OC(=O)c1ccc(NC(=O)N[C@@H](Cc2ccc(O)cc2)C(=O)NCCC[N+](C)(C)Cc2ccc(Cl)cc2)cc1,6.121191068
CCC(=O)NC1CCN(CCCN2C(=O)COc3cc(F)c(F)cc32)CC1,8.0
CN1CCC=C(c2nsnc2OCCCCc2ccccc2)C1,5.334200978
CN1[C@H]2CC[C@@H]1C[C@H](OC(c1ccccc1)c1ccccc1)C2,9.471726223
O=C(O)c1cn(Cc2ccc(-c3ccc(Cl)nc3)nc2)c2c(F)cccc2c1=O,6.772113295
C=C(c1ccc(S(=O)(=O)c2ccc(OC)cc2)cc1)C1CCN(C2CCN(C(=O)C(C)C)CC2)CC1,6.93300358
CCN(CC)CCOCNC(=O)C1(c2ccc(Cl)c(Cl)c2)CCCCC1,6.235823868
O=C(N[C@H]1CCCC[C@@H]1O)c1nn(Cc2ccc(-n3cccn3)cc2)c2cccnc12,6.66756154
CCCCCCOC(=O)[C@H]1CN(CC)CC[C@H]1c1ccccc1,7.211831629
O=C(O)c1cn(Cc2ccc(OC(F)(F)F)cc2)c2ccccc2c1=O,5.744727495
CC(C)(N)CC1CCN(C(=O)[C@](O)(c2ccccc2)[C@@H]2CCC(F)(F)C2)CC1,7.431798276
O=C(NCC1CCNCC1)c1ccccc1-c1cc(Cl)ccc1Cl,7.400007822
COc1ccc([S+]([O-])c2ccc(C(C#N)N3CCN(C4CCCCC4)CC3)cc2)cc1,6.806110492
CN1CCCC1c1ccc(C(O)(c2ccccc2)c2ccccc2)o1,7.450016389
CO/N=C(\C#N)C12CCCN(CC1)C2,7.004364805
COc1ccc([S+]([O-])c2ccc(C(C)C3CCN(C4CCCCC4)CC3)cc2)cc1,9.27572413
O=C(C1CN(S(=O)(=O)c2cccc(Cl)c2Cl)C1)N1CC2CN(c3ccncc3)CC2C1,5.816898211
Cn1cc(-c2ccc(CN3C(=O)C(O)(C(F)(F)F)c4ccccc43)c(F)c2)cn1,5.392609052999999
CCCCCCCCc1ccc(O)cc1,4.9517330369999994
Brc1cc(CO/N=C/C2CN3CCC2CC3)on1,5.31799038
CCN1CCC(c2ccc(F)cc2)=C(C(=O)OCCc2ccc3c(c2)CCO3)C1,5.102372909
CN1CCC[C@H]1[C@H]1CS[C@](c2ccccc2)(C2CCCCC2)O1,8.830031826
O=C(O[C@H]1C[N+]2(CCCCc3ccccc3)CCC1CC2)C(O)(c1cccs1)c1cccs1,9.537602002
COc1cc(CO/N=C2\CN3CCC2C3)on1,4.691745145
CCN1CCN(c2ccc(NC(=O)c3ccc(OC)cc3)cc2Cl)CC1,5.4948500220000005
CCOC(=O)c1c[nH]c2ccc3c(c12)CN1CCc2cc(OC)ccc2C1O3,5.25051104
COc1ccc(CCOC(=O)C2=C(c3cccc(F)c3)CCN(C)C2)cc1OC,4.568636236000001
COc1ccc([S+]([O-])c2ccc(C(=O)C3CCN(C4CCCCC4)CC3)cc2)cc1,7.062231432999999
C[N+]1(C)[C@H]2CC[C@@H]1C[C@@H](OC(=O)N(CC1CCCCC1)c1ccsc1)C2,8.236572006
CC[C@@H]1C(=O)OC[C@@H]1Cc1cncn1C,5.3741801879999995
Cc1c(NC2CC2)nc(C2CC2)nc1N1CCCCCC1,7.7000570999999995
COc1ccc([S+]([O-])c2ccc(C(C(N)=O)N3CCN(C4CCCCC4)CC3)cc2)cc1,6.616184634
O=C1CCc2ccccc2N1CCCN1CCC(n2c(=O)[nH]c3ccccc32)CC1,6.958607315
CCN(CC)CCOCCOC(=O)C1(c2ccccc2)CCCCC1,6.869666232
CN1CCC=C(c2nsnc2OCCCCCCCCCCOc2nsnc2C2=CCCN(C)C2)C1,9.638272164
N#CCN1CCN(CC(=O)C(O)(c2ccccc2)C2CCC2)CC1,5.699621935
OCCN1CCN(CCCN2c3ccccc3Sc3ccc(C(F)(F)F)cc32)CC1,5.778716201
C=C(c1ccc(S(=O)(=O)c2ccc(OC)cc2)cc1)C1CCN(C2CCN(C(=O)OCCC)CC2)CC1,7.389978975
O=C(O[C@H]1CN2CCC1CC2)N(Cc1cccs1)c1ccccc1,9.397940009
CN1CCC(C(=O)OCCc2ccc3c(c2)CCO3)=C(c2ccccc2)C1,6.677780705
NCCCC1CCN(C(=O)[C@](O)(c2ccccc2)[C@@H]2CCC(F)(F)C2)CC1,7.036212172999999
O=C(O)c1cn(Cc2ccc3ccccc3c2)c2cccc(F)c2c1=O,7.161150909
CCCCCOC(=O)C1CN(CC)CC=C1c1ccccc1,7.071604148
C/C(=N\c1ccc2c(c1)[C@@H](NC(=O)c1ccc(Br)cc1)[C@H](O)C2)N(C)CCc1ccc(F)cc1,7.092051477999999
CN(C(=O)/C=C/c1ccc(-c2ccc(Cl)cc2)cc1)c1ccc(CN2CCCCC2)cc1,6.204119982999999
C/C(C#Cc1ccc(C)cc1)=C/CO/N=C1/CN2CCC1C2,7.0793549989999995
C[C@@H]1OC(=O)C[C@H]1C/C=C/[C@H]1CCCCN1C,5.0132282660000005
CC#CCn1c(N2CCC[C@@H](N)C2)nc2c1c(=O)n(CC(=O)c1ccccc1OCC(=O)NC)c(=O)n2C,5.930331903
Cn1cc(-c2ccc(Cn3cc(C(=O)O)c(=O)c4cccc(F)c43)nc2)cn1,6.795880017000001
N#CC1(c2ccccn2)CCN(Cc2cc(C(=O)NC3CCCCCC3)c(=O)n3ccccc23)CC1,6.517126416
O=c1[nH]c2ccccc2n1C1CCN(C2CCN(Cc3ccccc3C(F)(F)F)CC2)CC1,6.42945706
CCN(CC)CCOC(=O)C(O)(c1cccs1)C1CCCCC1,8.879426068999999
CCOC(=O)N1CCC(CN2CCC3(CC2)CN(C(=O)N(C)C)c2ncccc23)CC1,6.876148359
CCOC(=O)N1[C@H]2CC[C@@H]1C[C@@H](NCCNC(=O)N1[C@@H](C)CCC[C@H]1C)C2,5.602059991
O=C(O)c1cn(Cc2ccc(-n3cccn3)nc2)c2c(F)cccc2c1=O,6.063486257999999
O=C(O[C@H]1C[N+]2(CCCOc3ccccc3)CCC1CC2)[C@](O)(c1cccs1)C1CCCC1,9.920818753999999
CC(C)=CCCN1CCC(NC(=O)[C@](O)(c2ccccc2)C2CCCC2)CC1,7.721246399
CN1CCN(C2=Nc3cc(OS(C)(=O)=O)ccc3Nc3ccccc32)CC1,7.4202164029999995
O=C(O)c1cn(Cc2ccc(-n3ccc4ccccc43)cc2)c2cccc(F)c2c1=O,6.602059991
Cc1noc(C)c1S(=O)(=O)N1CC(C(=O)N2CCN(c3ccncc3)CC2)C1,5.6391350010000005
CCN1CC=C(c2ccccc2)C(C(=O)OCCc2ccc(OC)cc2)C1,6.798602876
CC(C)=CCCN1CCC(NC(=O)[C@](O)(c2ccccc2)[C@@H]2CCC(F)(F)C2)CC1,7.657577319
CS(=O)(=O)c1ccc(-c2ccc(Cn3cc(C(=O)O)c(=O)c4cccc(F)c43)nc2)cc1,6.585026652000001
CCOC(=O)c1ccc(NC(=O)N[C@@H](Cc2ccc(O)cc2)C(=O)NC2CCN(Cc3ccc4c(c3)OCO4)C2)cc1,6.0
O=C(NCCC1CCNCC1)[C@H]1CCCN1C(=O)[C@@H]1C[C@@H](O)CN1C(=O)CC(c1ccc(F)cc1)(c1ccc(F)cc1)c1ccc(F)cc1,6.522878745
O=C(c1cccc(Cl)c1)N1CCC(N2CCC(n3c(=O)[nH]c4cc(Cl)ccc43)CC2)CC1,5.148130398999999
CCCc1c(C(=O)OCC)c2c3c(ccc2n1C)OC1c2ccc(OC)cc2CCN1C3,5.879998926
COc1ccc(/C=C/Cn2cc(C(=O)O)c(=O)c3cccc(F)c32)cc1,6.4202164029999995
COc1ccc(COc2ccccc2-c2ccn([C@H]3CCCC[C@@H]3O)c(=O)c2)cc1,4.283996656
O=C(NC1CCN(CC2CCCC2)CC1)C(O)(c1ccccc1)C1CCCC1,5.366531544
O=C(CN1CCN(C2CCC2)CC1)C(O)(c1ccccc1)C1CCC1,6.519993057000001
C[C@@H]1OCC2(CN3CCC2CC3)O1,5.200659451
Fc1ccc(C(c2ccc(F)cc2)N2CCN(C/C=C/c3ccccc3)CC2)cc1,5.739570823999999
COc1ccc(C#C/C(C)=C\CO/N=C2/CN3CCC2C3)cc1,8.065501549
CN1CCN(CC(=O)N2c3ccccc3C(=O)Nc3cccnc32)[C@@H]2CCCC[C@@H]21,5.839999931
CCOC(=O)c1c(C)[nH]c2ccc3c(c12)CN1CCc2ccccc2C1O3,5.300222958
O=c1cc(-c2ccccc2OCc2ccc(Oc3ccccc3)cc2)ccn1[C@H]1CCCC[C@@H]1O,4.721246399
COc1c(C(=O)N[C@H]2CCCC[C@@H]2O)cc(CN2CCN(c3cnn(C)c3)CC2)c2ccccc12,5.408935392999999
C[N+](C)(C)C[C@@H]1COC[C@H](C(c2ccccc2)c2ccccc2)O1,5.420000452999999
CN(C)C1(CNCCc2ccc(Cl)cc2)COc2ccccc2OC1,6.585026652000001
C[N+]1(C)[C@H]2CC[C@@H]1C[C@@H](OC(=O)N(Cc1cccs1)c1ccccc1)C2,8.619788758
Cn1cc(NC(=O)c2cc(CN3CCC(C#N)(c4ccccn4)CC3)c3ccccn3c2=O)nn1,5.886056647999999
O=C(O[C@H]1CN2CCC1CC2)N(Cc1ccccc1)Cc1cccs1,8.055517327999999
Cc1ccc2c(-c3nnc(SCCCN4CCc5ccc(-c6cc(C)nn6C)cc5CC4)n3C)cccc2n1,5.800000875
C/C(=N\c1ccc2c(c1)[C@@H](NC(=O)c1ccc(Br)cc1)[C@H](O)C2)NCc1cccc(F)c1,7.315154637999999
O=C(NCCC1CCNCC1)[C@](O)(c1ccccc1)[C@@H]1CCC(F)(F)C1,6.853871964
CCN(CC)CCOC(=O)C1(C2CCCCC2)CCCCC1,8.667864642
CCCCCCc1[nH]c2ccc3c(c2c1C(=O)OCC)CN1CCc2cc(OC)ccc2C1O3,5.509999358
CN(C)CCC1=C(C(c2ccccc2)c2ccccn2)c2ccccc2C1,7.360015752000001
CCCCCOc1nsnc1OC1CN2CCC1CC2,6.783042793
CNCCCC12CCC(c3ccccc31)c1ccccc12,6.434152181
COc1ccc(Cc2cc(C(=O)N[C@H]3CCCC[C@@H]3O)c(OC)c3ccccc23)cn1,6.853871964
N#CC1(c2ccccn2)CCN(Cc2cc(C(=O)NC3CCCC3)c(=O)n3ccccc23)CC1,6.107905397000001
COc1ccc(OCCOC(=O)C2=C(c3ccccc3)CCN(C)C2)cc1,5.2083093510000005
O=C(O)c1cn(Cc2ccc(-c3ccncc3)cc2)c2c(F)cccc2c1=O,7.0
C[N+]1(C)CCC[C@H]1c1ccco1,4.510000061
COc1cccc(C#C/C(C)=C\CO/N=C2\CN3CCC2C3)c1,7.2915791
O=C(CN1CCN(Cc2ccc([N+](=O)[O-])cc2)CC1)C(O)(c1ccccc1)C1CCC1,6.305394801
COc1ccc([S+]([O-])c2ccc(C(C3CCCCC3)N3CCN(C4CCCCC4)CC3)cc2)cc1,7.283996656
Cn1cc(-c2ccc(CN3C(=O)C(=O)c4cccc(F)c43)c(F)c2)cn1,5.638272164
COc1c(C(=O)N[C@H]2CCCC[C@@H]2O)cc(Cc2ccc(Cl)nc2)c2ccccc12,6.585026652000001
CN(C)CCC1=C(Cc2ccncc2)c2ccccc2C1,5.36999951
O=C(O)c1cn(Cc2ccc3ccccc3c2)c2c(F)ccc(F)c2c1=O,6.575118363
CC(c1ccc(S(=O)(=O)c2ccc(C(C)(C)C)cc2)cc1)N1CCN(C2CCCCC2)CC1,7.070581074
O=C(C1CN(S(=O)(=O)c2cccc3cnccc23)C1)N1CC2CN(c3ccncc3)CC2C1,6.639132162999999
Cc1cccc(CN2CCC(NC(=O)[C@](O)(c3ccccc3)[C@@H]3CCC(F)(F)C3)CC2)c1,9.055517327999999
CN1CCC[C@@H]1c1ccc([C@@](O)(c2ccccc2)C2CCCCC2)o1,6.719991047000001
Cc1cccc(C(=O)N2CCC(N3CCC(n4c(=O)[nH]c5cc(Cl)ccc54)CC3)CC2)c1,5.675717545
Cc1ccc(Cn2nc3c4ccccc4n(Cc4cccc(F)c4)cc-3c2=O)c(C)c1,5.848853944
O=C(O[C@H]1C[N+]2(Cc3ccccc3)CCC1CC2)C(O)(c1cccs1)c1cccs1,7.0
CCN1CC=C(c2ccccc2)C(C(=O)OCCCCCc2ccccc2)C1,6.173925197000001
Nc1cccc(CN2CCC(NC(=O)[C@](O)(c3ccccc3)[C@@H]3CCC(F)(F)C3)CC2)n1,8.823908741
O=C(CN1CCN(Cc2ccc(F)cc2)CC1)C(O)(c1ccccc1)C1CCCCC1,8.045757491
CN(C)C1(CNCCC2CCC(O)CC2)COc2ccccc2OC1,7.721246399
CN1CCC=C(c2nsnc2OCCCCCCCCCCCCO)C1,5.794200377999999
COc1ccc(CCCCOC(=O)C2=C(c3ccccc3)CCN(C)C2)cc1,5.26760624
O=C(O)c1cn(Cc2ccc(-c3ccccc3)cc2)c2c(c1=O)CCCC2,6.124360062999999
COc1ncc(-c2ccc(Cn3cc(C(=O)O)c(=O)c4ccccc43)c(F)c2)cn1,6.292429824
N#Cc1cc(CO/N=C/C2CN3CCC2CC3)on1,4.177044495
C[C@@H]1OC(=O)[C@H]2C[C@H]3CCCC[C@@H]3/C(=C/CC3CCC(C)(C)N3C)[C@@H]12,6.378823718
CC(C1=C(CCN(C)C(C)C)Cc2ccccc21)c1ccccn1,6.06000179
C[C@H]1CN(Cc2cccc(-c3cc(CNC(=O)c4cccc(CN5CCNCC5)c4)ccc3F)c2)CCN1,9.0
O=C(Nc1ccccc1-c1cn2c(CN3CCNCC3)csc2n1)c1cnc2ccccc2n1,5.0958256319999995
C[S+]([O-])c1ccc(-c2nc(-c3ccc(F)cc3)c(-c3ccncc3)[nH]2)cc1,5.17930605
OC(CCN1CCCCC1)(c1ccccc1)C1CCCCC1,8.560193789
CN1CCCC1c1ccc(C(c2ccccc2)C2CCCCC2)o1,7.86998805
Fc1ccc(C#CCOc2nsnc2C23CN4CC2C3C4)cc1,7.148741651
CN1CCCCC1C/C=C/C1c2ccccc2Cc2ccccc21,8.281498311
CN(CCCc1ccc(-c2ccc(Cl)cc2)cc1)c1ccc(CN2CCCCC2)cc1,6.377785977
C=C(c1ccc(S(=O)(=O)c2ccc(OC)cc2)cc1)C1CCN(C2CCN(C(=O)OCC)CC2)CC1,8.187554597
COc1c(C(=O)O)cc(CN2CCC(C#N)(c3ccccn3)CC2)c2ccccc12,5.26760624
Cc1cc[n+]([O-])c(C)c1C(=O)N1CCC(C)(N2CCN([C@@H](C)c3ccc(C(F)(F)F)cc3)[C@@H](C)C2)CC1,6.455931956000001
C=CCOC(=O)c1c(C)[nH]c2ccc3c(c12)CN1CCc2cc(OC)ccc2C1O3,5.879998926
COc1c(C(=O)N[C@H]2CCCC[C@@H]2O)cc(Cc2ccc(C)nc2)c2ccccc12,6.91721463
C[C@@H]1O[C@H]([C@H]2CCC[N+]2(C)C)C[S+]1[O-],4.0
CN(C)CCNC(=O)C1=C(Cc2cccnc2)c2ccccc2C1,4.310000017
O=C(N[C@H]1CCCC[C@@H]1O)c1cc(CN2CCN(c3cc4ccccc4cn3)CC2)c2ccccn2c1=O,6.958607315
C/C(C#Cc1ccc(C)cc1)=C/CO/N=C1\CN2CCC1C2,7.9788107010000004
OC1(c2cccs2)CN2CCC1CC2,4.935542011
O=C(O)c1cn(Cc2ccc(Br)cc2F)c2c(F)ccc(F)c2c1=O,6.0655015489999995
CC(C)NC(=O)c1ccc(NC(=O)N[C@@H](Cc2ccc(O)cc2)C(=O)N[C@H]2CCC[N+](C)(Cc3ccc(O)cc3)C2)cc1,7.100015437000001
CC(C)C(=O)N1[C@H]2CC[C@@H]1C[C@@H](NCCNC(=O)c1ccccc1)C2,5.26760624
Cn1cc(-c2ccc(Cn3cc(C(=O)O)c(=O)c4c(F)ccc(F)c43)nc2)cn1,6.9430951489999995
C/C(C#Cc1ccc(F)cc1)=C\CO/N=C1/CN2CCC1C2,6.806875402
CC(C)OC(=O)c1ccc(NC(=O)N[C@@H](Cc2ccc(O)cc2)C(=O)N2CC[N+](C)(CCc3ccccc3)CC2)cc1,5.868926952000001
Cc1ccsc1CN(C(=O)O[C@@H]1C[C@@H]2CC[C@H](C1)N2C)c1ccccc1,6.930701987999999
C/C(=N\c1ccc2c(c1)[C@@H](NC(=O)c1ccc(Cl)cc1)[C@H](O)C2)N(C)Cc1ccc(F)cc1,7.508638306
CN1C2CCCC1C(OC(=O)c1ccccc1)C2,5.399571674
O=C(O[C@H]1CN2CCC1CC2)C1(O)c2ccccc2-c2ccccc21,9.585026652
Cc1ccc(Cn2c(C3CNCCS3)nc3ccccc32)cc1,6.031517051
C1CCC(CN2C3CCC2CC3)CC1,5.25641185
O=c1cc(-c2ccccc2OCc2ccc(-c3cnn(C4CCCC4)c3)cc2)ccn1[C@H]1CCCC[C@@H]1O,5.397940009
O=C(O[C@H]1C[N+]2(CCCOc3ccccc3)CCC1CC2)[C@](O)(c1ccccc1)c1cccs1,9.420216403
O=C(O)c1cn(C/C=C/c2ccc(F)cc2)c2c(F)cccc2c1=O,6.920818754
CCN1CCN(c2ccc(NC(=O)c3c(F)c(F)c(F)c(F)c3F)cc2Cl)CC1,6.455931956000001
O=C(NCC1=CCNCC1)c1c(F)cccc1-c1cccc(Cl)c1,8.500038134
O=C(NCC1CCNCC1)[C@H]1CCCN1C(=O)[C@@H]1C[C@@H](O)CN1C(=O)CC(c1ccc(Cl)cc1)(c1ccc(Cl)cc1)c1ccc(Cl)cc1,7.031517051
C[N+]1(C)CCC[C@H]1[C@H]1C[S+]([O-])C(c2ccccc2)(c2ccccc2)O1,7.64435695
CCN(CC)CCOC(=O)C(c1ccccc1)N1CCCCC1,6.404503778
CC(=O)OCCCCCCCCCCCCOc1nsnc1C1=CCCN(C)C1,5.900341627
COc1cccc(-c2ccc(Cn3cc(C(=O)O)c(=O)c4cccc(F)c43)nc2)c1,7.050609992999999
C#C/C=C/CO/N=C1\CN2CCC1C2,5.1932774969999995
CCN1CC=C(c2ccccc2)C(C(=O)OC2CCCCC2)C1,7.772113295
O=C(CN1CCN(Cc2ccccc2)CC1)C(O)(c1ccccc1)C1CCCC1,7.958607315
CC1(N)CCN(C(=O)[C@](O)(c2ccccc2)[C@@H]2CCC(F)(F)C2)CC1,8.327902142000001
C[C@@H]1COC[C@@H](C[N+](C)(C)C)O1,4.0
CC(C1=C(CCN(C)C)Cc2ccc(F)cc21)c1ccccn1,6.4800014710000005
COC(=O)c1c(C)n(C)c2ccc3c(c12)CN1CCc2cc(OC)ccc2C1O3,5.929999096
O=C(O)c1cn(Cc2ccc(OC(F)(F)F)cc2)c2c(F)ccc(F)c2c1=O,5.886056647999999
CN(C)[C@@H]1CCCC[C@H]1N(C)CC(=O)N1c2ccccc2NC(=O)c2ccccc21,7.649945906
CN1[C@H]2CC[C@@H]1CC(OC(=O)[C@H](CO)c1ccccc1)C2,9.569280112000001
CN(C)C1(CNCCC2CCOCC2)COc2ccc(F)cc2OC1,7.443697499
C#CCN1CCN(CC(=O)C(O)(c2ccccc2)C2CCCCC2)CC1,6.247183569
CN(C)C1(CNCCC2CCOCC2)COc2cc(Cl)c(Cl)cc2OC1,8.744727495
CS(=O)(=O)c1ccc(Cn2cc(C(=O)O)c(=O)c3cccc(F)c32)cc1,4.886056648
O=C(O)c1cn(Cc2ccc(OC(F)(F)F)cc2)c2cccc(F)c2c1=O,5.552841969
O=C1C(=O)N(Cc2ccc(Br)cc2)c2ccccc21,5.218244625
C[C@@H]1OC[C@H]2C[C@H]3CCCC[C@@H]3[C@@H](/C=C/[C@H]3CCC[C@H](C)N3C)[C@H]21,6.777283529
CC(=O)O[C@H]1O[C@@H](C)[C@@H]2[C@H](/C=C/[C@H]3CCC[C@H](C)N3C)[C@H]3CCCC[C@@H]3C[C@H]12,6.062482107999999
C[C@@H]1OC(=O)[C@H]2C[C@H]3CCCC[C@@H]3[C@@H](CCCN3CCSCC3)[C@@H]12,6.747146969
O=C(O)c1cn(Cc2cccc(OC(F)(F)F)c2)c2c(F)cccc2c1=O,5.443697499
CN(C)C1(CNCCC2CCCC2)COc2ccccc2OC1,7.677780705
O=C(O)c1cn(Cc2cnc(-c3ccccc3)nc2)c2c(F)cccc2c1=O,5.397940009
O=C(O)c1cn(Cc2cccc(OC(F)(F)F)c2)c2cccc(F)c2c1=O,5.229147988
CC(=O)OC1CN2CCC1CC2,5.3500812810000005
O=C(Cc1ccccc1)NC1CCN(CCCN2C(=O)CCc3cccc(F)c32)CC1,6.537602002000001
COc1ccc(-c2ccc(Cn3cc(C(=O)O)c(=O)c4c3CCCC4O)cc2)cn1,6.4948500220000005
c1ccc(OCCn2c(C3CCCNC3)nc3ccccc32)cc1,6.366531544
COc1cccc(CN/C(C)=N/c2ccc3c(c2)[C@@H](NC(=O)c2ccc(Br)cc2)[C@H](O)C3)c1,6.70333481
CC(C)c1nccn1C[C@@H]1CC(c2ccccc2)(c2ccccc2)C(=O)O1,5.744245212999999
O=c1cc(-c2ccccc2OCc2ccc(Br)cc2)ccn1[C@H]1CCCC[C@@H]1O,4.236572006
COc1ccc(CCN2CCC(Nc3nc4ccccc4n3Cc3ccc(F)cc3)CC2)cc1,6.179470151
Cc1ccnc2c(C(=O)N[C@H]3CCOC[C@@H]3O)cn(Cc3ccc(-c4ccn(C)n4)cc3)c12,8.045757491
O=C(N1CCNCC1)[C@](O)(c1ccccc1)[C@@H]1CCC(F)(F)C1,7.522878745
CN1[C@H]2CC[C@@H]1C[C@H](CC(C(=O)O)(c1ccccc1)c1ccccc1)C2,6.557520231
O=c1[nH]c2ccccc2n1C1CCN(C2CCCCC2)CC1,7.89997427
O=C(OC1CC2CCCC1N2)c1ccccc1,5.835647144
O=C(C#Cc1ccc(-c2ccc(Cl)cc2)cc1)Nc1ccc(CN2CCCCC2)cc1,6.647817482000001
CCN1CCN(c2ccc(NC(=O)c3cc(C(F)(F)F)ccc3C(F)(F)F)cc2Cl)CC1,6.30980392
Cn1cc(-c2ccc(CNc3ccccc3-c3ccn([C@H]4CCCC[C@@H]4O)c(=O)c3)cc2)cn1,4.1804560639999995
O=C(O[C@H]1C[N+]2(CCCc3cccs3)CCC1CC2)N(Cc1cccs1)c1ccccc1,8.795880017
CN(C)CCOC(=O)C1=C/C(=C\c2cccnc2)c2ccccc21,4.939999857
COCCc1nccn1CC1CC(c2ccccc2)(c2ccccc2)C(=O)O1,5.868381336000001
CC(=O)C(C)CC#CCN1CCCC1,5.552841969
OC1(c2cc3ccccc3s2)CN2CCC1CC2,5.958607315
Cc1ccccc1CN1CCC(N2CCC(n3c(=O)[nH]c4ccc(F)cc43)CC2)CC1,9.119186408
CCN1CC=C(c2ccccc2)C(C(=O)OCCC2CCCCC2)C1,6.97798426
COc1ccc2c(c1)CCN1Cc3c(ccc4[nH]c(C)c(C(=O)OCc5ccccc5)c34)OC21,5.929999096
CNc1ccnc(N2CCc3ccccc3C2)c1,5.920818754
COCCc1n(CC2CC(c3ccccc3)(c3ccccc3)C(=O)O2)cc[n+]1C,7.318758763
COc1ccc(CCOC(=O)C2=C(c3ccccc3)CCN(C)C2)cc1C,5.568636236000001
Cc1csc2n(Cc3ccc(Cl)cc3)c(CNC(=O)[C@H](Cc3ccc(O)cc3)NC(=O)Nc3ccc(C(=O)OC(C)C)cc3)c[n+]12,8.301029996
CN(C)CCOC(=O)C1=C(Cc2cccnc2)c2ccccc2C1,5.4500004760000005
O=C(Cc1ccccc1)NC1CCN(CCCN2C(=O)COc3ccccc32)CC1,7.214670165
O=C(CN1CCN(CCO)CC1)C(O)(c1ccccc1)C1CCCCC1,6.931814137999999
O=C(CCNC(=O)CNC(=O)CC(c1ccccc1)(c1ccccc1)c1ccccc1)NC[C@H]1CCCN(CC2CCCCC2)C1,6.920818754
Clc1ccc(-c2ccc(C#Cc3ccc(OCCN4CCCC4)cc3)nc2)cc1,6.769551079
O=C(c1ccccc1C(F)(F)F)N1CCC(N2CCC(n3c(=O)[nH]c4cc(Cl)ccc43)CC2)CC1,4.954677021
C[N+](C)(C)C[C@@H]1COC[C@@H](c2ccccc2)O1,4.579999999
O=C(NCC1CCNCC1)c1ccccc1-c1cccc(Cl)c1F,6.0
CN(C)C1(CNCCC23CC4CC(CC(C4)C2)C3)COc2ccccc2OC1,8.229147988
CCN1CCC(c2ccccc2)=C(C(=O)OCC(c2ccccc2)c2ccccc2)C1,5.548259605
O=C(NCc1cccc(-c2cccc(CN3CCNCC3)c2)c1)c1ccc2c(c1)OCO2,6.799998135
C[N+]1(C)CCC[C@H]1c1ccc([C@](O)(c2ccccc2)C2CCCCC2)o1,8.040005162
CN1CCN(C(=O)[C@H](Oc2ccccc2)c2ccccc2)CC1,6.614867597999999
Cc1cn(CC2CC(c3ccccc3)(c3ccccc3)C(=O)O2)[n+](C)c1,6.995678626
Fc1ccc(-c2ccc(CCCNc3ccc(CN4CCCCC4)cc3)nn2)cc1,5.427476902
O=C(O)c1cn(Cc2ccc(-c3cccc(Cl)c3)cc2)c2c(c1=O)C(O)CCC2,6.468521083
O=C(NC[C@H]1CCNC[C@H]1F)c1c(F)cccc1-c1cccc(Cl)c1,6.799998135
CC(=O)Nc1cccc(-c2ccc(Cn3cc(C(=O)O)c(=O)c4cccc(F)c43)nc2)c1,6.882728704
CCOC(=O)c1ccc(NC(=O)N[C@@H](Cc2ccc(O)cc2)C(=O)N[C@H]2CCC[N+](C)(Cc3ccc(F)cc3)C2)cc1,7.0
Cc1ccn(CC2CC(c3ccccc3)(c3ccccc3)C(=O)O2)[n+]1C,6.928117993
Cc1ccc2c(c1)CC(CCN(C)C)=C2C(C)c1ccccn1,6.250001022999999
CS(=O)(=O)c1ccc(Cn2cc(C(=O)O)c(=O)c3ccccc32)cc1,4.744727495
O=C(CN1CCN(CC(=O)C(O)(c2ccccc2)C2CCC2)CC1)N1CCCC1,5.753501419
Cc1nc2n(c(=O)c1CCN1CCC(c3noc4cc(F)ccc34)CC1)CCCC2,5.552841969
C(#Cc1ccccc1)CO/N=C1\CN2CCC1C2,5.326671845
CNC(=O)O[C@@H]1CN2CCC1C2,4.585026652
Cc1ccc(CN(C(=O)O[C@H]2C[C@@H]3CC[C@H](C2)[N+]3(C)C)c2ccccc2)s1,7.801342912999999
N#CC1(c2cccnc2)CCN(Cc2cc3c(c4ccccc24)CN([C@H]2CCCC[C@@H]2O)C3=O)CC1,7.657577319
CCN(CC)CCOC(=O)c1ccccc1Sc1ccc(Cl)cc1,5.797375476
CCCCCCSc1nccnc1SC1CN2CCC1C2,7.522878745
Nc1cc(CO)nc(N2CCc3ccccc3C2)c1,5.958607315
O=C(O)c1cn(Cc2c(F)cccc2F)c2c(F)cccc2c1=O,6.0
CCOC(=O)c1c(C)[nH]c2ccc3c(c12)CN1CCc2cc(Oc4ccccc4)ccc2C1O3,5.707899062
CN1[C@H]2CC[C@@H]1C[C@H](CC(O)(c1ccccc1)c1ccccc1)C2,8.424215795
COc1cccc(C#CCO/N=C2\CN3CC[C@@H]2C3)c1,7.37675071
Cc1nc(C(F)(F)F)c(S(=O)(=O)N2CC(C(=O)N3CCN(c4ccncc4)CC3)C2)s1,5.601028465
Cc1ccc(CN2CCC(NC(=O)C(O)(c3ccccc3)C3CCCC3)CC2)cc1,8.455931956
Cn1cc(-c2ccc(Cn3cc(C(=O)N[C@H]4CCCC[C@@H]4O)c4ncccc43)c(F)c2)cn1,8.008773924
CCOCc1n(CC2CC(c3ccccc3)(c3ccccc3)C(=O)O2)cc[n+]1C,6.610833916
O=C(NC1CCN(Cc2cccc(O)c2)CC1)[C@](O)(c1ccccc1)[C@@H]1CCC(F)(F)C1,8.920818753999999
Fc1ccc([C@@H]2CCNC[C@H]2COc2ccc3c(c2)OCO3)cc1,7.045757491
CN1CCN(C(=O)[C@@](F)(Cc2ccccc2)c2ccccc2)CC1,7.7473896589999995
O=C1OC(Cn2cc[n+]3c2CCC3)CC1(c1ccccc1)c1ccccc1,7.0409586079999995
COc1ccc(COc2ccc(-c3cc(/C=C4/CN5CCC4C5)on3)cc2OCc2ccc(OC)cc2)cc1,5.910801632999999
CC#CCn1c(N2CCC[C@@H](N)C2)nc2c(C)nn(Cc3nc(C)c4ccccc4n3)c(=O)c21,7.031517051
O=C1CCc2ccccc2N1CCCN1CCC(CCCCCCCCCCCO)CC1,6.909988976
C(#Cc1ccccc1)CSc1nsnc1[C@@H]1CN2CCC[C@H]1C2,9.0
NC(=O)C(c1ccccc1)(c1ccccc1)[C@@H]1CCN(CCc2ccc3c(c2)CCO3)C1,8.259637311
O=C(O)c1cn(Cc2ccc(-c3ccc4[nH]ccc4c3)nc2)c2c(F)cccc2c1=O,7.187086643
CC(=O)OC1CC2CCCC1N2,4.800078841
CN1CCN(C(=O)C(Cc2cccnc2)c2ccccc2)CC1,6.300513492
COc1ccc(C#CCO/N=C2\CN3CCC2C3)cc1,4.974694135
CCO[C@H]1CC[C@](C)(N2CCC(N3C(=O)Cc4ccc(C)cc43)CC2)CC1,9.400007822000001
O=C(NCC1CCNCC1)[C@H]1CCCN1C(=O)[C@@H]1C[C@@H](O)CN1C(=O)CC(c1ccccc1)(c1ccccc1)c1ccccc1,5.744727495
C1CC(O/N=C2\CN3CCC2C3)C1,5.954677021
CCOc1noc2c1CNCCC2,7.022276395
O=C(N[C@H]1CCCC[C@@H]1O)c1cn(Cc2ccc3ncccc3c2)c2cccnc12,6.732828272000001
COc1ccccc1COc1ccccc1-c1ccn([C@H]2CCCC[C@@H]2O)c(=O)c1,4.522878745
O=C(O)c1cn(Cc2ccc(-c3ccccc3)cc2)c2c(c1=O)CCC2,6.091514981
O=C(NCC1CCNCC1)c1ccccc1-c1ccc(Cl)c(Cl)c1,7.299988937999999
O=C(CCC1=[N+]2C(=Cc3ccc(-c4cccs4)n3[B-]2(F)F)C=C1)NCCOCCOCCN1CCN(CC(=O)N2c3ccccc3C(=O)Nc3cccnc32)CC1,7.473014931
CCCCN(C(=O)O[C@H]1CN2CCC1CC2)c1ccccc1,8.958607315
O=C1COc2ccccc2N1CCCN1CCC(n2c(=O)[nH]c3ccncc32)CC1,5.920818754
Cc1n(CC2CC(c3ccccc3)(c3ccccc3)C(=O)O2)cc[n+]1Cc1ccccc1,8.397940009
CN1CCN(C2=Nc3ccccc3Nc3ccc(OS(C)(=O)=O)cc32)CC1,6.0
CCOC(=O)N1C2CCC1CC(N1CC[C@H](NC(=O)c3ccccc3)C1)C2,5.920818754
C[N+]1(C)[C@H]2CC[C@@H]1C[C@@H](OC(=O)N(Cc1ccccc1Br)c1ccccc1)C2,6.37675071
CC(C)=CCCN1CCC(NC(=O)[C@](O)(c2ccccc2)[C@H]2CC[C@@H](F)C2)CC1,7.214670165
CCCCn1cc(-c2ccc(COc3ccccc3-c3ccn([C@H]4CCCC[C@@H]4O)c(=O)c3)cc2)cn1,4.853871964
C[C@@H]1O[C@H]([C@H]2CCCN2C)C[S+]1[O-],4.0
O=C(OCOCCN1CCCC1)C1(c2ccc(Cl)c(Cl)c2)CCCCC1,7.200659451
CCCCSc1nsnc1OC1CN2CCC1CC2,7.651695137000001
C(#Cc1ccsc1)CO/N=C1\CN2CCC1C2,5.315154638
C1=C(c2ccc[se]2)C2CCN1CC2,6.387216143
CN(C)C1(CNCC2CCCCC2)COc2ccccc2OC1,7.508638306
O=C(OC1CC2CCCC1N2)C1CCCCC1,4.979431565
C[N+]12CCC(CC1)C(c1cc3ccccc3o1)C2,6.283996656
CCN1CCN(C(=O)C(Cc2ccccc2)c2ccccc2)CC1C,6.582503396
CC(C1=C(CCN(C)CCF)Cc2ccccc21)c1ccccn1,6.219999702000001
O=C(O)c1cn(Cc2ccc(-n3ccc4ncccc43)cc2)c2cccc(F)c2c1=O,6.823908741
C=C(c1ccc(S(=O)(=O)c2ccc(OC)cc2)cc1)C1CCN(C2CCN(S(=O)(=O)Cc3ccccc3)CC2)CC1,7.477034405
CN(C)C1(CNCCc2c(Cl)cccc2Cl)COc2ccccc2OC1,6.26760624
Cn1c(SCCCN2CC3CCN(c4ccccc4C(F)(F)F)C3C2)nnc1-c1cccnc1,6.199998172000001
CN(C)CCNC(=O)C1=C(Cc2ccncc2)c2ccccc2C1,4.269999997
CN(C)C1(CNCC=C2CCOCC2)COc2ccccc2OC1,7.0655015489999995
N#CC1(c2ccccc2)CCN(Cc2cc(C(=O)N[C@H]3CCCC[C@@H]3O)c(=O)n3ccccc23)CC1,7.346787486
COc1ccc(CCN2C3C4C5CC6C7C5C3C7C2(O)C64)cc1,7.4948500220000005
CN1CCC(c2ccccc2)=C(C(=O)OCCc2ccc3c(c2)CCO3)C1,6.537602002000001
Cn1c(=O)c2c(ncn2CCCN2CCC(C(c3ccccc3)c3ccccc3)CC2)n(C)c1=O,7.3372421679999995
O=c1[nH]c2ccccc2n1C1CCN(C2CCOCC2)CC1,7.199970641
Nc1cc(N2CCc3ccccc3C2)nc2c1CCC2,6.292429824
C[C@@H]1OC[C@@H](C[N+](C)(C)C)OC1(C)C,4.4199999960000005
C=C(c1ccc(S(=O)(=O)c2ccc(OC)cc2)cc1)C1CCN(C2CCN(C(=O)OCC(C)C)CC2)CC1,7.9788107010000004
O=c1cc(-c2ccccc2OCc2cccc(C(F)(F)F)c2)ccn1[C@H]1CCCC[C@@H]1O,4.522878745
O=C(O)c1cn(Cc2ccc(-c3ccccc3Cl)cc2)c2c(c1=O)C(O)CCC2,5.853871964
N#CC1(c2ccccn2)CCN(Cc2cc(C(=O)NC3CCCCC3(F)F)c(=O)n3ccccc23)CC1,6.688246138999999
CCN1CCCN(C(=O)C(Cc2ccccc2)c2ccccc2)CC1,7.425101011000001
C[C@@H]1OC(=O)[C@H]2C[C@H]3CCCC[C@H]3[C@H](C#C[C@H]3CCC[C@H](C)N3C)[C@@H]12,5.269999835
CCN1CCN(c2ccc(NC(=O)c3ccccc3Cl)cc2Cl)CC1,6.017728767
CC(C)=CCn1c(N2CCC[C@@H](N)C2)nc2c1c(=O)n(Cc1nccc3ccccc13)c(=O)n2C,8.301029996
COc1ccc(COc2ccc(-c3cc(/C=C4\CN5CCC4C5)on3)cc2OCc2ccc(OC)cc2)cc1,6.9430951489999995
O=C(O)c1cn(Cc2ccc(-c3ccnc(Cl)c3)cn2)c2c(F)cccc2c1=O,6.772113295
C/C(=N\c1ccc2c(c1)[C@@H](NC(=O)c1ccc(Br)cc1)[C@H](O)C2)N(C)c1ccc(F)cc1,6.928117993
Nc1ccccc1-c1ccn([C@H]2CCCC[C@@H]2O)c(=O)c1,3.860120914
CCCCCc1noc(C2CN(CC)CC=C2c2ccccc2)n1,6.051293691000001
CO/N=C(\C#N)C12CCN(CC1)C2,5.782516056
C/C(C#Cc1ccc(Cl)c(Cl)c1)=C\CO/N=C1\CN2CCC1C2,6.400116927999999
COc1ccccc1-c1ccc(Cn2cc(C(=O)O)c(=O)c3c2CCCC3O)cc1,5.508638306
CN1CCC[C@@H]1[C@@H]1CS[C@@](c2ccccc2)(C2CCCCC2)O1,9.040005162
C[N+]1(C)CCC[C@@H]1c1ccco1,4.289999986000001
Cc1ccc[n+]2ccn(CC3CC(c4ccccc4)(c4ccccc4)C(=O)O3)c12,7.022276395
O=C(CCc1ccccc1)NC1CCN(CCCN2C(=O)COc3ccccc32)CC1,6.0132282660000005
O=C(O)c1cn(Cc2ccc(-c3cccnc3)cc2)c2cccc(F)c2c1=O,7.214670165
O=C(N1CCCNCC1)[C@](O)(c1ccccc1)[C@@H]1CCC(F)(F)C1,7.853871964
CN1CCC[C@H]1[C@H]1CS[C@@](c2ccccc2)(C2CCCCC2)O1,8.860120914
CC(C)OC(=O)c1ccc(NC(=O)N[C@@H](Cc2ccc(O)cc2)C(=O)NCC[N+](C)(C)Cc2ccc(Cl)cc2)cc1,5.844906992
O=C(C1CN(S(=O)(=O)c2ccc3c(c2)OCO3)C1)N1CCN(c2ccncc2)CC1,6.080461695
CN(C)CCN(Cc1cccs1)c1ccccn1,5.528488263
Cc1cccc(N(Cc2cc(F)c(F)cc2F)C(=O)O[C@H]2C[N+]3(CCOc4ccccc4)CCC2CC3)c1,8.619788758
O=C1COc2ccccc2N1CCCN1CCC(n2c(=O)[nH]c3c(F)cccc32)CC1,6.958607315
C[C@@H]1OC(=O)[C@H]2C=C3CCCC[C@@H]3/C(=C/CC3CCC(C)(C)N3C)[C@@H]12,6.752026734
CCOCCOCCOCCOc1nsnc1C1=CCCN(C)C1,6.199998172000001
COc1ccc2c(c1)C(C(C)c1ccccn1)=C(CCN(C)C)C2,5.430000268
NC(=O)C(CCn1ccnc1)(c1ccccc1)c1ccccc1,8.222573178
O=C1COc2ccccc2N1CCCN1CCC(n2c(=O)[nH]c3cc(F)ccc32)CC1,7.1804560639999995
CN1CCC=C(c2nsnc2SCCCCCCCCCSc2nsnc2C2=CCCN(C)C2)C1,7.164309428999999
CN1CCC=C(c2nsnc2OCC#Cc2ccccc2)C1,6.222571365
CCN(CC)CCCCCOC(=O)C(C)(c1ccccc1)C1CCCCC1,6.525783736
CO/N=C/C1=CCCN(C)C1,5.5494114429999994
O=C(O)c1cn(CC#Cc2ccccc2)c2c(F)cccc2c1=O,5.468521083
Cc1cccc(CN2CCC(NC(=O)C(O)(c3ccccc3)C3CCCC3)CC2)c1,8.853871964
O=C1CCCN1CC#CCN1CCCC1,5.336345922
CCOC(=O)N1CCN(C(C)c2ccc(S(=O)(=O)c3ccccc3)cc2)CC1,6.6989700039999995
CCCCCCCc1nsnc1C1=CCCN(C)C1,6.649751982000001
O=c1cc(-c2ccccc2O)ccn1[C@H]1CCCC[C@@H]1O,4.102372909
CO[C@H]1CCCC[C@@H]1NC(=O)c1cc(CN2CCC(C#N)(c3ccccn3)CC2)c2ccccn2c1=O,6.419075024
Clc1cc(CO/N=C2\CN3CCC2C3)on1,4.740848285
C[N+]1(C)CCC[C@H]1[C@H]1CSC(c2ccccc2)(c2ccccc2)O1,9.530030791
Cc1cc[n+]2ccn(CC3CC(c4ccccc4)(c4ccccc4)C(=O)O3)c2c1,6.567030709
CN(Cc1ccccc1)C1CCN(c2nc3ccccc3n2Cc2ccc(F)cc2)CC1,5.445995679
C=C(c1ccc(S(=O)(=O)c2ccc(OC)cc2)cc1)C1CCN(C2CCN(S(=O)(=O)CC)CC2)CC1,7.128018646
Oc1nc2ccccc2n1C1CCN(Cc2cc3c(cc2Cl)OCO3)CC1,6.200659451
CCCCCCSc1cncc(OC2CN3CCC2C3)n1,7.657577319
O=C(NC1CCN(Cc2cccc(CO)c2)CC1)[C@](O)(c1ccccc1)[C@@H]1CCC(F)(F)C1,7.769551079
COc1ccc(CN(C(=O)O[C@@H]2C[C@@H]3CC[C@H](C2)N3C)c2ccccc2)cc1,6.134067332000001
O=C(O[C@H]1CN2CCC1CC2)N(Cc1ccccc1)c1ccccc1,9.397940009
O=C(O)c1cn(Cc2c(F)cccc2F)c2cccc(F)c2c1=O,5.886056647999999
C(#Cc1ccccc1)COc1nsnc1C1CN2CCC1CC2,7.8041003479999995
O=c1cc(-c2ccccc2NCc2ccc(Br)cc2)ccn1[C@H]1CCCC[C@@H]1O,4.346787486
C=C(c1ccc(Sc2ccc(OC)cc2)cc1)C1CCN(C2CCCCC2)CC1,8.356547324
Cc1ccn(-c2ccc(Cn3cc(C(=O)O)c(=O)c4c(F)cccc43)cc2)n1,7.443697499
COc1ccccc1C1(O)CN2CCC1CC2,5.13076828
O=c1cc(-c2ccccc2OCc2ccc(-c3cn[nH]c3)cc2)ccn1[C@H]1CCCC[C@@H]1O,4.552841969
CCCCOC(=O)C1CN(CC)CC=C1c1ccccc1,7.11463878
Nc1ccc(-c2ccc(Cn3cc(C(=O)O)c(=O)c4cccc(F)c43)nc2)cn1,6.6989700039999995
CCN1CCN(C(=O)C(Cc2ccccc2)c2ccccc2)CC1,6.2420576510000005
CCO[C@H]1CC[C@](C)(N2CCC(n3c(=O)oc4ccc(OC)cc43)CC2)CC1,8.599980365
Cc1ccc(Cn2nc3c4ccccc4n(Cc4ccc(-n5cccn5)cc4)cc-3c2=O)c(C)c1,5.939651624
Cn1cc(-c2ccc(Cn3cc(C(=O)N[C@H]4COCC[C@@H]4O)c4ncccc43)cc2)cn1,7.954677021
Cc1ccc2c(c1)C(C(C)c1ccccn1)=C(CCN(C)C)C2,5.790000026
CN1[C@H]2CC[C@@H]1C[C@H](CC(CO)(c1ccccc1)c1ccccc1)C2,8.38866621
CC(=O)OCC[N+](C)(C)C,4.781310464
CNCc1nccn1CC1CC(c2ccccc2)(c2ccccc2)C(=O)O1,5.323946875
CC(c1ccc(S(=O)(=O)c2ccccc2)cc1)N1CCN(c2ccccc2)CC1,5.321481621
C[N+](C)(CC#CCOC1=NOCC1)CCCCCCNC(=O)c1cn(Cc2ccccc2)c2cc(Cl)c(F)cc2c1=O,6.239147958999999
Cc1ccccc1CN1CCC(N2CCC(n3c(=O)[nH]c4cc(Cl)ccc43)CC2)CC1,5.987162775
COC(=O)C1=CCCN(C)C1,4.405067305
CN(C)C1(CNCCC2=CCSCC2)COc2ccccc2OC1,6.853871964
CCCSc1nsnc1OC1CN2CCCC1C2,9.0
COc1ccc(Cn2cc(C(=O)O)c(=O)c3c(F)cccc32)cc1,5.6989700039999995
O=C(O[C@H]1CN2CCC1CC2)[C@](O)(c1ccccc1)c1cccs1,9.638272164
COC(=O)c1ccc(NC(=O)N[C@@H](Cc2ccc(O)cc2)C(=O)NC2CCN(Cc3ccc(O)cc3)C2)cc1,6.0
CCC(=O)NC1CCN(CCCN2C(=O)CCc3cc(F)ccc32)CC1,8.045757491
CC(C)(C)OC(=O)Nc1ccc(-c2cc(/C=C3/CN4CCC3CC4)on2)cc1,6.093664958
CC(C)(O)c1nccn1CC1CC(c2ccccc2)(c2ccccc2)C(=O)O1,5.817870786
Cc1cc(N2CCN(C(=O)C3CN(S(=O)(=O)c4cccc5cnccc45)C3)CC2)cc(C)n1,6.160575379
O=C1OC(Cn2cccn2)CC1(c1ccccc1)c1ccccc1,6.974694135
CC(C)Oc1noc2c1CNCCC2,6.769551079
CC(c1ccc(S(=O)(=O)c2ccc(S(C)(=O)=O)cc2)cc1)N1CCN(C2CCCCC2)CC1,6.974694135
CN1CCCC(CN2c3ccccc3Sc3ccccc32)C1,7.30980392
N#CC1(c2ccccn2)CCN(Cc2cc(C(=O)NC3CCSCC3)c(=O)n3ccccc23)CC1,6.463441557
C#CCCO/N=C1\CN2CCC1C2,4.840132153
C1=C(c2cccs2)C2CCN1CC2,6.537602002000001
C[C@H](c1ccccn1)c1c(CCN(C)C)sc2ccccc12,6.004364805
Nc1cccc(-c2ccc(Cn3cc(C(=O)O)c(=O)c4c3CCCC4O)nc2)c1,6.37675071
CCOCCn1c(N2CC[C@H](N(C)C)C2)nc2ccccc21,5.823908741
CC1CCc2n(CC3CC(c4ccccc4)(c4ccccc4)C(=O)O3)cc[n+]2C1,5.9273825229999995
CN(C1CCOCC1)C1CCN(c2nc3ccccc3n2Cc2ccc(F)cc2)CC1,4.83129632
CNCCC(Oc1ccc(C(F)(F)F)cc1)c1ccccc1,5.701802132999999
CN(C)CCOC(=O)C1=C/C(=C\c2ccccn2)c2ccccc21,5.149999868
Cc1cc(N)cc(N2CCc3ccccc3C2)n1,5.585026652000001
CC#CCn1c(N2CCCC(N)C2)nc2cnn(Cc3ccc(C#N)c4ccccc34)c(=O)c21,6.064492734
C=CCN1CCN(CC(=O)C(O)(c2ccccc2)C2CCC2)CC1,7.008773924
Cc1nccn1CC1CC(c2ccccc2)(c2ccccc2)C(=O)O1,7.229147987999999
CC#CCn1c(N2CCCC(N)C2)nc2cnn(CC3=Nc4ccccc4Oc4ccccc43)c(=O)c21,5.251269444
CCC[C@@H]1C[C@H](N(C)C(C)C)CC[C@@H]1N1CC[C@H](Nc2ncnc3ccc(C(F)(F)F)cc23)C1=O,6.467245621
O=C(O)c1cn(Cc2ccc(OC(F)(F)F)cc2)c2c(F)cccc2c1=O,5.677780705
O=c1cc(-c2ccccc2OCc2ccc(-c3cnn(C4CCCCC4)c3)cc2)ccn1[C@H]1CCCC[C@@H]1O,5.6989700039999995
CS(=O)(=O)c1ccc(Cn2cc(C(=O)O)c(=O)c3c(F)ccc(F)c32)cc1,4.795880017
O=C(NCC1CCNCC1)c1ccc(Cl)cc1-c1cccc(Cl)c1,7.0
CCOC(=O)c1ccc(NC(=O)N[C@@H](Cc2ccc(O)cc2)C(=O)NC2CCN(Cc3cccc(C#N)c3)C2)cc1,6.599997654
O=C(NCCO)c1cccc(-c2ccc(Cn3cc(C(=O)O)c(=O)c4cccc(F)c43)cc2)c1,7.004364805
C[C@H]1OC[C@@H]([C@H]2CCC[N+]2(C)C)O1,4.279999967
O=C1CCc2c(F)cccc2N1CCCN1CCC(n2c(=O)[nH]c3ccccc32)CC1,7.167491087
CCN1CCC(c2ccccc2)=C(C(=O)OC2CCCCC2)C1,7.742321425
C[N+]1(C)CCC[C@@H]1[C@@H]1CSC(c2ccccc2)(c2ccccc2)O1,8.630042393
O=C(O)c1cn(Cc2ccc(-c3ccccc3)cc2)c2c(F)cccc2c1=O,6.420978992999999
Cc1ccc2n(CC3CC(c4ccccc4)(c4ccccc4)C(=O)O3)cc[n+]2c1,6.537602002000001
Clc1cccc(-c2ccccc2/C=C/CC2CCNCC2)c1,6.0
CCN(CC)CCSC(=O)C(O)(c1ccccc1)c1ccccc1,8.88941029
Cc1ccc2nc(O)n(C3CCN(Cc4cc5c(cc4Cl)OCO5)CC3)c2c1,6.2549252079999995
Clc1ccc(COC(Cn2ccnc2)c2ccc(Cl)cc2Cl)cc1,5.785421046000001
O=C(CN1CCN(Cc2cccs2)CC1)C(O)(c1ccccc1)C1CCC1,7.113509275
O=C(O)c1cn(Cc2ccc(-n3cccn3)cc2)c2c(c1=O)C(O)CCC2,5.863596552000001
CC(C)(CN1C(=O)c2cccc3cccc(c23)C1=O)C[N+](C)(C)CCCCCC[N+](C)(C)CC#CCN1CCCC1=O,4.439999946
N#CC1(c2ccncc2)CCN(Cc2cc(C(=O)O)c(=O)n3ccccc23)CC1,6.027797162000001
Cc1cc(NCCN2C3CCCC2CC3)nnc1-c1ccccc1,7.3010299960000005
O=C(NCC1CCNCC1)c1cccc(F)c1-c1cccc(Cl)c1,5.300000202
CO/N=C(\C#N)[C@H]1CN2CC[C@H]1C2,5.928117993
COc1nsnc1OCCOCCOCCOCCOCCOc1nsnc1C1=CCCN(C)C1,6.488584593
CN1CCCC(c2nc3ccccc3n2Cc2ccc(F)cc2)C1,5.537602002000001
O=C(NCC1CCNCC1)c1ccccc1-c1nc(Cl)cs1,6.599997654
N#CC1(c2ccccn2)CCN(Cc2cc(C(=O)NC3CCC3)c(=O)n3ccccc23)CC1,6.008773924
O=C(C(Cc1ccccc1)c1ccccc1)N1CCC(N2CCCC2)CC1,5.420108415
CN1CCC[C@H]1c1ccco1,4.360000032
CCCCCc1noc(C2=C(c3ccccc3)CCN(CC)C2)n1,5.963490871
C[C@H]1CNCC[C@@H]1CNC(=O)c1c(F)cccc1-c1cccc(Cl)c1,9.100015437
CC(C1=C(CCN2CCOCC2)Cc2ccccc21)c1ccccn1,5.359999833
CC(C)=CCn1c(N2CCC[C@H](N)C2)nc2c1c(=O)n(CC(=O)c1ccccc1)c(=O)n2C,7.3010299960000005
O=C(CCNS(=O)(=O)c1cccc2nonc12)N1CCN(c2ccncc2)CC1,5.585026652000001
CCN(CC)CC#CCOC(=O)C(O)(c1ccccc1)C1CCCCC1,8.472498989
O=C(NC1CCN(Cc2ccccc2)CC1)[C@](O)(c1ccccc1)[C@@H]1CCC(F)(F)C1,8.619788758
O=C(O)c1cn(Cc2ccc(-c3ccccc3)cc2F)c2ccccc2c1=O,7.3010299960000005
CN(C)CCCOC(=O)C(C)(c1ccccc1)C1CCCCC1,8.721246399
COc1ccc(CN2C3C4C5CC6C7C5C3C7C2(O)C64)cc1OC,5.336299075
C[N+]12CCC(CC1)[C@@H](OC(=O)C(O)(c1cccs1)c1cccs1)C2,9.366531543999999
C[C@@H](c1ccccn1)c1c(CCN(C)C)oc2ccccc12,9.494850022
CCN1CCC(c2ccccc2)=C(C(=O)OCCCCCc2ccccc2)C1,6.499351937
CCN(CCCCC1CCN(CC(=O)N2c3ccccc3NC(=O)c3ccccc32)CC1)C(=O)c1cccc(I)c1,7.17327748
O=c1[nH]c2cc(Cl)ccc2n1C1CCN(C2CCN(S(=O)(=O)c3ccccc3)CC2)CC1,5.387216143
COc1ccc(-c2ccc(Cn3cc(C(=O)O)c(=O)c4cccc(F)c43)cc2)cn1,7.200659451
CCN1CCC(c2ccccc2)=C(C(=O)OCCCc2ccc(OC)cc2)C1,5.482804102
N#Cc1ccc(COc2ccccc2-c2ccn([C@H]3CCCC[C@@H]3O)c(=O)c2)cc1,4.853871964
COc1cc(CO/N=C/C2CN3CCC2CC3)on1,4.807697441
Cc1ccccc1Cn1nc2c3ccccc3n(Cc3ccccc3)cc-2c1=O,6.108114242999999
O=C(O)c1cn(Cc2ccc(-c3ccccc3)nn2)c2c(F)cccc2c1=O,6.408935392999999
CN1CCC[C@H]1[C@H]1C[S+]([O-])[C@](c2ccccc2)(C2CCCCC2)O1,6.501441348999999
CCOC(=O)N1CC[C@H]2[C@@H](CCCN2CCNC(=O)c2ccccc2)C1,2.494850022
CN(C)CCCCOC(=O)C(C)(c1ccccc1)C1CCCCC1,7.390405591
O=C(C(Cc1ccccc1)c1ccccc1)N1CC[C@H]2CCCN2CC1,5.90170939
Cc1ccc2oc(N3CCN4CCC3CC4)nc2n1,4.853871964
CN1CCC=C(c2nsnc2OCCCCCCCCOc2nsnc2C2=CCCN(C)C2)C1,9.721246399
COc1ccc(CCC(=O)OCC2(c3ccccc3)CCN(C)CC2)cc1OC,5.440093375
Cn1cc(-c2ccc(CN3C(=O)C4(CCN(C5CCCC5)C4)c4ccccc43)cc2F)cn1,5.699484947999999
CC(C)c1ccc(CCNCC2(N(C)C)COc3ccccc3OC2)cc1,6.6989700039999995
O=C(O)c1cn(Cc2cccc(OC(F)(F)F)c2)c2ccccc2c1=O,5.387216143
OC1(c2ccccn2)CN2CCC1CC2,5.0
CC(C)OC(=O)c1ccc(NC(=O)N[C@@H](Cc2ccc(O)cc2)C(=O)NCC[N+](C)(Cc2ccc(Cl)cc2)Cc2ccc(Cl)cc2)cc1,6.42181939
O=C(O)c1cn(CCc2ccccc2)c2c(F)cccc2c1=O,4.619788758
O=C(O)c1cn(Cc2ccc(C(F)(F)F)cc2)c2c(F)ccc(F)c2c1=O,6.119186407999999
O=C(O)c1cn(Cc2ccc(-c3cn[nH]c3)cc2F)c2cccc(F)c2c1=O,7.387216143
CN1[C@H]2CC[C@@H]1C[C@@H](OC(=O)N(Cc1cccs1)c1ccccc1)C2,7.316052869
CN1CCC=C(c2nsnc2OCCCCn2ccnc2)C1,4.656722522
N#CC1(c2ccccc2)CCN(Cc2cc3c(c4ccccc24)CN([C@H]2CCCC[C@@H]2O)C3=O)CC1,7.080921908
O=C1CCON1CC#CCN1CCCCC1,6.086716097999999
C/C(=N\c1ccc2c(c1)[C@@H](NC(=O)c1ccc(F)cc1)[C@H](O)C2)N(C)Cc1ccc(F)cc1,6.406713933
O=C(O)c1cc(CN2CCC(c3ccccc3)CC2)c2ccccn2c1=O,5.872247484
COC(=O)c1c(C)[nH]c2ccc3c(c12)CN1CCc2cc(OC)ccc2C1O3,5.42159003
O=C1CCON1CC#CCN1CCCC1,6.043351421000001
N#CC1(c2cccc(Cl)n2)CCN(Cc2cc(C(=O)O)c(=O)n3ccccc23)CC1,6.876148359
O=C(O)c1cn(Cc2ccc(-c3cccc4cccnc34)cc2)c2cccc(F)c2c1=O,6.721246399
Clc1cc(CO/N=C/C2CN3CCC2CC3)on1,4.915513092
C/C(=N\c1ccc2c(c1)[C@@H](NC(=O)c1ccc(-c3ccccc3)cc1)[C@H](O)C2)N(C)Cc1ccc(F)cc1,7.642065153
NCc1cccc(CN2CCC(NC(=O)[C@](O)(c3ccccc3)[C@@H]3CCC(F)(F)C3)CC2)c1,6.468521083
Fc1cc(F)cc(C#CCSc2nsnc2C23CN4CC2C3C4)c1,8.119186408
CCN1CCN(c2ccc(NC(=O)c3cc(C(F)(F)F)cc(C(F)(F)F)c3)cc2Cl)CC1,5.585026652000001
CCOC(=O)N1[C@H]2CC[C@@H]1C[C@@H](NCCNC(=O)c1ccccc1C)C2,5.958607315
O=C(CN1CCN(Cc2ccccc2)CC1)C(O)(c1ccccc1)C1CCCCC1,7.795880017000001
CCCCCCOc1nccnc1O[C@@H]1CN2CCC1C2,6.620694482
CCN(CC)CCOCCOC(=O)C1(c2ccccc2)CCCC1,7.119186407999999
CC(=O)NC(CCCNC(=N)N)C(=O)CCCCCCCCNC(=N)N,5.850780887000001
COc1nsnc1OCCCCCCCCCCCCOc1nsnc1C1=CCCN(C)C1,5.922020152999999
CCCCN(C(=O)O[C@H]1C[N+]2(CCOc3ccccc3)CCC1CC2)c1ccccc1,8.853871964
CCCCCCCCCCOC(=O)C1CN(CC)CC=C1c1ccccc1,6.314975215
C[C@H]1CNCC[C@]1(F)CNC(=O)c1c(F)cccc1-c1cccc(Cl)c1,8.0
COC1CCCc2c1c(=O)c(C(=O)O)cn2Cc1ccc(-c2ccccc2)cc1,5.958607315
C[C@@H]1O[C@H]([C@@H]2CCCN2C)C[S+]1[O-],4.0
CC(C)Cc1nccn1CC1CC(c2ccccc2)(c2ccccc2)C(=O)O1,6.4948500220000005
C[C@@H]1CCCN1CCc1cc2cc(C(=O)c3ccc(F)cc3)ccc2o1,5.48598382
C[C@@H]1O[C@H]([C@@H]2CCC[N+]2(C)C)C[S+]1[O-],4.0197680060000005
Cc1cccc(CN2CCC(NC(=O)[C@](O)(c3ccccc3)[C@@H]3CCC(F)(F)C3)CC2)n1,7.585026652000001
N#CC1(c2ccccc2F)CCN(Cc2cc(C(=O)O)c(=O)n3ccccc23)CC1,7.091514981
Clc1ccc(CO/N=C(\Cn2ccnc2)c2ccc(Cl)cc2Cl)c(Cl)c1,5.531866915
O=C(O)c1cn(Cc2ccc(-n3nnc4ccccc43)cc2)c2cccc(F)c2c1=O,6.642065153
CN1CCC[C@@H]1[C@@H]1CSC(c2ccccc2)(c2ccccc2)O1,9.119987162000001
c1cc2nsnc2c2c1CCNC2,4.0
O=C1CCc2ccccc2N1CCCN1CCC(CCCCCCCCCO)CC1,4.337185399
COCC#CCO/N=C1\CN2CCC1C2,4.372634143
CC1(C(=O)O[C@H]2C[N+]3(CCCOc4ccccc4)CCC2CC3)c2ccccc2-c2ccccc21,8.899629455
C1=C(c2cc3ccccc3s2)C2CCN1CC2,7.091514981
CCOc1c(C(=O)N[C@H]2CCCC[C@@H]2O)cc(Cc2ccc(Cl)nc2)c2ccccc12,6.008773924
CCOC(=O)c1ccc(NC(=O)N[C@@H](Cc2ccc(O)cc2)C(=O)NC2CCN(CC3CC3)C2)cc1,6.199998172000001
CC(c1ccc(S(=O)(=O)c2ccccc2)cc1)N1CCN(C2CCCCC2)CC1,8.886056648
C[N+]1(CC#CCOC2=NOCC2)CCCCC1,5.13270933
CN(C(=O)Cc1ccccc1)C1CCN(CCCN2C(=O)COc3ccccc32)CC1,6.0409586079999995
CCC(=O)NC1CCN(CCCN2C(=O)CCc3c(F)cccc32)CC1,7.721246399
CN(C(=O)Cc1ccccc1-c1cccc(Cl)c1)C1CCNCC1,7.299988937999999
N=C(N)NCCCCCCCCC(=O)C(N)CCCNC(=N)N,8.15490196
CN1CCN(C(=O)/C(=C\c2ccccc2)c2ccccc2)CC1,6.744727495
COc1ccc(C#C/C(C)=C\CO/N=C2\CN3CCC2C3)cc1OC,7.2596373110000005
N#CC1CCN(Cc2cc(C(=O)O)c(=O)n3ccccc23)CC1,5.116395338999999
C[C@@H]1O[C@H]([C@@H]2CCC[N+]2(C)C)CS1,4.84999986
C=C(c1ccc(S(=O)(=O)c2ccc(OC)cc2)cc1)C1CCN(C2CCN(C(=O)C3CC3)CC2)CC1,7.166980453
N#CC1(c2cc(-c3ccccc3)ccn2)CCN(Cc2cc(C(=O)O)c(=O)n3ccccc23)CC1,6.181114585
CCN1CCC(c2ccccc2)=C(C(=O)OCc2ccc3c(c2)OCO3)C1,7.22184875
Fc1cccc(C#CCO/N=C2\CN3CCC2C3)c1,5.00656377
Cc1cccc2n(CC3CC(c4ccccc4)(c4ccccc4)C(=O)O3)cc[n+]12,7.119186407999999
O=C(O[C@H]1CN2CCC1CC2)[C@](O)(c1cccs1)C1CCCC1,9.721246399
C(#Cc1ccccc1)CSc1nsnc1C12CN3CC1C2C3,7.2083093510000005
COc1cccc(Cn2cc(C(=O)O)c(=O)c3c(F)cccc32)c1,5.677780705
CC(C)OC(=O)c1ccc(NC(=O)N[C@@H](Cc2ccc(O)cc2)C(=O)N[C@H]2CCC[N+](CC3CC3)(CC3CC3)C2)cc1,7.400007822
c1coc([C@H]2CCCN2)c1,4.3300000380000006
CC[N+](CC)(CC)CCOc1cccc(OCC[N+](CC)(CC)CC)c1OCC[N+](CC)(CC)CC,3.9302191389999996
CC#CCC#CCO/N=C1\CN2CCC1C2,5.270430274
CCN1CCC(c2ccccc2)=C(C(=O)OCCC2CCCCC2)C1,7.412289035
O=C1CCc2ccccc2N1CCCN1CCC(c2ccc3[nH]ccc3c2)CC1,6.795880017000001
CCO[C@H]1CC[C@](C)(N2CCC(n3c(=O)oc4ccc(S(=O)(=O)CC)cc43)CC2)CC1,6.699991797000001
C[n+]1cccn1CC1CC(c2ccccc2)(c2ccccc2)C(=O)O1,7.13076828
C[C@@H]1OC(=O)[C@H]2C[C@H]3CCCC[C@@H]3/C(=C/C[C@H]3CCC[C@H](C)N3C)[C@@H]12,7.181114585
C(#Cc1ccccc1)COc1nsnc1C12CN3CC1C2C3,7.151810883
CN1CCC=C(C2=NOC(O)C2)C1,4.761452112
Clc1ccc(C#CCSc2nsnc2C23CN4CC2C3C4)cc1,6.970616222
Cn1cc(-c2ccc(Cn3cc(C(=O)N[C@H]4COCC[C@@H]4O)c4ncccc43)cc2F)cn1,7.809668302
CN1[C@H]2CC[C@@H]1C[C@@H](OC(=O)N(Cc1ccc(Br)cc1)c1ccccc1)C2,6.090016305
CC(C1=C(CN(C)C(C)C)Cc2ccccc21)c1ccccn1,6.6399938679999995
Cc1ccc(N2CCN(Cc3cc(C(=O)N[C@H]4CCCC[C@@H]4O)c(=O)n4ccccc34)CC2)nc1,6.759450752
O=C(O)c1cn(Cc2ccc(-c3ccccc3)cc2)c2c(c1=O)CCCC2=O,5.310691141
CN(C)c1ccc(-c2ccc(Cn3cc(C(=O)O)c(=O)c4cccc(F)c43)nc2)cn1,7.0861861479999995
COc1cc(OC(C)C)cc(S(=O)(=O)c2ccc3c(c2)O[C@H]2CNCC[C@@H]32)c1,5.657577319
CCCOC(=O)c1c(C)[nH]c2ccc3c(c12)CN1CCc2cc(OC)ccc2C1O3,5.707323132999999
O=C(O[C@H]1C[N+]2(CCc3ccccc3)CCC1CC2)N(Cc1ccccc1)c1ccccc1,7.821023052999999
CCOC(=O)c1ccc(NC(=O)N[C@H](Cc2ccc(O)cc2)C(=O)N[C@@H]2CCN(Cc3ccc(O)cc3)C2)cc1,4.700000069
COc1nsnc1OCCCOCCCOCCCOc1nsnc1-c1cccnc1,5.787508762000001
O=C(O)c1cn(Cc2ccccc2)c2ccccc2c1=O,5.769551079
CCOC(=O)N1CCC(N2CCC(n3c(=O)[nH]c4ccccc43)CC2)CC1,8.677780705
C1=C(c2ccco2)C2CCN1CC2,6.522878745
O=C(O)c1cn(Cc2ccc(-c3ccc(F)nc3)cn2)c2c(F)cccc2c1=O,7.0
COc1c(C(=O)N[C@H]2CCCC[C@@H]2O)cc(Cc2ccc(-c3cccnc3)nc2)c2ccccc12,7.619788757999999
O=C1CCC(c2ccc(F)cc2F)(C2CCN(Cc3ccc(Br)cc3)CC2)C(=O)N1,9.0
C[N+]1(C)CCC[C@H]1[C@H]1C[S+]([O-])[C@](c2ccccc2)(C2CCCCC2)O1,7.059533322
O=C(OC1CC2CCCC1N2)c1ccc([N+](=O)[O-])cc1,6.393081474
CN(C(=O)C1c2ccccc2Oc2ccccc21)[C@H]1C[N+]2(CCCn3cccc3)CCC1CC2,7.119186407999999
COc1ccc(S(=O)(=O)c2ccc(C(C#N)N3CCN(C4CCCCC4)CC3)cc2)cc1,7.143875556
CN1CCC=C(c2nsnc2OCCCCCCCCCC2CCN(CCCN3C(=O)CCc4ccccc43)CC2)C1,4.347622708
CCCCCSc1nsnc1C1=CCCN(C)C1,11.69897
O=C(c1cccc(Cl)c1)N1CCC(N2CCC(n3c(=O)[nH]c4ccccc43)CC2)CC1,6.031517051
CC(C)OC(=O)c1ccc(NC(=O)N[C@@H](Cc2ccc(O)cc2)C(=O)N2CC[N+](Cc3ccc(Cl)cc3)(CC3CCc4ccccc4C3)CC2)cc1,6.334982175
CCN1CC=C(c2ccccc2)C(C(=O)OCC(c2ccccc2)c2ccccc2)C1,5.39529886
O=C(O[C@H]1C[N+]2(CCOc3ccccc3)CCC1CC2)N(Cc1cc(F)c(F)c(F)c1)c1cccc(F)c1,8.958607315
C[C@@H]1OC(=O)[C@H]2C[C@H]3CCCC[C@@H]3[C@@H](CCCNC34CC5CC(CC(C5)C3)C4)[C@@H]12,6.866461092000001
Cn1cc(-c2cc(F)c(CN3C(=O)C(=O)c4cccc(F)c43)c(F)c2)cn1,5.958607315
O=C(O)c1cn(C/C=C/c2ccccc2F)c2c(F)cccc2c1=O,6.619788757999999
C(#Cc1cccs1)CO/N=C1\CN2CCC1C2,5.790484985
C[N+]12CCC(CC1)[C@@H](OC(=O)N(Cc1cccs1)c1ccccc1)C2,8.036212173
Fc1cc(Cl)cc(C#CCOc2nsnc2C23CN4CC2C3C4)c1,6.958607315
Cn1cc(-c2ccc(CN3C(=O)C(N)c4ccccc43)c(F)c2)cn1,5.89297159
O=C(NC1CCN(CCCN2C(=O)COc3ccccc32)CC1)C1CCC1,6.795880017000001
COc1ccc(CCOC(=O)C2=C(c3ccccc3)CCN(C)C2)cc1,7.6989700039999995
CC(C)(O)c1ccccc1CC[C@@H](SCC1(CC(=O)O)CC1)c1cccc(/C=C/c2ccc3ccc(Cl)cc3n2)c1,5.301768925
O=C(O)c1cn(Cc2ccccc2)c2c(F)cccc2c1=O,5.397940009
Cn1c(SCCCN2CC3CCN(c4ccc(C(F)(F)F)cc4)C3C2)nnc1-c1cc[nH]c(=O)c1,5.760000207
CCN1CCC(c2ccccc2)=C(C(=O)OCCc2ccncc2)C1,6.431798276
CCC(=O)c1cccc(C(=O)NCc2ccc(F)c(-c3cccc(CN4CCN[C@@H](C)C4)c3)c2)c1,9.0
CC(CN1c2ccccc2Sc2ccccc21)N(C)C,8.062457034
O=C(O)c1cn(Cc2ccc(-n3cccn3)cc2)c2c(F)cccc2c1=O,7.017728767
CCCCCCCOC(=O)C1CN(CC)CC=C1c1ccccc1,6.79209647
CN(C)CCNC(=O)C1=C/C(=C\c2cccnc2)c2ccccc21,4.549999989
CN1[C@H]2CC[C@@H]1C[C@H](OC(=O)C(O)c1ccccc1)C2,7.088842391
CN(C(=O)C1c2ccccc2Oc2ccccc21)[C@H]1C[N+]2(CCCOc3ccc(-c4ccccc4)cc3)CCC1CC2,6.5506759070000005
O=C(O[C@H]1C[N+]2(CCOc3ccccc3)CCC1CC2)N(Cc1ccsc1)c1ccccc1,9.397940009
O=[N+]([O-])c1cccc(C#CCO/N=C2\CN3CCC2C3)c1,4.821023053
O=C(O)c1cn(Cc2ccc(-c3ccc(F)cc3)cn2)c2c(c1=O)C(O)CCC2,5.958607315
CC1CCCN(CCC[C@@H]2[C@H]3CCCC[C@@H]3C[C@@H]3C(=O)O[C@@H](C)[C@@H]32)C1,6.424812155
N#CC1(c2cccnn2)CCN(Cc2cc3c(c4ccccc24)CN([C@H]2CCCC[C@@H]2O)C3=O)CC1,7.568636236000001
O=C(O)c1cn(Cc2nc3ccccc3s2)c2cccc(F)c2c1=O,5.745451922999999
CN(C(=O)c1cc(CN2CCC(C#N)(c3ccccn3)CC2)c2ccccn2c1=O)C1CCOCC1,5.356547324
C[C@@H]1OC(=O)[C@H]2C[C@H]3CCCC[C@@H]3[C@@H](/C=C/[C@H]3CCC[C@H](C)N3C)[C@@H]12,6.792672007999999
O=C(C1CN(S(=O)(=O)c2cccc3cnccc23)C1)N1CCN(c2ccnc(Cl)c2)CC1,6.742357417999999
Cc1ccc(-c2ccccc2C(=O)NCC2CCNCC2)cc1Cl,7.89997427
O=C(O)c1cn(Cc2ccc(-n3ccc4cccnc43)cc2)c2cccc(F)c2c1=O,7.045757491
C[N+](C)(C)C[C@H]1COCC(c2ccccc2)(c2ccccc2)O1,9.299988938
Cc1ncnc(C)c1C(=O)N1CCC(C)(N2CCN([C@@H](CC3CC3)c3ccc(C(F)(F)F)cc3)[C@@H](C)C2)CC1,5.722620025
O=C(O)c1cn(Cc2ccc(-c3ccccc3)cc2)c2cccc(F)c2c1=O,7.075720714
C[N+]1(C)[C@H]2CC[C@@H]1C[C@H](CC(CO)(c1ccccc1)c1ccccc1)C2,8.368420958
C[C@H](C1=C(CCN(C)C)Cc2ccccc21)c1nccs1,5.619788757999999
O=C(N[C@H]1C[N+]2(CCCOc3ccccc3)CCC1CC2)C(c1cccs1)c1cccs1,7.269217724
O=C(N[C@H]1CCCC[C@@H]1O)c1cc(CN2CCN(c3cc4scnc4cn3)CC2)c2ccccn2c1=O,7.657577319
C[N+](C)(C)CC#CCOC(=O)Nc1ccc(Cl)cc1,5.710001025
CCN(CC)CCC1=C(C(C)c2ccccn2)c2ccccc2C1,6.350003492999999
C[C@@H](c1ncccc1F)c1c(CCN(C)C)sc2ccccc12,5.657577319
C[C@H]1OC[C@@H](C[N+](C)(C)C)O1,4.960000078
O=C(Nc1ccccc1)N1CCCC(c2ccccc2)(C2CCN(Cc3ccc(Br)cc3)CC2)C1,5.050609993
Cn1cc(-c2ccc(CN3C(=O)C4(CCN(CCF)C4)c4ccccc43)c(F)c2)cn1,5.388605988999999
CN1CCC=C(c2nsnc2SCCCCCSc2nsnc2C2=CCCN(C)C2)C1,7.332547047
CC(=O)N(C)CC#CCN1CCCC1,5.610833916
COc1ccc2c(c1)N=C(N1CCN(C)CC1)c1ccccc1N2,7.721246399
CNC(=O)c1cc(CN2CCC(C#N)(c3ccccn3)CC2)c2ccccn2c1=O,5.366531544
COc1cccc(C#C/C(C)=C/CO/N=C2\CN3CCC2C3)c1,7.0305840879999995
CN(C)CCNC(=O)C1=C(Cc2ccccn2)c2ccccc2C1,4.790000026
C/C(=N\c1ccc2c(c1)[C@@H](NC(=O)c1ccc(C(F)(F)F)cc1)[C@H](O)C2)N(C)Cc1ccc(F)cc1,7.443697499
CN1[C@H]2CC[C@@H]1C[C@H](OC(=O)C(CO)c1ccccc1)C2,9.124128809
COc1nsc(OCCOCCOCCOCCOc2nsnc2C2C=CCCN2C)n1,6.647123166
CCN1CCC(c2ccccc2)=C(C(=O)OCCc2ccc3c(c2)OCO3)C1,6.6989700039999995
C[n+]1ccn(CC2CC(c3ccccc3)(c3ccccc3)C(=O)O2)c1,6.449771647
C[N+]1(C)CCCC1c1ccco1,5.280000381
CCCSc1nsnc1OC1CN2CCC1C2,7.087246696
CC(C)c1nccn1CCC(C(N)=O)(c1ccccc1)c1ccccc1,7.496209317000001
O=C(NC1CCN(Cc2ccccn2)CC1)C(O)(c1ccccc1)C1CCCC1,7.585026652000001
C[N+]1(C)[C@H]2CC[C@@H]1C[C@@H](OC(=O)N(Cc1ccccc1)c1cccs1)C2,8.568636236
COc1ccc(C#C/C(C)=C/CO/N=C2\CN3CCC2C3)cc1OC,7.13076828
CN(C)C1(CNCCC2CCCCCC2)COc2ccccc2OC1,7.920818754
NCC=C1CCN(C(=O)[C@](O)(c2ccccc2)[C@@H]2CCC(F)(F)C2)CC1,8.886056648
Cn1cc(-c2ccc(Cn3cc(C(=O)O)c(=O)c4c3CCCC4O)cc2)cn1,6.041914151
O=C(C1CN(S(=O)(=O)c2cccc3nonc23)C1)N1CC2CN(c3ccncc3)CC2C1,5.704450492
C[C@@H]1OC(=O)[C@H]2C[C@H]3CCCC[C@@H]3[C@@H](CC[C@H]3CCC[C@H](C)N3C)[C@@H]12,7.7411233710000005
CC(C1=C(CCN(C)C)Cc2ccccc21)c1ccccc1,6.799998135
Cc1ccc(C[N+](C)(C)C)o1,5.1000001280000005
O=C(C1CN(S(=O)(=O)c2cccc(F)c2)C1)N1CCN(c2ccncc2)CC1,5.7697759479999995
CO/N=C/[C@H]1CN2CC[C@H]1C2,5.0
CCCCCCOc1nsnc1OC1CN2CCC1CC2,6.58686795
O=C(O)c1cn(Cc2ccc(Br)cc2F)c2cccc(F)c2c1=O,5.958607315
CCOC(=O)c1c[nH]c2ccc3c(c12)CN1CCc2cc(OC)c(OC)cc2C1O3,5.085059504
COc1ccccc1CN/C(C)=N/c1ccc2c(c1)[C@@H](NC(=O)c1ccc(Br)cc1)[C@H](O)C2,6.242603971
C=CCOC(=O)c1c(C)n(Cc2ccc(OC)cc2)c2ccc3c(c12)CN1CCc2cc(OC)ccc2C1O3,6.699991797000001
CCN1CC[C@@H](c2ccccc2)[C@H](C(=O)OC2CCCCC2)C1,6.0394816570000005
O=C(O[C@H]1C[N+]2(CCc3ccccc3)CCC1CC2)C1c2ccccc2Oc2ccccc21,9.356547324
OC[C@H]1CCCN1CCOc1ccc(C#Cc2ccc(-c3ccc(Cl)cc3)cn2)cc1,5.539102157
CN1[C@H]2CC[C@@H]1C[C@H](CC(c1ccccc1)(c1ccccc1)c1ccccc1)C2,6.9788107010000004
C[N+]1(CC#CCOc2cc(-c3ccccc3)on2)CCCC1,5.471597562
O=C(O)c1cn(Cc2ccc3ccccc3c2)c2ccccc2c1=O,7.096910013
C[N+]1(C)[C@H]2CC[C@@H]1C[C@H](OC(=O)N(Cc1cccc(C#N)c1)c1ccsc1)C2,7.2549252079999995
CCCC(C1=C(CCN(C)C)Cc2ccccc21)c1ccccn1,6.610001577
CC(C)(C)c1ccc(C(=O)CCCN2CCC(OC(c3ccccc3)c3ccccc3)CC2)cc1,6.267204302000001
CC1CCN(CCOc2ccc(C#Cc3ccc(-c4ccc(Cl)cc4)cn3)cc2)CC1,5.655607726
CCCCCCCCCOC(=O)C1CN(CC)CC=C1c1ccccc1,7.517126416
Clc1ccccc1C(c1ccccc1)(c1ccccc1)n1ccnc1,5.370437507
CCCCCCCCCCCCCCCC[n+]1ccccc1,7.688871549
CCN1CCC2(C1)C(=O)N(Cc1ccc(-c3cnn(C)c3)cc1F)c1ccccc12,5.492418009
N#CC1(c2cccc(F)c2)CCN(Cc2cc(C(=O)O)c(=O)n3ccccc23)CC1,6.250263684
CC1CNCCC1CNC(=O)c1ccccc1-c1cccc(Cl)c1,7.7000570999999995
O=C(NCC1(O)CCC1)c1cn(Cc2ccc(-n3cccn3)cc2)c2cccnc12,6.3010299960000005
O=c1c2cn(Cc3ccccc3)c3ccccc3c-2nn1Cc1ccccc1F,5.997833937999999
Cn1cc(C(=O)C(=O)N[C@H]2CN3CCC2CC3)c2ccccc21,5.0
O=C(O)c1cn(Cc2ccc(-n3cccn3)cn2)c2c(F)cccc2c1=O,5.853871964
CCCN(C(=O)O[C@H]1CN2CCC1CC2)c1ccccc1,7.573488739
CCOC(=O)C1=C(C)[N+](C)(C)c2ccc3c(c21)CN1CCc2cc(OC)ccc2C1O3,7.730487056
C[C@@H]1CC2(CO1)CN1CCC2CC1,5.200659451
C[N+]1(C)CCC[C@@H]1c1ccc([C@](O)(c2ccccc2)C2CCCCC2)o1,9.160019442000001
OC1(c2ccco2)CN2CCC1CC2,4.522878745
O=C(O)c1cn(Cc2ccc(C3CC3)cc2)c2cccc(F)c2c1=O,6.080921908
Cc1cc(NCCO)cc(N2CCc3ccccc3C2)n1,5.4202164029999995
Cc1ccccc1C(=O)N1CCC(N2CCC(n3c(=O)[nH]c4cc(Cl)ccc43)CC2)CC1,5.567030709
COc1ccc(-c2ccc(Cn3cc(C(=O)O)c(=O)c4c3CCCC4O)cc2)cc1,5.85823677
O=C(O)c1cn(Cc2cccc(OC(F)(F)F)c2)c2c(F)ccc(F)c2c1=O,5.4948500220000005
N#CC1(c2ccncn2)CCN(Cc2cc3c(c4ccccc24)CN([C@H]2CCCC[C@@H]2O)C3=O)CC1,7.769551079
COc1ccc(Cn2cc(C(=O)O)c(=O)c3ccccc32)cc1,5.1800636110000005
CCCCc1oc2ccccc2c1C(=O)c1cc(I)c(OCCN(CC)CC)c(I)c1,5.790216985
C[N+]1(C)CCC[C@H]1[C@H]1C[S+]([O-])[C@@](c2ccccc2)(C2CCCCC2)O1,8.123782159
CCCC#CCO/N=C1\CN2CCC1C2,5.015922966000001
Fc1ccc(C(N[C@@H]2C[C@@H]3CC[C@H](C2)N3CCc2c[nH]c3ccccc23)c2ccc(F)cc2)cc1,6.3840499479999995
CN1C[C@H](CNC(=O)OCc2ccccc2)C[C@@H]2c3cccc4c3c(cn4C)C[C@H]21,8.920818753999999
O=C(C1CN(S(=O)(=O)c2cccc(Cl)c2F)C1)N1CCN(c2ccncc2)CC1,5.551418886
Cc1nccn1CC#CCOc1ccon1,7.040005162000001
Cn1cc(-c2ccc(Cn3cc(C(=O)N[C@H]4COCC[C@@H]4O)c4ncccc43)c(F)c2)cn1,7.518557371
C/C(=N\c1ccc2c(c1)[C@@H](NC(=O)c1ccc(C)cc1)[C@H](O)C2)N(C)Cc1ccc(F)cc1,7.305394801
CN(C)CCC1=C/C(=C\c2ccccn2)c2ccccc21,5.019999812
O=C1OC(Cn2ccnc2Cc2ccccc2)CC1(c1ccccc1)c1ccccc1,6.012333735
Cc1nc(-c2ccc(NC(=O)N[C@@H](Cc3ccc(O)cc3)C(=O)N[C@H]3CCC[N+](C)(Cc4ccc(O)cc4)C3)cc2)no1,6.900008766
Cc1cccc(C(=O)N2CCC(N3CCC(n4c(=O)[nH]c5ccccc54)CC3)CC2)c1,6.292429824
Cn1cc(-c2ccc(Cn3cc4c(=O)[nH]nc-4c4ccccc43)c(F)c2)cn1,9.22184875
Clc1cccc(C#CCO/N=C2\CN3CCC2C3)c1,5.4762535329999995
C[C@@H](c1cscn1)c1c(CCN(C)C)sc2ccccc12,2.322484295
N#CC1(c2ccccn2)CCN(Cc2cc(C(=O)N[C@@H]3CCCC[C@H]3O)c(=O)n3ccccc23)CC1,6.657577319
O=c1cc(-c2ccccc2OCc2ccc(-c3nccs3)cc2)ccn1[C@H]1CCCC[C@@H]1O,4.958607315
O=C(O)c1cn(Cc2ccc(-c3cncc(F)c3)cn2)c2c(F)cccc2c1=O,6.167491087
CCN(CC)CCCOC(=O)C(C)(c1ccccc1)C1CCCCC1,8.537602002
Cn1cc2cc(Cn3cc(C(=O)O)c(=O)c4c(F)cccc43)ccc2n1,6.847711656
CCCCCSc1nsnc1OC1CN2CCC1CC2,6.54584141
O=C(O[C@H]1CN2CCC1CC2)N(Cc1cccc(F)c1)c1cccc(F)c1,8.823908741
CCOC(=O)c1ccc(NC(=O)N[C@@H](Cc2ccc(-c3ccccc3)cc2)C(=O)N[C@H]2CC[N+](C)(Cc3ccc4c(c3)OCO4)C2)cc1,7.89997427
OC1(c2cccnc2)CN2CCC1CC2,4.826813732
O=c1cc(-c2ccccc2OCc2ccccc2C(F)(F)F)ccn1[C@H]1CCCC[C@@H]1O,4.48148606
O=C(CN1CCNCC1)C(O)(c1ccccc1)C1CCC1,7.443697499
C[N+]1(C)CCCC1c1ccc(C(c2ccccc2)c2ccccc2)o1,7.940058112000001
CCc1c(C(=O)N[C@H]2CCCC[C@@H]2O)cc(Cc2ccc(Cl)nc2)c2ccccc12,5.13076828
CN(C)CCc1sc2ccccc2c1Cc1ccc(F)cc1,8.698970004
C[C@H]1O[C@@H]([C@@H]2CCCN2C)C[S+]1[O-],4.0
CC1CCN(CCOc2ccc(C#Cc3ncc(-c4ccc(Cl)cc4)cc3F)cc2)CC1,6.54515514
COc1ccc([S+]([O-])c2ccc(C(C#N)C3CCN(C4CCCCC4)CC3)cc2)cc1,6.904133547000001
O=C(CCCN1CCCN(c2ccc(Cl)cc2)CC1)c1ccc(F)cc1,6.059682777999999
Cc1cccc(C(=O)N2CCC(N3CCC(Cc4ccc(S(=O)(=O)c5cccc(Cl)c5)cc4)CC3)CC2)c1N,6.1850868189999995
C#CCC#CCC#CCO/N=C1\CN2CCC1C2,5.515225781
Cc1nccn1CC#CCN1CCCC1=O,6.919987152999999
CN(CC1CCOCC1)C1CCN(c2nc3ccccc3n2Cc2ccc(F)cc2)CC1,5.318758763
CN1[C@H]2CC[C@@H]1C[C@H](CC(CNS(=O)(=O)c1ccccc1)(c1ccccc1)c1ccccc1)C2,6.113509275
CCCCCCC[N+]12CCC(CC1)[C@@H](OC(=O)C1(O)c3ccccc3-c3ccccc31)C2,8.508638306
CCOC(=O)N1[C@H]2CC[C@@H]1C[C@@H](NCCNC(=O)c1cccc(OC)c1)C2,5.443697499
CCNCCCCC1CCN(CC(=O)N2c3ccccc3NC(=O)c3ccccc32)CC1,8.156144577000001
Fc1cccc(C#CCSc2nsnc2C23CN4CC2C3C4)c1,8.602059991
O=c1[nH]c2cc(Cl)ccc2n1C1CCN(C2CCN(Cc3ccccc3Cl)CC2)CC1,5.744727495
Cc1cc2c(s1)Nc1ccccc1N=C2N1CCN(C)CC1,7.534617149
Cc1nc2sc(C(=O)NC3CC3)c(N)c2c(C)c1Cl,6.0132282660000005
Cc1ccsc1CN(C(=O)O[C@@H]1C[C@@H]2CC[C@H](C1)[N+]2(C)C)c1ccccc1,8.420216403
Cn1cc(-c2cc(F)c(CN3C(=O)C4(CCN(C5CCCC5)C4)c4ccccc43)c(F)c2)cn1,5.582505887000001
CCn1cc(-c2ccc(CN3C(=O)C(O)(C(F)(F)F)c4ccccc43)c(F)c2)cn1,5.4807424739999995
CCN1CCC(c2ccccc2)=C(C(=O)OCCc2ccccc2)C1,8.017728767000001
CCN(CCCCC1CCN(CC(=O)N2c3ccccc3C(=O)N(C(=O)c3ccc(F)cc3)c3ccccc32)CC1)C(=O)c1ccc(F)cc1,6.88941029
CCN1CCC(c2ccccc2)=C(C(=O)OCCc2ccc([N+](=O)[O-])cc2)C1,6.091514981
C1C2C3CC4C2C2C1C3[C@H](NCC13C5C6C7C5C1C7C63)C42,5.126795691
CCN(Cc1ccncc1)C(=O)C(CO)c1ccccc1,6.758204569
CC(C)C(=O)NC1CCN(CCCN2C(=O)COc3ccccc32)CC1,7.3372421679999995
C1=C(c2ccsc2)C2CCN1CC2,6.148741651
O=S(=O)(CCC1CCNCC1)c1ccccc1-c1cccc(Cl)c1,7.199970641
C[C@H]1CC[C@H](C)N1CCCOc1ccc(-c2ccc(C(=O)N3CCOCC3)cc2)cc1,5.790000026
O=C(O[C@H]1CN2CCC1CC2)C1c2ccccc2Oc2ccccc21,9.508638306
CN1CCC=C(c2nsnc2SCCCCSc2nsnc2C2=CCCN(C)C2)C1,6.544447132
CCOC(=O)c1c(CC)n(C)c2ccc3c(c12)CN1CCc2cc(OC)ccc2C1O3,5.820000358
Cc1ncoc1-c1nnc(SCCCN2CCOC(c3ccc(F)cc3)C2)n1C,5.499999679
COc1ccc(-c2ccc(CCCNc3ccc(CN(C)C)cc3)nn2)cc1,5.987162775
CN1CCN(C(=O)C(Cc2ccncc2)c2ccccc2)CC1,6.057753771000001
O=C(C1CN(S(=O)(=O)c2ccc(Cl)nc2)C1)N1CCN(c2ccncc2)CC1,6.300513492
C[N+]1(C)[C@H]2CC[C@@H]1C[C@@H](OC(=O)N(Cc1ccoc1)c1ccccc1)C2,7.913640169
CN(C)CCC1=C(Cc2cnccn2)c2ccccc2C1,5.021842317
COc1c(C(=O)N[C@H]2CCCC[C@@H]2O)cc(Cc2ccc(-c3cnn(C)c3)nc2)c2ccccc12,7.769551079
C[C@@H]1OC(=O)[C@H]2C[C@H]3CCCC[C@@H]3[C@@H](CCCN3CCCCC3)[C@@H]12,6.369572125
CN1CCC=C(c2nsnc2OCCOCCOc2nsnc2C2=CCCN(C)C2)C1,8.30980392
C[N+](C)(C)CC#CCN1CCCC1=O,4.856713772
CC(=O)N(Cc1ccccc1-c1cccc(Cl)c1)CC1CCNCC1,6.399996913
CC(=O)N(C)CC#CCN(C)C,4.056109952
CCN(CC)CCOCCOCC1(c2ccccc2)CCCC1,6.0409586079999995
CCC#CCO/N=C1\CN2CCC1C2,5.26760624
CCOC(=O)N1C[C@@H]2CC[C@H](C1)[C@@H]2NCCNC(=O)c1cccc(OC)c1,6.619788757999999
N#Cc1ccc(Cn2cc(C(=O)N[C@H]3CCCC[C@@H]3O)c3ncccc32)cc1,6.320572103
Cn1ccc(-c2ccc(Cn3cc(C(=O)N[C@H]4CCOC[C@@H]4O)c4ncccc43)cc2)n1,7.2596373110000005
O=C(O)c1cn(Cc2ccc(-c3ccsc3)cc2)c2c(c1=O)C(O)CCC2,5.5783960729999995
N#Cc1ccc(N2CCN(Cc3cc(C(=O)O)c(=O)n4ccccc34)CC2)cc1,6.283996656
Cc1ccc(Cn2nc3c4ccccc4n(Cc4cccnc4)cc-3c2=O)c(C)c1,5.438256002
COc1ccccc1C(O)C1=CN2CCC1CC2,6.48148606
O=C(O[C@H]1C[N+]2(CCCOc3ccccc3)CCC1CC2)C(O)(c1ccsc1)c1ccsc1,9.638272164
Nc1ccc(-c2ccc(Cn3cc(C(=O)O)c(=O)c4cccc(F)c43)cc2)cn1,6.886056647999999
CN1CCC=C(c2nsnc2OCCOCCOCCOCCOCCOc2nsnc2C2=CCCN(C)C2)C1,8.823908741
Cn1cc(-c2cc(F)c(CN3C(=O)C4(CCN(C5CCCC5)C4)c4ccccc43)cc2F)cn1,5.388605988999999
CN(C)CCCN1c2ccccc2CCc2ccc(Cl)cc21,7.247951552000001
Cc1csc2n(C)c(CNC(=O)[C@H](Cc3ccc(O)cc3)NC(=O)Nc3ccc(C(=O)OC(C)C)cc3)c[n+]12,8.301029996
C[C@@H]1OC(=O)[C@H]2C[C@H]3CCCC[C@@H]3[C@@H](CCCN3CCN(C(=O)OC(C)(C)C)CC3)[C@@H]12,6.351639989
OC(c1ccccc1)(c1ccccc1)C12CC[N+](CCCOc3ccccc3)(CC1)CC2,8.721017883
CN1CCC=C(c2nsnc2OCCCN)C1,5.126294111
CN(C)CCC1=C(Cc2cccnn2)c2ccccc2C1,4.769551079
CN1CCN(C(=O)C2=C/C(=C\c3ccncc3)c3ccccc32)CC1,4.530000033
CN(C)CCOC(c1ccccc1)c1ccccc1,6.668572703
O=C1CCc2cccc(F)c2N1CCCN1CCC(n2c(=O)[nH]c3ccccc32)CC1,6.522878745
CCOC(=O)c1ccc(NC(=O)N[C@@H](Cc2ccc(C)cc2)C(=O)N[C@H]2CC[N+](C)(Cc3ccc4c(c3)OCO4)C2)cc1,7.0
CN(C)c1ccnc(N2CCc3ccccc3C2)c1,6.823908741
CN1CCN(C2=Nc3ccccc3Nc3ccc(Cl)cc32)CC1,8.22184875
OCC1CCN(Cc2ccc(OCCCc3ccc(-c4ccc(Cl)cc4)nn3)cc2)CC1,5.782516056
C[C@@H]1OC(=O)[C@H]2C[C@H]3CCCC[C@@H]3[C@@H](CCCN3CCCC(O)C3)[C@@H]12,5.814457845
Cc1ccc(/C=C/Cn2cc(C(=O)O)c(=O)c3cccc(F)c32)cc1,6.0409586079999995
C[N+](C)(C)CC#CCOC(=O)Nc1cccc(Cl)c1,5.464505028
O=C(O[C@H]1C[N+]2(CCOc3ccccc3)CCC1CC2)N(Cc1cccs1)c1ccccc1,9.397940009
C(#CCN1CCCC1)COc1cc(-c2ccccc2)on1,5.211760903
Cc1ccnc(C2(C#N)CCN(Cc3cc(C(=O)O)c(=O)n4ccccc34)CC2)c1,7.356547324
Cc1cnc2c(C(=O)N[C@H]3CCOC[C@@H]3O)cn(Cc3ccc(-c4ccn(C)n4)cc3)c2c1,6.675717545
COC(=O)c1nccn1CC1CC(c2ccccc2)(c2ccccc2)C(=O)O1,5.784626847
O=C(N[C@H]1CCCC[C@@H]1O)c1cn(Cc2ccc(-c3cncnc3)cc2)c2cccnc12,6.43062609
CSCC1CC(C2=CCCN(C)C2)=NO1,5.2456516639999995
CN1[C@H]2CC[C@@H]1C[C@H](OC(=O)N(Cc1ccc(C#N)cc1)c1ccccc1)C2,6.07191154
Oc1ccccc1C1=CN2CCC1CC2,6.443697499
COc1cccc(CN2CCC(NC(=O)C(O)(c3ccccc3)C3CCCC3)CC2)c1,8.070581074
CS(=O)(=O)c1cccc(-c2ccc(Cn3cc(C(=O)O)c(=O)c4cccc(F)c43)nc2)c1,7.0132282660000005
N#CC1(c2cc(F)ccn2)CCN(Cc2cc(C(=O)O)c(=O)n3ccccc23)CC1,6.612610173999999
Clc1cc(Cl)cc(C#CCSc2nsnc2C23CN4CC2C3C4)c1,5.742321425
CC(C)OC(=O)c1ccc(NC(=O)N[C@@H](Cc2ccc(O)cc2)C(=O)N2CC[N+](C)(CC3CCCCC3)CC2)cc1,5.602511893
C=C(C)CN1CCN(CC(=O)C(O)(c2ccccc2)C2CCC2)CC1,7.26760624
C[N+](C)(CC#CCOC1=NOCC1)CCCCCCNC(=O)c1cn(Cc2ccccc2)c2c(F)cccc2c1=O,6.476507162000001
c1coc(C2CN3CCC2CC3)c1,6.26760624
Cc1ccc(C2CCC[N+]2(C)C)o1,5.130000141
CC(C)OC(=O)c1ccc(NC(=O)N[C@@H](Cc2ccc(O)cc2)C(=O)NCC[N+]2(Cc3ccc(Cl)cc3)CCCCC2)cc1,6.70158362
CC(C1=C(CN(C)C)Cc2ccccc21)c1ccccn1,7.460046158
CC(C1=C(CCN2CCCC2)Cc2ccccc21)c1ccccn1,5.9799993979999995
O=c1cc(-c2ccccc2OCc2ccc(-c3ncco3)cc2)ccn1[C@H]1CCCC[C@@H]1O,4.552841969
O=C(O)c1cn(C/C=C/c2ccccn2)c2c(F)cccc2c1=O,5.283996656
O=C(NC1CCN(CCCN2C(=O)COc3ccccc32)CC1)C1CCCC1,6.455931956000001
O=C(NCC1CCNCC1)c1c(F)cccc1-c1cccc(Cl)c1,7.799970732999999
COC(=O)C12CCC(NCCNC(=O)c3ccccc3)(CC1)CC2,2.207608311
Cc1cccnc1C1(C#N)CCN(Cc2cc(C(=O)O)c(=O)n3ccccc23)CC1,5.712422191
O=C(NC1CCNCC1)[C@](O)(c1ccccc1)[C@@H]1CCC(F)(F)C1,6.508638306
C(=C/c1ccccc1)\CN1CCN(C(c2ccccc2)c2ccccc2)CC1,5.807153885
CCN1CCC(c2ccccc2)=C(C(=O)OCCCCc2ccccc2)C1,7.15864053
Cc1cn(CCC(C(N)=O)(c2ccccc2)c2ccccc2)cn1,7.982966661
COc1cccc(C#C/C(C)=C/CO/N=C2/CN3CCC2C3)c1,6.5783960729999995
O=C(CN1CCN(Cc2ccc(Cl)cc2)CC1)C(O)(c1ccccc1)C1CCC1,7.318758763
O=C(O)c1cn(Cc2ccc(-n3cccn3)cc2)c2c(F)ccc(F)c2c1=O,6.76700389
CCc1cc(N)cc(N2CCc3ccccc3C2)n1,5.602059991
C[C@H]1COC[C@H](C[N+](C)(C)C)O1,4.130000024
CN(C)C(=O)CNC(=O)c1cn(Cc2ccc(-n3cccn3)cc2)c2cccnc12,6.950781977
CCN1CCC(c2ccccc2)=C(C(=O)OCCc2ccc(OC)c(F)c2)C1,4.931814138
O=C(NC1CCN(Cc2ccccc2)CC1)C(O)(c1ccccc1)C1CCCC1,8.585026652
CN1CCN(CC(=O)C(O)(c2ccccc2)C2CCC2)CC1,7.721246399
Cn1ncc2cc(Cn3cc(C(=O)O)c(=O)c4c(F)cccc43)ccc21,7.142667503999999
O=C(O)c1cn(Cc2ncc(-c3ccccc3)cn2)c2c(F)cccc2c1=O,5.633763876000001
O=C(O)c1cn(Cc2ccc(-c3ccc4[nH]ccc4c3)nn2)c2c(F)cccc2c1=O,5.062381821000001
CC(/C=N/O)CC#CCN1CCCC1,6.036212172999999
CN1CCN(C(c2ccccc2)c2ccccc2)CC1,6.377785977
CC(C)n1cc(-c2ccc(COc3ccccc3-c3ccn([C@H]4CCCC[C@@H]4O)c(=O)c3)cc2)cn1,4.568636236000001
O=C1COc2ccccc2N1CCCN1CCC(n2c(=O)[nH]c3ccc(F)cc32)CC1,7.356547324
O=C(Cc1ccccc1)NC1CCN(CCCN2C(=O)CCc3cc(F)c(F)cc32)CC1,7.823908741
O=C(OCCN1CCCC1)N1c2ccccc2Sc2ccccc21,8.698970004
C[C@@H]1CCC2(CN3CCC2CC3)O1,4.6989700039999995
CN1CCC[C@@H]1[C@@H]1CS[C@](c2ccccc2)(C2CCCCC2)O1,9.460046157999999
CCCCC#CCO/N=C1\CN2CCC1C2,5.102922997
COc1cccc(-c2ccc(Cn3cc(C(=O)O)c(=O)c4c3CCCC4O)cc2)c1,6.387216143
COc1c(C(=O)N[C@H]2CCCC[C@@H]2O)cc(Cc2ccc(-n3cccn3)nc2)c2ccccc12,7.060480747000001
CN1CCN(CC(=O)N2c3ccccc3C(=O)Nc3cccnc32)CC1,7.649447532999999
NC(=O)CN1CCCC(c2ccccc2)(C2CCN(Cc3ccc(Br)cc3)CC2)C1,5.3010299960000005
CC(=O)CCC#CCN(C)C,4.28567024
O=C(NC1CCN(Cc2ccsc2)CC1)C(O)(c1ccccc1)C1CCCC1,8.045757491
C[C@@H]1OC(=O)[C@H]2C[C@H]3CCCC[C@@H]3[C@@H](/C=C\[C@H]3CCC[C@H](C)N3C)[C@@H]12,5.820000358
Cc1ccc(O)c([C@H](CCN(C(C)C)C(C)C)c2ccccc2)c1,8.853871964
NC(=O)c1cccc(Cn2cc(C(=O)O)c(=O)c3cccc(F)c32)c1,5.468521083
Cn1cc(-c2ccc(COc3c(F)ccc(F)c3-c3ccn([C@H]4CCCC[C@@H]4O)c(=O)c3)cc2)cn1,4.37675071
CCO/C(O)=C1\CN2CCCC(C2)C1=O,5.920818754
CC(C1=C(CCN(C)C)Cc2cc(Cl)ccc21)c1ccccn1,6.8199888810000004
Fc1ccc(Cn2c([C@H]3CNCCS3)nc3ccccc32)cc1,6.468521083
CCOC(=O)N1C2CCC1CC(N1CCC[C@@H](NC(=O)c3ccccc3C)C1)C2,7.4202164029999995
COc1ccccc1C1(C#N)CCN(Cc2cc(C(=O)O)c(=O)n3ccccc23)CC1,6.785156152000001
Cc1cn2cc(CNC(=O)[C@H](Cc3ccc(O)cc3)NC(=O)Nc3ccc(C(=O)OC4CCCCC4)s3)[n+](Cc3ccc4ccccc4c3)c2s1,9.500038134
CN[C@@H]1CCN(c2ccc(-n3ncc4cc(-c5ccc(C(F)(F)F)cc5)sc4c3=O)cn2)C1,6.585026652000001
CN1CCC(CNC(=O)[C@H]2CCCN2C(=O)[C@@H]2C[C@@H](O)CN2C(=O)CC(c2ccc(F)cc2)(c2ccc(F)cc2)c2ccc(F)cc2)CC1,6.568636236000001
C=CCN1[C@H]2CC[C@@H]1C[C@H](NC(c1ccc(F)cc1)c1ccc(F)cc1)C2,6.886056647999999
CCCCN1[C@H]2CC[C@@H]1C[C@H](NC(c1ccc(F)cc1)c1ccc(F)cc1)C2,6.342944147000001
Cc1cccc2c1N(C(=O)c1cc(CN3CCC(C#N)(c4ccccn4)CC3)c3ccccn3c1=O)CCC2,5.356547324
Cc1ccccc1CN1CCN(CC(=O)C(O)(c2ccccc2)C2CCC2)CC1,5.475344288
OCCOCCN1CCN(C2=Nc3ccccc3Sc3ccccc32)CC1,6.097008645
CCOC(=O)c1ccc(NC(=O)N[C@@H](Cc2ccccc2Cl)C(=O)N[C@H]2CC[N+](C)(Cc3ccc4c(c3)OCO4)C2)cc1,5.700000504
CC1(C(=O)O[C@H]2C[N+]3(CCCOc4ccccc4)CCC2CC3)c2ccccc2Oc2ccccc21,9.552841969
C[C@@H]1OC(=O)[C@H]2C[C@H]3CCCC[C@H]3[C@H](/C=C\[C@H]3CCC[C@H](C)N3C)[C@@H]12,5.589999287
NCc1ccc(NC(=O)[C@](O)(c2ccccc2)[C@@H]2CCC(F)(F)C2)cc1,6.13076828
COc1ccc(S(=O)(=O)c2ccc(C(C#N)C3CCN(C4CCCCC4)CC3)cc2)cc1,7.785156152000001
CCCCN(C(=O)O[C@H]1C[N+]2(CCCc3cccs3)CCC1CC2)c1ccccc1,8.698970004
CCOC(=O)c1ccc(NC(=O)N[C@@H](Cc2ccc(O)cc2)C(=O)NC2CCN(Cc3cccc(O)c3)C2)cc1,6.099999035
C[N+]1(C)CCC[C@@H]1[C@@H]1CS[C@](c2ccccc2)(C2CCCCC2)O1,9.019996628
CNCCC=C1c2ccccc2CCc2ccccc21,7.292429824
CCCCOc1nsnc1OC1CNC1,5.207468238
O=C(O)c1cn(Cc2ccc(-c3ccc4[nH]ccc4c3)cn2)c2c(F)cccc2c1=O,7.244125144
O=C(Nc1cccc(SC(F)(F)F)c1)N1CCC(N2CCC(n3c(=O)[nH]c4ccccc43)CC2)CC1,5.187086643
CC(C)N(C(=O)O[C@H]1CN2CCC1CC2)c1ccccc1,6.368556231
O=C(O)c1cn(Cc2ccc(-n3ccc4cnccc43)cc2)c2cccc(F)c2c1=O,6.795880017000001
CCOC(=O)N1[C@H]2CC[C@@H]1C[C@@H](NCCNC(=O)c1cccs1)C2,6.0
COc1cc(Br)cc(C2Nc3c(c(C)nn3C)C(=O)CS2)c1,9.226213555
C[N+]1(C)[C@H]2CC[C@@H]1C[C@@H](OC(=O)N(Cc1ccccc1)c1ccccc1)C2,8.346787486
Cn1cc(-c2ccc(COc3ccccc3-c3ccn([C@H]4CCCC[C@@H]4O)c(=O)c3)cc2)cn1,4.366531544
CCOC(=O)C1CN(CC)CC=C1c1ccccc1,5.653627462999999
CC(C)OC(=O)c1ccc(NC(=O)N[C@@H](Cc2ccc(O)cc2)C(=O)N2CC[N+](Cc3ccc(Cl)cc3)(CC3CCCCC3)CC2)cc1,6.850780887000001
CC(c1ccc(S(=O)(=O)c2ccc(Cl)cc2)cc1)N1CCN(C2CCCCC2)CC1,8.096910012999999
CC(C)OC(=O)c1ccc(NC(=O)N[C@@H](Cc2ccc(O)cc2)C(=O)N2CCC([N+]3(Cc4ccc(Cl)cc4)CCCC3)CC2)cc1,6.054777682999999
O=C(O)c1cn(C/C=C/c2ccc(Cl)cc2)c2c(F)cccc2c1=O,6.4948500220000005
CCCc1nccn1CC1CC(c2ccccc2)(c2ccccc2)C(=O)O1,6.266802735
O=C(NC[C@@H]1CCCO1)c1cn(Cc2ccc(-n3cccn3)cc2)c2cccnc12,6.756961951
Nc1cccc(-c2ccc(Cn3cc(C(=O)O)c(=O)c4cccc(F)c43)nc2)c1,7.677780705
CN1[C@H]2CC[C@@H]1C[C@@H](OC(=O)N(Cc1ccsc1)c1ccsc1)C2,7.8601209139999995
C[N+]1(C)CCC[C@H]1c1ccc([C@@](O)(c2ccccc2)C2CCCCC2)o1,6.4800014710000005
O=C1Cc2cc(Cn3cc(C(=O)O)c(=O)c4c(F)cccc43)ccc2N1,7.091514981
COc1c(C(=O)N[C@H]2CCCC[C@@H]2O)cc(Cc2ccc(SC)nc2)c2ccccc12,6.769551079
Cc1ccc(Cn2nc3c4ccccc4n(Cc4ccc(F)cc4)cc-3c2=O)c(C)c1,5.692317876000001
O=C(NCC1CCNCC1)c1cc(Cl)ccc1-c1cccc(Cl)c1,7.0
CC(C1=C(CCCN(C)C)Cc2ccccc21)c1ccccn1,6.050000457
O=c1[nH]c2ccccc2n1C1CCN(C2CCN(S(=O)(=O)c3ccccc3)CC2)CC1,5.853871964
O=C(O)c1ccc(COc2ccccc2-c2ccn([C@H]3CCCC[C@@H]3O)c(=O)c2)cc1,3.8860566480000003
C(#Cc1ccccc1)COc1nsnc1[C@H]1CN2CCC[C@H]1C2,9.301029996
OC1(C2=CN3CCC2CC3)c2ccccc2C=Cc2ccccc21,6.6989700039999995
C1=C(c2coc3ccccc23)C2CCN1CC2,7.468521083
CN1CCCC[C@H]1CC=C1c2ccccc2Cc2ccccc21,7.616184634
O=C(CCNS(=O)(=O)c1cccc2nonc12)N1CCN(c2ccc(Br)cn2)CC1,5.958607315
O=C(N[C@H]1CN2CCC1CC2)C(O)(c1ccccc1)c1ccccc1,8.214670165
O=C(NCCC1CCNCC1)[C@H]1CCCN1C(=O)[C@@H]1C[C@@H](O)CN1C(=O)CC(c1ccccc1)(c1ccccc1)c1ccccc1,5.6989700039999995
CCOC(=O)N1[C@H]2CC[C@@H]1C[C@@H](NCCNC(=O)N1CCCCC1)C2,6.244125144
O=C(NC1CCN(CCCN2C(=O)COc3ccccc32)CC1)C1CC1,6.958607315
C=C(c1ccc(S(=O)(=O)c2ccc(OC)cc2)cc1)C1CCN(C2CCN(C(=O)OCCCC)CC2)CC1,8.00899556
CC#CCn1c(N2CCC[C@@H](N)C2)nc2c1c(=O)n(CC(=O)c1ccccc1)c(=O)n2C,5.210348791
CN1CCCCC1/C=C/C1c2ccccc2Cc2ccccc21,8.756961951000001
COc1ccc([S+]([O-])c2ccc(C(N3CCN(C4CCCCC4)CC3)C(F)(F)F)cc2)cc1,7.638272164
N#Cc1cc(CO/N=C2\CN3CCC2CC3)on1,5.3574860189999995
O=C(O)c1cn(Cc2ccc3c(c2)CCC3O)c2cccc(F)c2c1=O,7.0132282660000005
CN1CCN(C2=Nc3ccccc3Oc3ccc(Cl)cc32)CC1,5.2596373110000005
CC(=O)NC1CCN(CCCN2C(=O)CCc3cc(F)c(F)cc32)CC1,7.0655015489999995
O=C(NC1CCN(CC2CCCCCCC2)CC1)C(O)(c1ccccc1)C1CCCC1,7.15490196
O=c1cc(-c2ccccc2OCc2ccc(C(F)(F)F)cc2)ccn1[C@H]1CCCC[C@@H]1O,4.443697499
C[N+]1(C)CCC[C@@H]1[C@@H]1C[S+]([O-])[C@@](c2ccccc2)(C2CCCCC2)O1,7.299954279
NCCC1CCN(C(=O)[C@](O)(c2ccccc2)C2CCCC2)CC1,8.677780705
CCN1CCC(c2ccccc2)=C(C(=O)OCc2ccc(OC)cc2)C1,5.5142785739999995
CC(C)NC(=O)[C@H]1CCCN1C(=O)[C@@H]1C[C@@H](O)CN1C(=O)CC(c1ccc(F)cc1)(c1ccc(F)cc1)c1ccc(F)cc1,6.096910013
O=C(CCNS(=O)(=O)c1cccc2ncccc12)N1CCN(c2ccc(Br)cn2)CC1,5.677780705
CN1[C@H]2CC[C@@H]1C[C@H](NC(c1ccc(Cl)cc1)c1ccc(Cl)cc1)C2,7.3010299960000005
CCOC(=O)N1C2CCC1CC(N1CC[C@@H](NC(=O)c3ccccc3)C1)C2,6.4948500220000005
CCCCc1[nH]c2ccc3c(c2c1C(=O)OCC)CN1CCc2cc(SC)ccc2C1O3,6.06000179
N#CC1(c2ccccn2)CCN(Cc2cc3c(c4ccccc24)CN(c2ccccc2F)C3=O)CC1,6.537602002000001
CN1CCC=C(c2nsnc2OCCO)C1,5.9699997179999995
COc1ccc(C#C/C(C)=C\CO/N=C2\CN3CCC2C3)cc1,8.070581074
C[N+]12CCC(CC1)C(O)(c1cc3ccccc3o1)C2,5.4202164029999995
O=C1CCC(c2ccccc2)(C2CCN(Cc3ccccc3)CC2)C(=O)N1,9.0
CN(CC(=O)N1c2ccccc2NC(=O)c2ccccc21)[C@H]1CCCC[C@H]1N(C)C,8.199970641
COc1ccc(CCC(=O)OCC2(c3ccccc3)CCN(C)CC2)cc1,6.173925197000001
CCCn1cc(-c2ccc(COc3ccccc3-c3ccn([C@H]4CCCC[C@@H]4O)c(=O)c3)cc2)cn1,4.638272164
CCN1CCC(c2ccccc2)=C(C(=O)OCCc2ccc(F)cc2)C1,7.0
CCN(CC)CCOCCOC(=O)C1(c2ccc(Cl)cc2)CCCC1,7.124938737000001
CCOC(=O)c1ccc(NC(=O)N[C@@H](Cc2ccc(O)cc2)C(=O)N[C@H]2CCN(Cc3ccc(O)cc3)C2)cc1,6.0
CN1CCC(=C2c3ccccc3C=Cc3ccccc32)CC1,8.001239506000001
CN(C)C1(CNCCC2CCC(CO)CC2)COc2ccccc2OC1,7.744727495
CN1CCC=C(c2nsnc2OCCOCCOCCOCCOCCOCCOc2nsnc2C2=CCCN(C)C2)C1,8.721246399
CCN1CCC(c2ccccc2)=C(C(=O)OCC(C)C)C1,6.919012952999999
C(#Cc1ccccc1)COc1nsnc1[C@H]1CN2CC[C@@H]1C2,6.798602876
CN1[C@H]2CC[C@@H]1C[C@H](CC(C#N)(c1ccccc1)c1ccccc1)C2,8.472118874
CC(C)N1CCCN(C(=O)C(Cc2ccccc2)c2ccccc2)CC1,6.989890937
O=C(NC1CCN(Cc2cccnc2)CC1)C(O)(c1ccccc1)C1CCCC1,6.327902142
CCC(=O)NC1CCN(CCCN2C(=O)COc3ccccc32)CC1,7.568636236000001
CCOC(=O)N1[C@H]2CC[C@@H]1C[C@@H](NCCNC(=O)c1ccccc1Cl)C2,5.638272164
C=C(c1ccc(S(=O)(=O)c2ccc(OC)cc2)cc1)C1CCN(C2CCCCC2)CC1,8.552841969
O=c1cc(-c2ccccc2OCc2ccccc2F)ccn1[C@H]1CCCC[C@@H]1O,4.522878745
CN1CCN(C2=Nc3cc(Cl)ccc3Nc3ccc(OS(=O)(=O)C(F)(F)F)cc32)CC1,7.26760624
CCN(CC)CC1CCCCN1CC(=O)N1c2ccccc2C(=O)Nc2cccnc21,6.446116973
CCOC(=O)N1[C@H]2CC[C@@H]1C[C@@H](NCCNC(=O)c1ccccc1)C2,5.9645702620000005
COc1nc(NCCCN2CCOCC2)nc(OC)c1NC(=O)c1ccc(Oc2cc3c(cc2C)CCC3(C)C)o1,5.385102784
COc1ccc(CCOC(=O)C2=C(c3ccccc3)CN(C)CC2)cc1OC,5.210419288
CCN1CCC(c2ccccc2)=C(C(=O)OCCc2ccc(C)cc2)C1,8.055517327999999
CCO[C@H]1CC[C@](C)(N2CCC(n3c(=O)oc4ccc(S(C)(=O)=O)cc43)CC2)CC1,7.89997427
CN1CCC=C(c2nsnc2SCCCCCCCCCCCCSc2nsnc2C2=CCCN(C)C2)C1,5.187063593
Cc1ccc([C@H]2CCCN2)o1,4.839999931
NC1CCN(C(=O)[C@](O)(c2ccccc2)[C@@H]2CCC(F)(F)C2)CC1,8.522878745
CCOC(=O)N1[C@H]2CC[C@@H]1C[C@@H](NCCNC(=O)c1ccc(F)c(F)c1)C2,6.091514981
CC[N+]1(CCOC(=O)C(O)(c2ccccc2)c2ccccc2)CCCCC1,7.663670374
Cn1ccc(-c2ccc(Cn3cc(C(=O)N[C@H]4CCCC[C@@H]4O)c4ncccc43)cc2)n1,7.050609992999999
CN(C)C1(CNCCC2CCOCC2)COc2ccccc2OC1,7.236572006
N#Cc1ccccc1-c1ccc(Cn2cc(C(=O)O)c(=O)c3c(F)cccc32)cc1,6.397940009
CCCCN(CCCC)c1ccc(/C=C/c2cc[n+](CCC[N+](CC)(CC)CC)cc2)cc1,7.356547324
NC(=O)c1cccc(COc2ccccc2-c2ccn([C@H]3CCCC[C@@H]3O)c(=O)c2)c1,4.040958608
CCN1CCN(c2ccc(NC(=O)c3cccc(C(F)(F)F)c3)cc2Cl)CC1,5.537602002000001
Cc1ncoc1-c1nnc(SCCCN2CC3CCN(c4ccccc4)C3C2)n1C,6.0
O=C(O)c1cn(C2(c3ccccc3)CC2)c2ccccc2c1=O,4.886056648
CN(C)CC1COCC(c2ccccc2)(c2ccccc2)O1,8.339988779
C[C@H]1CN(Cc2cccc(-c3cc(CNC(=O)c4cccc(CC5CCNCC5)c4)ccc3F)c2)CCN1,8.867820387
CN1CCC(c2ccccc2)=C(C(=O)OCCCc2ccc3c(c2)CCO3)C1,6.036212172999999
O=C(O)c1cn(Cc2ccc(-c3ccccc3)cc2)c2c(F)ccc(F)c2c1=O,6.568636236000001
CC(C)OC(=O)c1ccc(NC(=O)N[C@@H](Cc2ccc(O)cc2)C(=O)NCC(C)(C)C[N+](C)(C)Cc2ccc(Cl)cc2)cc1,6.322393047
O=C(O)c1cn(Cc2ccc(-n3cccc3)cc2)c2cccc(F)c2c1=O,6.742321425
O=C(Cc1ccccc1)NC1CCN(CCCN2C(=O)CCc3ccccc32)CC1,7.318758763
C/C(C#Cc1cccs1)=C/CO/N=C1/CN2CCC1C2,7.935542011
CN1CCCN(C(=O)C(Cc2ccccc2)c2ccccc2)CC1,7.009883234
CNCCCCOc1nsnc1C1=CCCN(C)C1,5.149999868
CN(C)CCC1CCN(C(=O)[C@](O)(c2ccccc2)[C@@H]2CCC(F)(F)C2)CC1,6.119186407999999
Cc1nccn1-c1ccc(Cn2cc(C(=O)O)c(=O)c3c(F)cccc32)cc1,6.036212172999999
CC(C)N1CCN(C(=O)C(Cc2ccccc2)c2ccccc2)CC1,6.358268166
CCN1CCC(c2ccccc2)=C(C(=O)OCCc2ccc(Cl)cc2)C1,6.251811973
COc1ccccc1CN1C2C3C4CC5C6C4C2C6C1(O)C53,6.504455662000001
COCCO[C@H]1CC[C@](C)(N2CCC(n3c(=O)oc4ccc(C)cc43)CC2)CC1,8.599980365
CC(C)OC(=O)c1ccc(NC(=O)N[C@@H](Cc2ccc(O)cc2)C(=O)NCc2n(Cc3ccc(Cl)cc3)cc[n+]2Cc2ccc(Cl)cc2)cc1,6.485186705
O=C(C1CN(S(=O)(=O)c2cccnc2)C1)N1CCN(c2ccncc2)CC1,6.430895412999999
C[C@@H]1OC(=O)[C@H]2C[C@H]3CCCC[C@@H]3[C@@H](CCCN3CCN[C@H](C)C3)[C@@H]12,6.067019178
CCOC(=O)c1ccc(NC(=O)N[C@@H](Cc2ccc(C#N)cc2)C(=O)N[C@H]2CC[N+](C)(Cc3ccc4c(c3)OCO4)C2)cc1,6.599997654
O=C(O)c1cn(Cc2ccc(-c3ccc(F)cc3)nc2)c2c(F)cccc2c1=O,6.721246399
NCCC1CCN(C(=O)[C@](O)(c2ccccc2)[C@@H]2CCC(F)(F)C2)CC1,8.180456064
CC[C@H](C)C(C(=O)OCCCN(CC)CC)c1ccccc1,7.970616222
CCCCOC(=O)c1c(C)[nH]c2ccc3c(c12)CN1CCc2cc(OC)ccc2C1O3,5.879998926
CCOC(=O)N(CC)CCCCC1CCN(CC(=O)N2c3ccccc3NC(=O)c3ccccc32)CC1,7.15490196
C[N+]1(C)CCC[C@@H]1[C@@H]1C[S+]([O-])C(c2ccccc2)(c2ccccc2)O1,6.724354701
CN1CCC[C@@H]1c1ccco1,4.110000009
COc1cccc(CN2CCN(CC(=O)C(O)(c3ccccc3)C3CCC3)CC2)c1,7.455931956000001
CCN(C)C(=O)c1c(C)[nH]c2ccc3c(c12)CN1CCc2cc(OC)ccc2C1O3,4.659999925
O=C(C(Cc1ccccc1)c1ccccc1)N1CCN2CCCCC2C1,5.699484947999999
CC(C)[N+]1(C)[C@H]2CC[C@@H]1C[C@H](OC(=O)C(CO)c1ccccc1)C2,8.727404259
CC(C)Cn1cc(-c2ccc(Cn3cc(C(=O)O)c(=O)c4c3CCCC4O)cc2)cn1,6.6989700039999995
CN1CCC=C(c2nsnc2SCCCCCCSc2nsnc2C2=CCCN(C)C2)C1,6.529538055
CN1C2CCCC1C(OC(=O)C1CCCCC1)C2,5.428873723
C=C(c1ccc(S(=O)(=O)c2ccc(OC)cc2)cc1)C1CCN(C2CCN(C(=O)CC)CC2)CC1,7.216024997000001
NCc1cccc(NC(=O)[C@](O)(c2ccccc2)[C@@H]2CCC(F)(F)C2)c1,6.677780705
Nc1ccc(-c2ccc(Cn3cc(C(=O)O)c(=O)c4c3CCCC4O)cc2)cn1,5.6152882570000004
NCC1CCN(C(=O)[C@](O)(c2ccccc2)[C@@H]2CCC(F)(F)C2)C1,8.677780705
CC(c1ccccn1)c1c(CCN(C)C)sc2ccccc12,5.853871964
C[C@H](O)[C@H]1[C@@H](CO)C[C@H]2CCCC[C@@H]2[C@H]1/C=C/[C@H]1CCC[C@H](C)N1C,6.306273051
Cc1ccnn1-c1ccc(Cn2cc(C(=O)O)c(=O)c3c(F)cccc32)cc1,5.537602002000001
CCN1CCC(c2ccccc2)=C(C(=O)OCCCC2CCCCC2)C1,6.2142432
CCN1CC=C(c2ccccc2)C(C(=O)OCCCC2CCCCC2)C1,6.0162835260000005
CCOC(=O)c1c(C)[nH]c2ccc3c(c12)CN1CCc2cc(Cl)ccc2C1O3,5.290000325
C/C(C#Cc1ccccc1)=C/CO/N=C1/CN2CCC1C2,6.920818754
CC(c1ccc(S(=O)(=O)c2ccccc2)cc1)N1CCNCC1,7.244125144
O=C(O)c1cn(Cc2ccc(-c3ccc(Cl)cc3)cc2)c2c(c1=O)C(O)CCC2,6.468521083
O=C1CCc2ccccc2N1CCCN1CCC(CCCCCO)CC1,5.208594413999999
O=C(OC1CN2CCC1CC2)C1=C/C(=C\c2ccccn2)c2ccccc21,5.829999527000001
O=C(O)c1cn(C/C=C/c2cccc(F)c2)c2c(F)cccc2c1=O,6.431798276
Cc1ncnc(C)c1C(=O)N1CCC(C)(N2CCN([C@@H](C)c3ccc(C(F)(F)F)cc3)[C@@H](C)C2)CC1,6.240332155
COc1nccnc1CC1=C(CCN(C)C)Cc2ccccc21,4.823908741
CCCCC1CCN(CCCN2C(=O)COc3cc(F)ccc32)CC1,7.387216143
O=C1OC(Cn2ccnc2CO)CC1(c1ccccc1)c1ccccc1,6.110698297000001
O=C(NC1CCN(Cc2ccoc2)CC1)[C@](O)(c1ccccc1)[C@@H]1CCC(F)(F)C1,7.142667503999999
C1=C(c2nc3ccccc3s2)C2CCN1CC2,6.769551079
Clc1ccc2c(c1)CCc1cccnc1C2=C1CCNCC1,6.781202002000001
CC1CN(CCC[C@@H]2[C@H]3CCCC[C@@H]3C[C@@H]3C(=O)O[C@@H](C)[C@@H]32)CC(C)N1,5.866141875
CC(C)N(CCOC(=O)C(O)(c1ccccc1)c1ccccc1)C(C)C,6.01278077
CC1CN(CCC[C@@H]2[C@H]3CCCC[C@@H]3C[C@@H]3C(=O)O[C@@H](C)[C@@H]32)C(C)CN1,6.452225295
O=C(O)c1cn(Cc2ccc(C3CC3)cc2)c2c(F)cccc2c1=O,5.920818754
Cc1ccccc1CN1CCC(NC(=O)C(O)(c2ccccc2)C2CCCC2)CC1,5.920818754
CCCO/N=C1\CN2CCC1C2,4.81417464
O=C(C1CN(S(=O)(=O)c2cccc3c(Cl)nccc23)C1)N1CCN(c2ccncc2)CC1,6.130384041
NCCN1CCN(C(=O)[C@](O)(c2ccccc2)[C@@H]2CCC(F)(F)C2)CC1,7.958607315
O=C1CCc2ncccc2N1CCCN1CCC(n2c(=O)[nH]c3ccccc32)CC1,7.920818754
CCN1CC=C(c2ccccc2)C(C(=O)Oc2ccccc2)C1,4.720622833999999
CN1CCN(C2=Nc3cc(OS(=O)(=O)C(F)(F)F)ccc3Nc3ccccc32)CC1,7.455931956000001
N#CC1(c2ccncc2)CCN(Cc2cc3c(c4ccccc24)CN([C@H]2CCCC[C@@H]2O)C3=O)CC1,7.657577319
CCCCCCCOc1nccnc1C1=CCCN(C)C1,5.292429824
C[N+]1(C)CCC[C@H]1[C@H]1CS[C@](c2ccccc2)(C2CCCCC2)O1,9.599980365
Cc1ccc(N(Cc2ccccc2)C(=O)O[C@H]2CN3CCC2CC3)cc1,7.401209493
C/C(C#Cc1ccccc1)=C\CO/N=C1\CN2CCC1C2,5.962573502000001
Cc1ccc([C@H]2CCCN2C)o1,4.349999992
O=C(CN1CCN(Cc2ccc3c(c2)OCO3)CC1)C(O)(c1ccccc1)C1CCC1,7.522878745
O=C(O[C@H]1C[N+]2(CCc3ccccc3)CCC1CC2)C1(O)c2ccccc2Oc2ccccc21,9.537602002
CCN1CCC(c2ccccc2)=C(C(=O)OCCc2ccccn2)C1,6.387216143
CCCCCCCOc1nsnc1C1=CCCN(C)C1,8.045757491
Cn1c(=O)c2c(ncn2CCCN2CCN(C(c3ccc(F)cc3)c3ccc(F)cc3)CC2)n(C)c1=O,6.173925197000001
O=C(NC1CCN(Cc2ccccn2)CC1)[C@](O)(c1ccccc1)[C@@H]1CCC(F)(F)C1,7.823908741
COC(=O)c1c(C)[nH]c2ccc3c(c12)CN1CCc2ccccc2C1O3,5.147446817
CN(C)CCOC(=O)C1=C/C(=C\c2ccncc2)c2ccccc21,4.920000157
C[N+](C)(CC#CCOC1=NOCC1)CCCCNC(=O)c1cn(Cc2ccccc2)c2c(F)cccc2c1=O,6.981091556
C=C(c1ccc(S(=O)(=O)c2ccc(OC)cc2)cc1)C1CCN(C2CCN(S(=O)(=O)C(C)C)CC2)CC1,7.498940738
O=C(O)c1cn(Cc2ccc(-n3cccn3)cc2)c2cccc(F)c2c1=O,7.0268721460000005
Clc1ccc(-c2ccc(CCCNc3ccc(CN4CCCCC4)cc3)nn2)cc1,6.508638306
COc1ccc(S(=O)(=O)c2ccc(C(=O)C3CCN(C4CCCCC4)CC3)cc2)cc1,7.507379277999999
CN1CCCC[C@H]1/C=C/C1c2ccccc2Cc2ccccc21,8.308034897
O=c1cc(-c2ccccc2NCc2ccc(-c3ccncc3)cc2)ccn1[C@H]1CCCC[C@@H]1O,5.031517051
CN1CCC(c2ccccc2)=C(C(=O)OCCc2cccc(F)c2)C1,6.48148606
O=C(O[C@H]1CN2CCC1CC2)C(O)(c1ccccc1)c1ccccc1,9.443697498999999
C[C@H]1CNCC[C@H]1CNC(=O)c1c(F)cccc1-c1cccc(Cl)c1,7.7000570999999995
Nc1noc(C2CN3CCC2C3)n1,4.299296283
O=C(O[C@H]1C[N+]2(CCCOc3ccccc3)CCC1CC2)[C@@](O)(c1cccs1)C1CCCC1,9.091514981
Cc1cc2c(S(=O)(=O)N3CC(C(=O)N4CC5CN(c6ccncc6)CC5C4)C3)cccc2cn1,5.56931797
COC(=O)c1cccc(COc2ccccc2-c2ccn([C@H]3CCCC[C@@H]3O)c(=O)c2)c1,4.0
C[C@H](C1=C(CCN(C)C)Cc2ccccc21)c1cnccn1,4.6989700039999995
CCN1CCC(c2ccccc2)=C(C(=O)OCCc2ccccc2OC)C1,5.761953897000001
COc1ccc(CN2CCN(CC(=O)C(O)(c3ccccc3)C3CCC3)CC2)cc1,6.958607315
C[N+](C)(C)C[C@@H]1COCC(c2ccccc2)(c2ccccc2)O1,7.78994915
Cn1cc2c(-c3cc(F)c(Cn4cnc5cnccc5c4=O)c(F)c3)cccc2n1,5.503070352000001
Clc1ccc(-c2ccc(CCCNc3ccc(CN4CCCCC4)cc3)cc2)cc1,6.488116638999999
CCc1ccc(Cc2cc(C(=O)N[C@H]3CCCC[C@@H]3O)c(OC)c3ccccc23)cn1,6.721246399
CC(C)=CCCN1CCC(NC(=O)[C@](O)(c2ccccc2)[C@H]2CC[C@H](F)C2)CC1,7.124938737000001
O=C(c1ccc(C(=O)N2CCC(N3CCCC3)CC2)c(Nc2ccccc2)c1)N1CCC(N2CCCC2)CC1,5.455931956000001
Cn1cc(-c2ccc(Cn3cc(C(=O)N[C@H]4COCC[C@@H]4O)c4ncccc43)cn2)cn1,7.458420756000001
N#CC1(c2ccccn2)CCN(Cc2cc(C(=O)NC3CCCOC3)c(=O)n3ccccc23)CC1,5.585026652000001
Cn1cc(-c2cc(F)c(CN3C(=O)C(=O)c4ccccc43)c(F)c2)cn1,6.0655015489999995
Cc1cc2c(S(=O)(=O)N3CC(C(=O)N4CCN(c5ccncc5)CC4)C3)cccc2cn1,5.663744453
Cc1n(CC2CC(c3ccccc3)(c3ccccc3)C(=O)O2)cc[n+]1C,7.4202164029999995
CC(=O)N1CCCC(c2ccccc2)(C2CCN(Cc3ccc(Br)cc3)CC2)C1,5.0
Fc1ccc(C(N[C@@H]2C[C@@H]3CC[C@H](C2)N3)c2ccc(F)cc2)cc1,6.812479279
Cn1cc(-c2ccc(CN3C(=O)C4(CCN(C5CCCC5)C4)c4ccccc43)c(F)c2)cn1,5.630079912999999
CCOC(=O)N1[C@H]2CC[C@@H]1C[C@@H](NCCNC(=O)N1CCOCC1)C2,5.6989700039999995
CCOC(=O)c1ccc(NC(=O)N[C@@H](Cc2ccc(O)cc2)C(=O)NC2CCN(Cc3ccc(OC)cc3)C2)cc1,6.299997603
Cc1cc(NCCN2C3CCCC2CC3)nnc1-c1ccccc1O,8.522878745
Cc1ccc([C@H]2CCC[N+]2(C)C)o1,4.860000083
C/C(C#Cc1ccc(F)cc1)=C\CO/N=C1\CN2CCC1C2,7.501689446
CCN1CCC(c2ccccc2)=C(C(=O)OC)C1,5.636726563
CN1CCC=C(C2=NOC(C#N)C2)C1,5.122628654
CCN1CCC(c2ccccc2)=C(C(=O)OCCc2cccc(OC)c2)C1,6.327902142
Cn1cc(-c2ccc(COc3ccccc3-c3cc(=O)n([C@H]4CCCC[C@@H]4O)cn3)cc2)cn1,4.886056648
CN1CCC=C(c2nsnc2SCCCSc2nsnc2C2=CCCN(C)C2)C1,6.755475487999999
Cc1ccc(CN2CCC(n3c(O)nc4ccccc43)CC2)c(Cl)c1,5.749579998
Cn1cc(C(=O)C(=O)N[C@@H]2CN3CCC2CC3)c2ccccc21,4.600000075
C[C@@H]1OC(=O)[C@@H]2C[C@@H]3CCCC[C@@H]3[C@@H](/C=C\[C@H]3CCC[C@H](C)N3C)[C@H]12,5.629999781
OC(CCN1CCCCC1)(c1ccccc1)[C@H]1C[C@@H]2C=C[C@H]1C2,8.627087997
CCOC(=O)N1C2CCC1CC(N1CCC[C@H](NC(=O)c3ccccc3C)C1)C2,5.677780705
O=C(O)c1cn(Cc2ccc(N3C(=O)C=CC3=O)cc2)c2ccccc2c1=O,6.379999357999999
O=C(CCC1=[N+]2C(C=C1)Cc1ccc(-c3cccs3)n1[B-]2(F)F)NCCCCCCN1CCN(CC(=O)N2c3ccccc3C(=O)Nc3cccnc32)CC1,8.055517327999999
C[C@H]1OC[C@@H]([C@@H]2CCC[N+]2(C)C)O1,4.6700000180000005
CC#CCn1c(N2CCC[C@H](N)C2)nc2c1c(=O)n(CC(=O)c1ccccc1)c(=O)n2C,5.947306058
Cc1ccccc1CN1CCC(N2CCC(n3c(=O)[nH]c4ccccc43)CC2)CC1,6.07249191
O=C(O)c1cn(Cc2ccc(-c3cccc(CO)n3)cc2)c2c(F)cccc2c1=O,6.602059991
O=C(O)c1cn(Cc2ccc(-c3ccccc3)nc2)c2c(F)cccc2c1=O,6.218963061
CC[n+]1cc(C)cn1CC1CC(c2ccccc2)(c2ccccc2)C(=O)O1,6.9430951489999995
CCOC(=O)c1c(C)[nH]c2ccc3c(c12)CN1CCc2cc(OC)c(OC)cc2C1O3,4.88929584
O=C(N[C@H]1CCCC[C@@H]1O)c1cn(Cc2ccc(-n3cccn3)cc2)c2ccccc12,6.7878123960000005
CCCOC(=O)C1CN(CC)CC=C1c1ccccc1,6.535808629
CCCCOc1nsnc1OC1CCNC1,5.3127386539999994
CCCc1n(CC2CC(c3ccccc3)(c3ccccc3)C(=O)O2)cc[n+]1C,7.795880017000001
CCN1CCN(c2ccc(NC(=O)c3ccccc3)cc2Cl)CC1,5.4948500220000005
Brc1cc(CO/N=C2\CN3CCC2CC3)on1,5.237621571
CC(C)N1CCN(c2ccc(OC[C@H]3CO[C@](Cn4cncn4)(c4ccc(Cl)cc4Cl)O3)cc2)CC1,5.450751443
N#Cc1ccc(N2CCN(Cc3cc(C(=O)N[C@H]4CCCC[C@@H]4O)c(=O)n4ccccc34)CC2)cc1,6.612610173999999
Cc1cc(NCCN2CCOCC2)nnc1-c1ccccc1,6.2596373110000005
CN1CCC[C@H]1c1ccc([C@](O)(c2ccccc2)C2CCCCC2)o1,7.639974911
CN(C)CCN(C)C(=O)C1=C/C(=C\c2ccccn2)c2ccccc21,4.659999925
O=C(O[C@H]1CN2CCC1CC2)[C@@](O)(c1ccccc1)c1cccs1,9.698970004
O=C(/C=C/c1ccc(-c2ccc(Cl)cc2)cc1)Nc1ccc(CN2CCCCC2)cc1,6.396855627000001
CC(=O)NC1CCN(Cc2ccc(OCCCc3ccc(-c4ccc(F)cc4)nn3)cc2)CC1,5.349692477
C[C@@H]1OC(=O)[C@H]2C[C@H]3CCCC[C@@H]3[C@@H](CCCN3CCN(C4CCCCC4)CC3)[C@@H]12,6.333482019
CCCCOc1nsnc1OC1CN2CCC1CC2,6.991399828
C(#Cc1ccccc1)COc1nsnc1[C@H]1CN2CCC1C2,9.004364805
O=C(C1CN(S(=O)(=O)c2cccc3cnccc23)C1)N1CCN(c2ccncn2)CC1,5.826943456
N#CC1(c2ccccn2)CCN(Cc2cc3c(c4ccccc24)CN(C2CCOCC2)C3=O)CC1,6.552841969
O=C(O[C@H]1C[N+]2(CCCOc3ccccc3)CCC1CC2)C1(O)c2ccccc2Oc2ccccc21,9.638272164
Fc1ccc(C#CCSc2nsnc2C23CN4CC2C3C4)cc1,8.346787486
COc1cc(CO/N=C2\CN3CCC2CC3)on1,4.745186159
Cc1ccccc1C(OCCN(C)C)c1ccccc1,7.036212172999999
C(#Cc1ccccc1)CSc1nsnc1[C@H]1CN2CCC[C@H]1C2,9.698970004
C(#CCN1CCCCC1)COC1=NOCC1,5.341988603
CCO/C(O)=C1\CN2CC(CCC2COCc2ccccc2)C1=O,5.465339424
Cc1ccn(CC2CC(c3ccccc3)(c3ccccc3)C(=O)O2)n1,6.472370099
CC(C)OC(=O)c1ccc(NC(=O)N[C@@H](Cc2ccc(O)cc2)C(=O)N[C@H]2CCC[N+](C)(Cc3cccc(O)c3)C2)cc1,8.265144187999999
CCN1CC=C(c2ccccc2)C(C(=O)OCC2CCCCC2)C1,7.2660007129999995
C[C@@H]1OC(=O)[C@H]2C[C@H]3CCCC[C@@H]3[C@@H](C#C[C@H]3CCC[C@H](C)N3C)[C@@H]12,5.48999954
OC1(c2csc3ccccc23)CN2CCC1CC2,6.0861861479999995
C[C@H]1CN(CCC[C@@H]2[C@H]3CCCC[C@@H]3C[C@@H]3C(=O)O[C@@H](C)[C@@H]32)CCN1,6.235823868
O=c1cc(-c2ccccc2OCc2ccc(-c3ccncc3)cc2)ccn1[C@H]1CCCC[C@@H]1O,4.958607315
CCc1nc(C)cn1CC1CC(c2ccccc2)(c2ccccc2)C(=O)O1,7.397940009
CC(C)OC(=O)c1ccc(NC(=O)N[C@@H](Cc2ccc(O)cc2)C(=O)N2CCC[C@@H]([N+](C)(C)Cc3ccc(Cl)cc3)C2)cc1,5.722253299999999
C[C@H]1CCCC[C@@H]1NC(=O)c1cc(CN2CCC(C#N)(c3ccccn3)CC2)c2ccccn2c1=O,6.721246399
Cc1cccc(N(Cc2cc(F)c(F)cc2F)C(=O)O[C@H]2CN3CCC2CC3)c1,9.0
CN(C)CC[C@@H](c1ccc(Cl)cc1)c1ccccn1,6.066512712000001
O=C(O[C@H]1CN2CCC1CC2)C(O)(c1cccs1)c1cccs1,9.698970004
CCCCCCCOC(=O)C1=C(c2ccccc2)CCN(CC)C1,7.107905397000001
COc1ccc2cc3[n+](cc2c1OC)CCc1cc2c(cc1-3)OCO2,5.7187393129999995
CC(c1nccs1)c1c(CCN(C)C)sc2ccccc12,2.683610249
CC(c1ccncc1)c1c(CCN(C)C)sc2ccccc12,8.251811972999999
CC[C@@H](C)[C@@H](O)C(=O)OC[C@H]1CCN2CCC[C@@H]12,6.296708622000001
Cn1cc(-c2ccc(CN3C(=O)C4(CCN(c5ncccn5)C4)c4ccccc43)c(F)c2)cn1,5.606011755
COc1ccc(CCOC(=O)C2(c3ccccc3)CCN(C)CC2)cc1OC,4.966576245
O=C(NCC1(F)CCNCC1)c1c(F)cccc1-c1cccc(Cl)c1,7.199970641
CN1CCC(=C2c3ccccc3CC(=O)c3sccc32)CC1,6.161150909
CCC(=O)OC1CC2CCCC1N2C,6.638272164
CN1CCN(C2=Nc3cc(F)ccc3Nc3ccc(F)cc32)CC1,8.22184875
O=C(CN1CCN(Cc2ccccc2)CC1)C(O)(c1ccccc1)C1CCC1,7.602059991
CN1CCC[C@@H]1c1ccc([C@](O)(c2ccccc2)C2CCCCC2)o1,8.910094889
C[C@@H](c1ccccn1)c1c(CCN(C)C)sc2ccccc12,5.576320049
Cn1cc(S(=O)(=O)N2CC(C(=O)N3CCN(c4ccncc4)CC3)C2)cn1,5.91537547
OC1(C2=CN3CCC2CC3)c2ccccc2CCc2ccccc21,5.690369832999999
Cn1ccc(NC(=O)c2cn(Cc3ccc(-n4cccn4)cc3)c3cccnc23)n1,6.588380293999999
CC(C1=C(CCN(C)C)Cc2ccc(Cl)cc21)c1ccccn1,6.459996055
CN(C)CCC1=C(Cc2ccccn2)c2ccccc2C1,5.800000875
CCOC(=O)c1ccc(NC(=O)N[C@@H](Cc2ccc(C(F)(F)F)cc2)C(=O)N[C@H]2CC[N+](C)(Cc3ccc4c(c3)OCO4)C2)cc1,7.299988937999999
C1=C(c2cc3ccccc3o2)C2CCN1CC2,8.017728767000001
Cc1cc(N(C)CCN(C)C)nc2ccc(NC(=O)/C=C/c3ccc(OC(F)(F)F)cc3)cc12,5.886056647999999
O=C(O)c1cn(Cc2ccc(C(F)(F)F)cc2)c2c(F)cccc2c1=O,6.008773924
C[N+]1(C)[C@H]2C[C@H](OC(=O)[C@H](CO)c3ccccc3)C[C@H]1[C@H]1O[C@@H]21,9.082231998
CN1CCC=C(c2nsnc2OCCCCn2cccc2)C1,4.866592784
C[C@@H]1OC(=O)[C@H]2C[C@H]3CCCC[C@@H]3[C@@H](CCCN3CCCC(C)(C)C3)[C@@H]12,6.380906669
COc1ccc(CN(C(=O)O[C@@H]2C[C@@H]3CC[C@H](C2)[N+]3(C)C)c2ccccc2)cc1,7.0655015489999995
COc1cccc(C#CCO/N=C2\CN3CCC2C3)c1,5.305599567
CN1CCCCC1/C=C/c1c2ccccc2cc2ccccc12,6.168130226000001
CCCCCCCCCOC(=O)C1=C(c2ccccc2)CCN(CC)C1,7.93930216
CSc1ccc2c(c1)N(CCC1CCCCN1C)c1ccccc1S2,8.361061705
O=C(O)c1cn(Cc2ccccc2C(F)(F)F)c2c(F)ccc(F)c2c1=O,5.638272164
O=C(CN1CCN(C/C=C\c2ccccc2)CC1)C(O)(c1ccccc1)C1CCC1,7.958607315
CN1[C@H]2C[C@H](OC(=O)[C@H](CO)c3ccccc3)C[C@@H]1[C@@H]1O[C@H]12,8.373813665
CCOC(=O)c1ccc(NC(=O)N[C@@H](Cc2ccc(O)cc2)C(=O)NC2CCN(Cc3cccc(Cl)c3)C2)cc1,5.899998417000001
C[N+]1(C)CCC(OC(=O)C(c2ccccc2)c2ccccc2)CC1,8.552841969
COc1cccc(C2=C(C(=O)OCCc3ccc4c(c3)CCO4)CN(C)CC2)c1,5.614393726
CCOCCOCCOCCOCCOc1nsnc1C1=CCCN(C)C1,5.47445766
