0,1
COc1ccc(-c2nc3cnc(N4CCN(C)CC4)nc3n(-c3ccc(OC)cc3)c2=O)cc1,1
COc1ccc(-c2nc3cnc(N4CCNCC4)nc3n(-c3ccc(OC)cc3)c2=O)cc1,0
COc1ccc(-c2nc3cnc(N4CCNCC4)nc3n(-c3ccccc3)c2=O)cc1,0
COc1ccc(-c2nc3cnc(N4CCOCC4)nc3n(-c3ccc(OC)cc3)c2=O)cc1,1
COc1ccc(-c2nc3cnc(N4CCOCC4)nc3n(-c3ccccc3)c2=O)cc1,1
COc1ccc(-n2c(=O)c(-c3cc(F)cc(F)c3)nc3cnc(N4CCNCC4)nc32)cc1,0
COc1ccc(-n2c(=O)c(-c3cc(F)cc(F)c3)nc3cnc(N4CCOCC4)nc32)cc1,1
COc1ccc(-n2c(=O)c(-c3ccc(Cl)cc3)nc3cnc(N4CCNCC4)nc32)cc1,0
COc1ccc(-n2c(=O)c(-c3ccc(F)cc3)nc3cnc(N4CCOCC4)nc32)cc1,1
COc1ccc(-n2c(=O)c(-c3ccccc3)nc3cnc(N4CCN(C)CC4)nc32)cc1,0
COc1ccc(-n2c(=O)c(-c3ccccc3)nc3cnc(N4CCOCC4)nc32)cc1,1
O=c1c(-c2cc(F)cc(F)c2)nc2cnc(N3CCNCC3)nc2n1-c1ccccc1,1
O=c1c(-c2ccc(Cl)cc2)nc2cnc(N3CCOCC3)nc2n1-c1ccccc1,1
O=c1c(-c2ccc(F)cc2)nc2cnc(N3CCNCC3)nc2n1-c1ccccc1,1
O=c1c(-c2ccc(F)cc2)nc2cnc(N3CCOCC3)nc2n1-c1ccccc1,1
O=c1c(-c2ccccc2)nc2cnc(N3CCNCC3)nc2n1-c1ccccc1,1
O=c1c(-c2ccccc2)nc2cnc(N3CCOCC3)nc2n1-c1ccccc1,1
CN1CCN(c2ncc3nc(-c4ccc(Cl)cc4)c(=O)n(-c4ccccc4)c3n2)CC1,1
CN1CCN(c2ncc3nc(-c4ccccc4)c(=O)n(-c4ccccc4)c3n2)CC1,0
COc1ccc(-n2c(=O)c(-c3ccc(Cl)cc3)nc3cnc(N4CCOCC4)nc32)cc1,1
COc1ccc(-n2c(=O)c(-c3ccc(F)cc3)nc3cnc(N4CCNCC4)nc32)cc1,0
O=c1c(-c2cc(F)cc(F)c2)nc2cnc(N3CCOCC3)nc2n1-c1ccccc1,1
O=c1c(-c2ccc(Cl)cc2)nc2cnc(N3CCNCC3)nc2n1-c1ccccc1,1
CCC(C(=O)N[C@@H](CC(=O)O)C(=O)CNCN(C)C)n1ccnc(NCc2nonc2C)c1=O,1
CCC(C(=O)N[C@@H](CC(=O)O)C(=O)CNCN(C)CC)n1ccnc(NCc2nonc2C)c1=O,1
CCC(C(=O)N[C@@H](CC(=O)O)C(=O)CNCN(CC)CC)n1ccnc(NCc2nonc2C)c1=O,1
CCC(C(=O)N[C@@H](CC(=O)O)C(=O)CNCN1C2CCC1CC2)n1ccnc(NCc2nonc2C)c1=O,1
CCC(C(=O)N[C@@H](CC(=O)O)C(=O)CNCN1CCCC1)n1ccnc(NCc2nonc2C)c1=O,1
CCC(C(=O)N[C@@H](CC(=O)O)C(=O)CNCN1CCc2ccccc2C1)n1ccnc(NCc2nonc2C)c1=O,1
CCC(C(=O)N[C@@H](CC(=O)O)C(=O)CNCN1Cc2ccccc2C1)n1ccnc(NCc2nonc2C)c1=O,1
CCCCCCCCN(C)CNCC(=O)[C@H](CC(=O)O)NC(=O)C(CC)n1ccnc(NCc2nonc2C)c1=O,1
CCCCCCN(C)CNCC(=O)[C@H](CC(=O)O)NC(=O)C(CC)n1ccnc(NCc2nonc2C)c1=O,1
CCCCCN(C)CNCC(=O)[C@H](CC(=O)O)NC(=O)C(CC)n1ccnc(NCc2nonc2C)c1=O,1
CCCCN(C)CNCC(=O)[C@H](CC(=O)O)NC(=O)C(CC)n1ccnc(NCc2nonc2C)c1=O,1
CCCN(C)CNCC(=O)[C@H](CC(=O)O)NC(=O)C(CC)n1ccnc(NCc2nonc2C)c1=O,1
CCOCN(C)CNCC(=O)[C@H](CC(=O)O)NC(=O)C(CC)n1ccnc(NCc2nonc2C)c1=O,1
CCC(C(=O)N[C@@H](CC(=O)O)C(=O)CNCN1CCC(Cc2ccccc2)CC1)n1ccnc(NCc2nonc2C)c1=O,1
CN1CCN(c2ncc3nc(-c4ccccc4)c(=O)n(Cc4ccc(F)cc4)c3n2)CC1,1
COc1ccc(-c2nc3cnc(N4CCN(C)CC4)nc3n(Cc3ccc(F)cc3)c2=O)cc1,0
COc1ccc(-c2nc3cnc(N4CCNCC4)nc3n(Cc3ccc(F)cc3)c2=O)cc1,0
O=c1c(-c2cc(F)cc(F)c2)nc2cnc(N3CCNCC3)nc2n1Cc1ccc(F)cc1,0
O=c1c(-c2cc(F)cc(F)c2)nc2cnc(N3CCOCC3)nc2n1Cc1ccc(F)cc1,1
O=c1c(-c2ccc(Cl)cc2)nc2cnc(N3CCNCC3)nc2n1Cc1ccc(F)cc1,1
O=c1c(-c2ccc(Cl)cc2)nc2cnc(N3CCOCC3)nc2n1Cc1ccc(F)cc1,1
O=c1c(-c2ccc(F)cc2)nc2cnc(N3CCOCC3)nc2n1Cc1ccc(F)cc1,1
O=c1c(-c2ccccc2)nc2cnc(N3CCOCC3)nc2n1Cc1ccc(F)cc1,1
CN1CCN(c2ncc3nc(-c4ccc(Cl)cc4)c(=O)n(Cc4ccc(F)cc4)c3n2)CC1,0
O=c1c(-c2ccc(F)cc2)nc2cnc(N3CCNCC3)nc2n1Cc1ccc(F)cc1,0
O=c1c(-c2ccccc2)nc2cnc(N3CCNCC3)nc2n1Cc1ccc(F)cc1,0
CCNc1ncc2nc(-c3cc(F)cc(F)c3)c(=O)n(-c3ccccc3)c2n1,1
CCNc1ncc2nc(-c3ccc(Cl)cc3)c(=O)n(-c3ccc(OC)cc3)c2n1,1
CCNc1ncc2nc(-c3ccc(Cl)cc3)c(=O)n(-c3ccccc3)c2n1,1
CCNc1ncc2nc(-c3ccc(F)cc3)c(=O)n(-c3ccc(OC)cc3)c2n1,0
CCNc1ncc2nc(-c3ccc(F)cc3)c(=O)n(-c3ccccc3)c2n1,1
CCNc1ncc2nc(-c3ccc(OC)cc3)c(=O)n(-c3ccc(OC)cc3)c2n1,1
CCNc1ncc2nc(-c3ccccc3)c(=O)n(-c3ccc(OC)cc3)c2n1,0
CCNc1ncc2nc(-c3cc(F)cc(F)c3)c(=O)n(-c3ccc(OC)cc3)c2n1,1
CN1CCN(c2ncc3nc(CCc4ccccc4)c(=O)n(CCc4ccccc4)c3n2)CC1,0
COCCn1c(=O)c(CCc2ccccc2)nc2cnc(N3CCN(C)CC3)nc21,0
COCCn1c(=O)c(CCc2ccccc2)nc2cnc(N3CCNCC3)nc21,0
COCCn1c(=O)c(CCc2ccccc2)nc2cnc(N3CCOCC3)nc21,0
O=c1c(CCc2ccccc2)nc2cnc(N3CCNCC3)nc2n1CCc1ccccc1,0
CN1CCN(c2ncc3nc(CCc4ccccc4)c(=O)n(CCC#N)c3n2)CC1,0
N#CCCn1c(=O)c(CCc2ccccc2)nc2cnc(N3CCOCC3)nc21,0
COc1ccc2nc(O)c(CN(CCc3ccccc3)Cc3nnnn3CC3CCCO3)cc2c1,0
COc1ccc2nc(O)c(CN(Cc3ccc(C)cc3)Cc3nnnn3CC3CCCO3)cc2c1,0
COc1ccc2nc(O)c(CN(Cc3ccccc3)Cc3nnnn3CC3CCCO3)cc2c1,0
COc1ccc2nc(O)c(CN(Cc3ccccc3OC)Cc3nnnn3CC3CCCO3)cc2c1,0
COc1ccccc1CN(Cc1cc2cc(C)ccc2nc1O)Cc1nnnn1CC1CCCO1,0
Cc1ccc2nc(O)c(CN(CCc3ccccc3)Cc3nnnn3CC3CCCO3)cc2c1,0
COc1cccc(C(=O)NNC(=O)C2(C(=O)N[C@H]3CC(=O)OC3O)CCC2)c1,1
COc1cccc(C(=O)NNC(=O)C2(C(=O)N[C@H]3CC(=O)OC3O)CCCC2)c1,1
COc1cccc(C(=O)NNC(=O)C2(C(=O)N[C@H]3CC(=O)OC3O)CCCCC2)c1,1
Cc1cccc(C(=O)NNC(=O)C2(C(=O)N[C@H]3CC(=O)OC3O)CCC2)c1,1
Cc1cccc(C(=O)NNC(=O)C2(C(=O)N[C@H]3CC(=O)OC3O)CCCC2)c1,1
Cc1cccc(C(=O)NNC(=O)C2(C(=O)N[C@H]3CC(=O)OC3O)CCCCC2)c1,1
O=C(O)C(F)(F)C(F)(F)C(F)(F)C(F)(F)C(F)(F)C(F)(F)C(F)(F)C(F)(F)C(F)(F)C(F)(F)F,0
O=C(O)C(F)(F)C(F)(F)C(F)(F)C(F)(F)C(F)(F)C(F)(F)C(F)(F)F,0
O=C(O)C(F)(F)C(F)(F)C(F)(F)C(F)(F)C(F)(F)C(F)(F)F,0
O=C(O)C(F)(F)C(F)(F)C(F)(F)C(F)(F)C(F)(F)C(F)(F)C(F)(F)C(F)(F)C(F)(F)F,0
O=C(O)C(F)(F)C(F)(F)C(F)(F)C(F)(F)C(F)(F)C(F)(F)C(F)(F)C(F)(F)F,0
O=C(O)C(F)(F)C(F)(F)C(F)(F)C(F)(F)C(F)(F)F,0
CC(C)[C@H](NC(=O)CCc1ccccc1)C(=O)N[C@@H](C)C(=O)N[C@@H](CC(=O)O)C(=O)CCCc1ccccc1,1
CC(C)[C@H](NC(=O)CCc1ccccc1)C(=O)N[C@@H](C)C(=O)N[C@@H](CC(=O)O)C(=O)O,1
CC(C)[C@H](NC(=O)CCc1ccccc1)C(=O)N[C@@H](C)C(=O)NC(CC(=O)O)C(=O)CCCCc1ccccc1,1
CC(C)[C@H](NC(=O)CCc1ccccc1)C(=O)N[C@@H](C)C(=O)N[C@@H](CC(=O)O)C(=O)CCc1ccccc1,1
CC(C)[C@H](NC(=O)CCc1ccccc1)C(=O)N[C@@H](C)C(=O)N[C@@H](CC(=O)O)C(=O)Cc1ccccc1,1
CCCn1/c(=N/C(=O)c2ccc3c(c2)OCO3)c(C#N)cc2c(=O)n3cccc(C)c3nc21,1
Cc1cccn2c(=O)c3cc(C#N)/c(=N\C(=O)c4ccc5c(c4)OCO5)n(CC(C)C)c3nc12,1
CCCCn1/c(=N/C(=O)c2ccc3c(c2)OCO3)c(C#N)cc2c(=O)n3cccc(C)c3nc21,1
COCCCn1/c(=N/C(=O)c2ccc3c(c2)OCO3)c(C#N)cc2c(=O)n3cccc(C)c3nc21,1
COCCn1/c(=N/C(=O)c2ccc3c(c2)OCO3)c(C#N)cc2c(=O)n3cccc(C)c3nc21,1
CCOC(=O)c1c(N)n(Cc2ccccc2)c2nc3ccccc3nc12,0
COC(=O)c1c(N)n(Cc2ccc(OC)cc2)c2nc3ccccc3nc12,0
COCCOC(=O)c1c(N)n(Cc2ccccc2)c2nc3ccccc3nc12,0
CCOC(=O)c1c(N)n(Cc2ccc(OC)cc2)c2nc3ccccc3nc12,0
COCCOC(=O)c1c(N)n(Cc2ccc(OC)cc2)c2nc3ccccc3nc12,0
CN(C)c1ncc2nc(-c3cc(F)cc(F)c3)c(=O)n(Cc3ccc(F)cc3)c2n1,1
CN(C)c1ncc2nc(-c3ccc(Cl)cc3)c(=O)n(Cc3ccc(F)cc3)c2n1,1
CN(C)c1ncc2nc(-c3ccccc3)c(=O)n(Cc3ccc(F)cc3)c2n1,1
COc1ccc(-c2nc3cnc(N(C)C)nc3n(Cc3ccc(F)cc3)c2=O)cc1,1
CN(C)c1ncc2nc(-c3ccc(F)cc3)c(=O)n(Cc3ccc(F)cc3)c2n1,1
COCCn1c(=O)c(-c2cccs2)nc2cnc(Oc3ccc(OC)cc3)nc21,0
COCCn1c(=O)c(-c2cccs2)nc2cnc(Oc3ccccc3)nc21,0
COc1ccc(Oc2ncc3nc(-c4cccs4)c(=O)n(CCC#N)c3n2)cc1,0
N#CCCn1c(=O)c(-c2cccs2)nc2cnc(Oc3ccccc3)nc21,0
COCCn1c(=O)c(-c2cccs2)nc2cnc(Oc3cccc(Cl)c3)nc21,0
CC(C)OC(=O)CC(=O)CSc1nc2c(cc1C#N)CCC2,0
COC(=O)CC(=O)CSc1nc2c(cc1C#N)CCC2,0
COC(=O)CC(=O)CSc1nc2c(cc1C#N)CCCCC2,0
CC(C)OC(=O)CC(=O)CSc1nc2c(cc1C#N)CCCC2,0
CN(C)c1ncc2nc(-c3ccc(Cl)cc3)c(=O)n(Cc3cccs3)c2n1,1
COc1ccc(-c2nc3cnc(N(C)C)nc3n(Cc3cccs3)c2=O)cc1,1
CN(C)c1ncc2nc(-c3ccc(F)cc3)c(=O)n(Cc3cccs3)c2n1,1
CN(C)c1ncc2nc(-c3ccccc3)c(=O)n(Cc3cccs3)c2n1,1
CN1CCN(c2ncc3nc(-c4cn(C)c5ccccc45)c(=O)n(-c4ccccc4)c3n2)CC1,0
COc1ccc(-n2c(=O)c(-c3cn(C)c4ccccc34)nc3cnc(N4CCNCC4)nc32)cc1,0
COc1ccc(-n2c(=O)c(-c3cn(C)c4ccccc34)nc3cnc(N4CCOCC4)nc32)cc1,1
Cn1cc(-c2nc3cnc(N4CCNCC4)nc3n(-c3ccccc3)c2=O)c2ccccc21,0
COc1ccc2nc(N3CCC(C)CC3)c(C#N)cc2c1,0
COc1ccc2nc(N3CCCCC3)c(C#N)cc2c1,0
COc1ccc2nc(N3CCC(O)CC3)c(C#N)cc2c1,1
COc1ccc2nc(N3CCCC3)c(C#N)cc2c1,1
COc1cccc(Nc2ncc3nc(-c4cc(F)cc(F)c4)c(=O)n(C4CC4)c3n2)c1,1
COc1cccc(Nc2ncc3nc(-c4ccc(Cl)cc4)c(=O)n(C4CC4)c3n2)c1,1
COc1cccc(Nc2ncc3nc(-c4ccccc4)c(=O)n(C4CC4)c3n2)c1,1
COc1ccc(-c2nc3cnc(Nc4cccc(OC)c4)nc3n(C3CC3)c2=O)cc1,1
Cc1ccc(N2C(=O)[C@@H]3C4c5ccccc5C=CN4[C@H](C(=O)c4ccco4)[C@@H]3C2=O)cc1,0
O=C(c1ccco1)[C@@H]1[C@@H]2C(=O)N(c3ccc(Br)cc3)C(=O)[C@@H]2C2c3ccccc3C=CN21,1
O=C(c1ccco1)[C@@H]1[C@@H]2C(=O)N(c3ccc(F)cc3)C(=O)[C@@H]2C2c3ccccc3C=CN21,1
O=C(c1ccco1)[C@@H]1[C@@H]2C(=O)N(c3ccccc3)C(=O)[C@@H]2C2c3ccccc3C=CN21,0
CCCCC(CC)COC(=O)CCCCC(=O)OCC(CC)CCCC,0
CCCCC(CC)COC(=O)CCCCCCCC(=O)OCC(CC)CCCC,0
CCCCC(CC)COC(=O)CCCCCCCCC(=O)OCC(CC)CCCC,0
CCCCCCNC(=O)C(C#N)c1nc2ccccc2nc1N1CCCC1,1
CCCCNC(=O)C(C#N)c1nc2ccccc2nc1N1CCCC1,1
CCCCCNC(=O)C(C#N)c1nc2ccccc2nc1N1CCCC1,1
CCNc1ncc2nc(-c3ccc(Cl)cc3)c(=O)n(Cc3cccc(OC)c3)c2n1,1
CCNc1ncc2nc(-c3ccc(OC)cc3)c(=O)n(Cc3cccc(OC)c3)c2n1,1
CCNc1ncc2nc(-c3ccccc3)c(=O)n(Cc3cccc(OC)c3)c2n1,0
CCOc1ccc(OCC(=O)O)cc1CC(=O)N[C@H](C(=O)N[C@@H](CC(=O)O)C(=O)CSCc1c(F)cccc1Cl)C(C)C,1
CCOc1ccc(OCC(=O)OC(C)C)cc1CC(=O)N[C@H](C(=O)N[C@@H](CC(=O)O)C(=O)CSCc1c(F)cccc1Cl)C(C)C,1
CCOc1ccc(OCC(=O)OC)cc1CC(=O)N[C@H](C(=O)N[C@@H](CC(=O)O)C(=O)CSCc1c(F)cccc1Cl)C(C)C,1
CCc1cc2c(CN3CCN(CC)CC3)cc(=O)oc2cc1O,0
CCc1cc2c(CN3CCN(CCO)CC3)cc(=O)oc2cc1O,0
CCc1cc2c(CN3CCN(C)CC3)cc(=O)oc2cc1O,1
CN1CCN(c2ncc3nc(-c4cccs4)c(=O)n(Cc4cccs4)c3n2)CC1,1
O=c1c(-c2cccs2)nc2cnc(N3CCNCC3)nc2n1Cc1cccs1,1
O=c1c(-c2cccs2)nc2cnc(N3CCOCC3)nc2n1Cc1cccs1,1
COCCn1c(=N)c(C(=O)NCc2ccco2)cc2c(=O)n3cccc(C)c3nc21,1
COc1ccc(CCn2c(=N)c(C(=O)NCc3ccco3)cc3c(=O)n4cccc(C)c4nc32)cc1,0
Cc1cccn2c(=O)c3cc(C(=O)NCc4ccco4)c(=N)n(CCc4ccccc4)c3nc12,1
COCCn1c(=O)c(-c2ccc(Cl)cc2)nc2cnc(N(C)C)nc21,1
COCCn1c(=O)c(-c2ccc(F)cc2)nc2cnc(N(C)C)nc21,1
COCCn1c(=O)c(-c2ccccc2)nc2cnc(N(C)C)nc21,1
COc1ccc(C2C(C#N)=C(N)Oc3cc4c(cc32)OCO4)cc1,0
N#CC1=C(N)Oc2cc3c(cc2C1c1ccc(Cl)cc1)OCO3,0
Cc1ccc(C2C(C#N)=C(N)Oc3cc4c(cc32)OCO4)cc1,0
COc1cccc(Cn2c(=O)c(-c3cccs3)nc3cnc(Nc4cccc(OC)c4)nc32)c1,0
COc1cccc(Cn2c(=O)c(-c3cccs3)nc3cnc(Nc4ccccc4)nc32)c1,1
COc1cccc(Nc2ncc3nc(-c4cccs4)c(=O)n(Cc4cccs4)c3n2)c1,0
Cc1cc(NCCCN2CCOCC2)n2c(nc3ccccc32)c1C#N,0
Cc1cc(NCCN2CCCCC2)n2c(nc3ccccc32)c1C#N,0
Cc1cc(NCCN2CCOCC2)n2c(nc3ccccc32)c1C#N,1
Cn1c(=N)c(S(=O)(=O)c2ccc(F)cc2)cc2c(=O)n3ccccc3nc21,1
Cn1c(=N)c(S(=O)(=O)c2ccc(Cl)cc2)cc2c(=O)n3ccccc3nc21,1
Cn1c(=N)c(S(=O)(=O)c2ccccc2)cc2c(=O)n3ccccc3nc21,0
O=c1c(-c2cccs2)nc2cnc(Oc3ccccc3)nc2n1-c1ccccc1,1
COc1ccc(-n2c(=O)c(-c3cccs3)nc3cnc(Oc4ccccc4)nc32)cc1,1
COc1ccc(Oc2ncc3nc(-c4cccs4)c(=O)n(-c4ccccc4)c3n2)cc1,1
C=CCOC(=O)C(C#N)c1nc2ccccc2nc1N1CCN(Cc2ccccc2)CC1,0
COCCOC(=O)C(C#N)c1nc2ccccc2nc1N1CCN(Cc2ccccc2)CC1,0
CC(=O)N1CCC2(CC1)CC(=O)c1cc(OCC(=O)N3CCN(C)CC3)ccc1O2,0
CCOC(=O)N1CCN(C(=O)COc2ccc3c(c2)C(=O)CC2(CCN(C(C)=O)CC2)O3)CC1,0
CC(C)CCn1c(N)c(C(=O)OCC2CCCO2)c2nc3ccccc3nc21,0
CCCCn1c(N)c(C(=O)OCC2CCCO2)c2nc3ccccc3nc21,0
CC(C)C[C@H](NC(=O)COc1ccc(Cl)c2ccccc12)C(=O)N[C@H]1CC(=O)OC1O,1
COc1ccc(OCC(=O)N[C@@H](CC(C)C)C(=O)N[C@H]2CC(=O)OC2O)c2ccccc12,1
CC(C)[C@H](CC(=O)NCCCc1ccccc1)C(=O)N[C@H](C=O)CC(=O)O,1
COc1ccc(CCCNC(=O)C[C@H](C(=O)N[C@H](C=O)CC(=O)O)C(C)C)cc1,1
CC(C)[C@H](NC(=O)CCCCc1ccccc1)C(=O)N[C@@H](C)C(=O)NC(CC(=O)O)C(=O)C(F)(F)CCCc1ccccc1,0
CC(C)[C@H](NC(=O)CCc1ccccc1)C(=O)N[C@@H](C)C(=O)NC(CC(=O)O)C(=O)C(F)(F)CCCc1ccccc1,1
CC(C)[C@H](NC(=O)OCc1ccccc1)C(=O)NC(CC(=O)O)C(=O)CF,1
COC(=O)CC(NC(=O)[C@@H](NC(=O)OCc1ccccc1)C(C)C)C(=O)CF,1
CC1(C)CC(=O)C2=C(C1)N(CCN1CCOCC1)C1=C(C(=O)CC(C)(C)C1)C2c1cccc(Cl)c1,0
CC1(C)CC(=O)C2=C(C1)N(CCN1CCOCC1)C1=C(C(=O)CC(C)(C)C1)C2c1cccc(F)c1,0
CC1CCCN(CCCNC(=O)c2coc3nc4ccccc4nc23)C1,0
CC1CCN(CCCNC(=O)c2coc3nc4ccccc4nc23)CC1,0
CC1CCN(c2nc(-c3ccco3)c3c(c2C#N)CC(C)(C)OC3)CC1,0
CC1(C)Cc2c(C#N)c(N3CCCC3)nc(-c3ccco3)c2CO1,0
CCC(C(=O)N[C@@H](CC(=O)O)C(=O)CN[C@H](Cc1ccccc1)C(N)=O)n1cccc(NC(=O)c2ccc3ccccc3c2)c1=O,1
CCC(C(=O)N[C@@H](CC(=O)O)C(=O)CN[C@@H](Cc1ccccc1)C(N)=O)n1cccc(NC(=O)c2ccc3ccccc3c2)c1=O,1
CCCCN1C(=O)C(=O)c2cc(S(=O)(=O)N3CCC[C@H]3COC)cc(Cl)c21,0
COC[C@@H]1CCCN1S(=O)(=O)c1cc(Cl)c2c(c1)C(=O)C(=O)N2CCCF,1
CCCCOC(=O)[C@@H](C)Oc1ccc(Oc2ccc(C(F)(F)F)cn2)cc1,0
CCCCOC(=O)C(C)Oc1ccc(Oc2ccc(C(F)(F)F)cn2)cc1,0
CCCCc1ccc(NC(=O)CCc2ccccc2)c(=O)n1CC(=O)N[C@H](C=O)CC(=O)O,1
O=C[C@H](CC(=O)O)NC(=O)Cn1c(CCc2ccccc2)ccc(NC(=O)CCc2ccccc2)c1=O,1
CCCNc1oc(-c2cccc3ccccc23)nc1C#N,1
CCNc1oc(-c2cccc3ccccc23)nc1C#N,0
CCOC(=O)C(C)Oc1ccc(Oc2nc3ccc(Cl)cc3o2)cc1,0
CCOC(=O)[C@H](C)Oc1ccc(Oc2nc3ccc(Cl)cc3o2)cc1,0
CCOc1ccc(C2C(C#N)=C(N)N3C(=C2C#N)Sc2ccccc23)cc1,1
COc1ccc(C2C(C#N)=C(N)N3C(=C2C#N)Sc2ccccc23)cc1,1
CCOc1ccc(C2C=C(c3ccccc3)Nc3nnnn32)cc1,0
CCOc1ccc(C2C=C(c3ccc(C)cc3)Nc3nnnn32)cc1,0
CCOc1ccc2nc(NCCNC(=O)Nc3cccc(C)c3)c(C#N)cc2c1,1
CCOc1ccc2nc(NCCNC(=O)Nc3ccccc3)c(C#N)cc2c1,1
CN(C)C(=S)[S-],0
CN(C)C(=S)[S-].CN(C)C(=S)[S-].[Zn+2],0
CN(C)c1ncc2nc(-c3ccc(Cl)cc3)c(=O)n(C)c2n1,1
CN(C)c1ncc2nc(-c3ccc(F)cc3)c(=O)n(C)c2n1,1
COCCCn1c(=S)[nH]c2ccc(N3CCOCC3)cc2c1=O,0
CC(C)OCCCn1c(=S)[nH]c2ccc(N3CCOCC3)cc2c1=O,0
COCCNC(=O)c1c(NC(=O)c2ccco2)n(Cc2ccccc2)c2nc3ccccc3nc12,0
COCCCNC(=O)c1c(NC(=O)c2ccco2)n(Cc2ccccc2)c2nc3ccccc3nc12,0
COCCn1c(=N)c(C(=O)NCCc2ccc(OC)cc2)cc2c(=O)n3cccc(C)c3nc21,1
COCCn1c(=N)c(C(=O)NCCc2ccccc2)cc2c(=O)n3cccc(C)c3nc21,1
COc1cc(NC(C)CCCN)c2ncccc2c1,0
COc1cc(N[C@@H](C)CCCN)c2ncccc2c1,1
COc1ccc(-c2cc(C(F)(F)F)n3ncc(C(=O)NCC4CCCO4)c3n2)cc1,1
COc1cccc(-c2cc(C(F)(F)F)n3ncc(C(=O)NCC4CCCO4)c3n2)c1,0
COc1ccc(-n2c(=O)c(-c3cccs3)nc3cnc(OC)nc32)cc1,0
COc1ncc2nc(-c3cccs3)c(=O)n(-c3ccccc3)c2n1,1
COc1ccc(C2NC(=O)NC3=C2CCc2ccccc23)cc1,0
Cc1ccc(C2NC(=O)NC3=C2CCc2ccccc23)cc1,0
COc1ccc(Oc2ncc3nc(-c4cn(C)c5ccccc45)c(=O)n(C)c3n2)cc1,1
Cn1cc(-c2nc3cnc(Oc4ccccc4)nc3n(C)c2=O)c2ccccc21,1
COc1ccc2cc(C(c3nnnn3Cc3ccccc3)N3CCCCCC3)c(O)nc2c1,0
COc1ccc2cc(C(c3nnnn3Cc3ccc(F)cc3)N3CCCCCC3)c(O)nc2c1,0
C[C@@H](C(=O)N[C@H]1CC(=O)OC1O)N1CC=CC[C@H](NC(=O)c2ccc3ccccc3c2)C1=O,1
C[C@H](C(=O)N[C@H]1CC(=O)OC1O)N1CC=CC[C@H](NC(=O)c2ccc3ccccc3c2)C1=O,1
Cc1cc(C)c2c(n1)nn1c(NCCCN3CCOCC3)cc(C)nc21,1
Cc1cc(C)c2c(n1)nn1c(NCCN3CCOCC3)cc(C)nc21,1
Cc1cc(N2CCC(C)CC2)n2ncc(-c3ccccc3)c2n1,0
Cc1cc(N2CCCCC2)n2ncc(-c3ccccc3)c2n1,0
Cc1ccc2[nH]c3c(c2c1)CN(C(=O)CN1CCN(c2cccc(C)c2C)CC1)CC3,0
Cc1ccc2[nH]c3c(c2c1)CN(C(=O)CN1CCN(c2ccccc2F)CC1)CC3,0
Cc1cccc(NC(=O)c2sc3nc(-c4ccccc4)cn3c2C)n1,0
Cc1cccc(NC(=O)c2sc3nc(-c4ccc(F)cc4)cn3c2C)n1,0
Cc1cccc2c(CC(=O)OCC(=O)[C@H](CC(=O)O)NC(=O)OCc3ccccc3)cccc12,1
Cc1ccc(CC(=O)OCC(=O)[C@H](CC(=O)O)NC(=O)OCc2ccccc2)c2ccccc12,1
Cc1cccn2c(=O)c3cc(C(=O)N(C)C)n(C)c3nc12,0
CCN(CC)C(=O)c1cc2c(=O)n3cccc(C)c3nc2n1C,0
Cc1nn(-c2ccc(F)cc2)c2nc(N)c(C#N)c(-c3cccs3)c12,0
Cc1ccc(-n2nc(C)c3c(-c4cccs4)c(C#N)c(N)nc32)cc1,0
Cc1sc2nc3ccc(N4CCCC4)nn3c(=O)c2c1C,0
Cc1sc2nc3ccc(N4CCCCC4)nn3c(=O)c2c1C,0
N#CC(C#N)=C1C(=O)N(Cc2ccc(Cl)c(Cl)c2)c2ccc(S(=O)(=O)N3CCOCC3)cc21,1
N#CC(C#N)=C1C(=O)N(Cc2ccc(Cl)c(Cl)c2)c2ccc(S(=O)(=O)N3CCSCC3)cc21,1
N#Cc1c(NCCCO)nc(NCc2ccccc2)c2c1CCN(Cc1ccccc1)C2,1
N#Cc1c(NCCO)nc(NCc2ccccc2)c2c1CCN(Cc1ccccc1)C2,0
N=c1c(S(=O)(=O)c2ccc(Cl)cc2)cc2c(=O)n3ccccc3nc2n1CCN1CCOCC1,1
N=c1c(S(=O)(=O)c2ccccc2)cc2c(=O)n3ccccc3nc2n1CCN1CCOCC1,0
O=C(CN1CCCN(C(=O)N2CCNCC2)C[C@H](NC(=O)c2ccc3ccccc3c2)C1=O)N[C@H]1CC(=O)OC1O,1
O=C(CN1CCCN(C(=O)N2CCOCC2)C[C@H](NC(=O)c2ccc3ccccc3c2)C1=O)N[C@H]1CC(=O)OC1O,1
O=C(NC1CCCCC1)c1cnn2c(C(F)(F)F)cc(-c3ccco3)nc12,0
O=C(NC1CCCC1)c1cnn2c(C(F)(F)F)cc(-c3ccco3)nc12,0
O=C(O)C[C@H](NC(=O)OCc1ccccc1)C(=O)COCCCCCc1ccccc1,0
O=C(O)C[C@H](NC(=O)OCc1ccccc1)C(=O)COCCCc1ccccc1,0
O=C(OCCCCCCOC(=O)c1ccccc1)c1ccccc1,0
O=C(OCCCCCOC(=O)c1ccccc1)c1ccccc1,0
O=C1C[C@H](NC(=O)[C@@H]2CNC[C@@H]3CCCC[C@H](NC(=O)c4ccc5ccccc5c4)C(=O)N32)C(O)O1,1
O=C1C[C@H](NC(=O)[C@@H]2CNC[C@@H]3CCCC[C@H](NC(=O)c4ccccc4)C(=O)N32)C(O)O1,1
O=c1oc2c(CN3CCOCC3)c(O)c(Cl)cc2c2c1CCCC2,0
O=c1oc2c(CN3CCOCC3)c(O)c(Cl)cc2c2c1CCC2,1
O=c1oc2c(CN3CCOCC3)c(O)ccc2c2c1CCC2,0
O=c1oc2c(CN3CCOCC3)c(O)ccc2c2c1CCCC2,0
CCNc1ncc2nc(-c3cccs3)c(=O)n(-c3ccc(OC)cc3)c2n1,1
CCNc1ncc2nc(-c3cccs3)c(=O)n(-c3ccccc3)c2n1,1
CN1CCN(c2ncc3nc(-c4cccc(C#N)c4)c(=O)n(C[C@H]4CCCO4)c3n2)CC1,1
N#Cc1cccc(-c2nc3cnc(N4CCOCC4)nc3n(C[C@H]3CCCO3)c2=O)c1,1
C#CC(C)(C)NC(=O)c1cc(Cl)cc(Cl)c1,0
C#CCC1=C(C)C(OC(=O)C2C(C=C(C)C)C2(C)C)CC1=O,0
C#C[C@]1(O)CC[C@H]2[C@@H]3CCc4cc(O)ccc4[C@H]3CC[C@@]21C,0
C1=CCCC=CCCC=CCC1,0
C=C(C)C(=O)O[Sn](CCCC)(CCCC)CCCC,0
C=C(C)[C@H]1Cc2c(ccc3c2O[C@@H]2COc4cc(OC)c(OC)cc4[C@@H]2C3=O)O1,0
C=CC(=C)CCC=C(C)C,0
C=CCCCCCCCCCCCC,0
C=CCNS(=O)(=O)c1cccc2cc(C(=O)O)c(O)cc12,0
C=CCO/C(O)=C1\C(C)=NC(SCC(=O)NC(=O)OCC)=C(C#N)C1c1cccnc1,1
C=CCOC(=O)C(C)(C)OC(=O)c1cc(-n2c(=O)cc(C(F)(F)F)n(C)c2=O)ccc1Cl,0
C=CCOC(=O)NC(CC(=O)O)C(=O)COc1cc2ccccc2cc1CO,1
C=CCOC(=O)NC(CC(=O)O)C(=O)COc1cccc2ccccc12,1
C=CCOC(=O)N[C@@H](CC(=O)O)C(=O)COC(=O)/C=C/c1ccccc1,0
C=CCc1c(C)c(C#N)c2nc3ccccc3n2c1NCCN(C)C,1
C=CCc1cc(S(=O)(=O)c2ccc(O)c(CC=C)c2)ccc1O,0
C=CCc1ccc2c(c1)OCO2,0
C=CCn1c(=O)c(C#N)cc2c(=O)n3ccccc3nc21,1
CC(=O)N(C)[C@@H](Cc1ccc(O)cc1)C(=O)N[C@H](C(=O)N[C@@H](C)C(=O)N[C@H](C=O)CC(=O)O)C(C)C,1
CC(=O)N1CCC(C(=O)Nc2nc(-c3ccccc3)ns2)CC1,0
CC(=O)N[C@@H](CC(=O)O)C(=O)N[C@@H](CCC(=O)O)C(=O)N[C@H](C(=O)N[C@@H](CC(=O)O)C(=O)CCCc1ccccc1)C(C)C,1
CC(=O)N[C@@H](CC(=O)O)C(=O)N[C@@H](CCC(=O)O)C(=O)N[C@H](C(=O)N[C@H](CC=O)CC(=O)O)C(C)C,1
CC(=O)N[C@@H](Cc1ccc(O)cc1)C(=O)N[C@H](C(=O)N1CC(O)C[C@H]1C(=O)NC(C=O)CC(=O)O)C(C)C,1
CC(=O)N[C@@H](Cc1ccc(O)cc1)C(=O)N[C@H](C(=O)N[C@@H](C)C(=O)N[C@H](/C=N\NC(N)=O)CC(=O)O)C(C)C,1
CC(=O)N[C@H](C(=O)O[C@H]1CCC(C)(C)[C@@H]2CC=C3C(=O)OC[C@@H]3[C@@]12C)C(C)C,0
CC(=O)Nc1cc2ccc(OC(C)=O)cc2oc1=O,0
CC(=O)Nc1ccc(Oc2cc(C#N)c(C#N)cc2N2CCCCCC2)cc1,0
CC(=O)OC(/C(O)=C(\C#N)c1nc2ccccc2[nH]1)c1ccccc1,0
CC(=O)O[C@]1(C(C)=O)CC[C@H]2[C@@H]3C=C(Cl)C4=CC(=O)[C@@H]5C[C@@H]5[C@]4(C)[C@H]3CC[C@@]21C,0
CC(=O)Oc1cc(OC(C)=O)c2c(=O)cc(-c3ccc(OC(C)=O)c(OC(C)=O)c3)oc2c1,0
CC(=O)[C@H]1CC[C@H]2[C@@H]3CCC4=CC(=O)CC[C@]4(C)[C@H]3CC[C@]12C,0
CC(C(=O)O)N1C(=O)c2cccc3cccc1c23,0
CC(C)(C)C(O)C(Oc1ccc(Cl)cc1)n1cncn1,0
CC(C)(C)OC(=O)N1CC=C2C(C#N)=C(N)C(C#N)(C#N)C(c3cccs3)C2C1,0
CC(C)(C)[C@H](NC(=O)[C@H](CC(=O)O)NC(=O)OCc1ccccc1)C(=O)N1CC[C@H]1C(=O)N[C@H](/C=C/S(C)(=O)=O)CC(=O)O,0
CC(C)=CCC/C(C)=C1\C[C@@H](O)[C@](C)(O)[C@@H](O)C1=O,0
CC(C)C(c1nnnn1Cc1ccccc1)N(CCCO)Cc1cc2cc3c(cc2nc1O)OCO3,0
CC(C)CCNC(=O)c1cnn2c(C(F)(F)F)cc(-c3ccco3)nc12,0
CC(C)CN1C(=O)NC(NC(=O)c2ccco2)(C(F)(F)F)C1=O,0
CC(C)C[C@@H](NC(=O)OCc1ccccc1)C(=O)C[C@H]1CC(=O)OC1O,0
CC(C)C[C@H](NC(=O)C(C)Oc1cccc2ccccc12)C(=O)N[C@H]1CC(=O)OC1O,1
CC(C)C[C@H](NC(=O)CCOc1cccc2ccccc12)C(=O)N[C@H]1CC(=O)OC1O,1
CC(C)C[C@H](NC(=O)COc1ccc(C23CC4CC(CC(C4)C2)C3)cc1)C(=O)N[C@H]1CC(=O)OC1O,1
CC(C)C[C@H](NC(=O)COc1cccc(-c2ccccc2)c1)C(=O)N[C@H]1CC(=O)OC1O,1
CC(C)C[C@H](NC(=O)COc1cccc2c1CCCC2)C(=O)N[C@H]1CC(=O)OC1O,1
CC(C)C[C@H](NC(=O)COc1ccccc1-c1ccccc1)C(=O)N[C@H]1CC(=O)OC1O,1
CC(C)C[C@H](NC(=O)COc1ccccc1Cc1ccccc1)C(=O)N[C@H]1CC(=O)OC1O,1
CC(C)C[C@H](NC(=O)COc1ccccc1OCc1ccccc1)C(=O)N[C@H]1CC(=O)OC1O,1
CC(C)C[C@H](NC(=O)CSc1ccc2ccccc2c1)C(=O)N[C@H]1CC(=O)OC1O,1
CC(C)C[C@H](NC(=O)CSc1cccc2ccccc12)C(=O)N[C@H]1CC(=O)OC1O,1
CC(C)C[C@H](NC(=O)Cc1cccc2ccccc12)C(=O)N[C@H]1CC(=O)OC1O,1
CC(C)Cn1c(-c2cccs2)nc2nc3ccccc3nc21,0
CC(C)Cn1c(CN(C)Cc2ccccc2)nc2c1c(=O)n(C)c(=O)n2C,0
CC(C)N1C(=O)N(c2ccccc2)CSC1=NC(C)(C)C,0
CC(C)Nc1nc(Cl)nc(NC(C)C)n1,0
CC(C)Nc1oc(-c2cccc3ccccc23)nc1C#N,0
CC(C)OC(=O)CC(=O)c1sc2nc3c(cc2c1N)CN(C)CC3,0
CC(C)OC(=O)Nc1cccc(Cl)c1,0
CC(C)[C@H](CC(=O)NCCn1c(-c2cccnc2)nc2ccccc21)C(=O)N[C@H](C=O)CC(=O)O,1
CC(C)[C@H](NC(=O)CCc1ccccc1)C(=O)N[C@@H](C)C(=O)NC(CC(=O)O)C(=O)CNCCc1ccccc1,1
CC(C)[C@H](NC(=O)OCc1ccccc1)C(=O)N[C@@H](C)C(=O)N[C@@H](CC(=O)O)C(=O)c1nc(-c2ccccc2)c[nH]1,1
CC(C)[C@H](NC(=O)OCc1ccccc1)C(=O)N[C@@H](C)C(=O)N[C@@H](CC(=O)O)C(=O)c1ncc(-c2ccccc2)o1,1
CC(C)[C@H](NC(=O)OCc1ccccc1)C(=O)N[C@@H](C)C(=O)N[C@@H](CC(=O)O)C(=O)c1nccs1,1
CC(C)[C@H](NC(=O)c1ccc2ccccc2c1)C(=O)N[C@@H](C)C(=O)N[C@@H](CC(=O)O)CN(C)C1CCCCC1,1
CC(C)[C@H](NC(=O)c1ccc2ccccc2c1)C(=O)N[C@@H](C)C(=O)N[C@@H](CC(=O)O)CN(C)Cc1ccccc1,1
CC(C)c1cc(=O)oc2c3c4c(cc12)CCCN4CCC3,1
CC(C)c1cccc(C(C)C)c1,0
CC(C)c1cccc(Oc2ccccc2S(=O)(=O)N[C@H](C=O)C(=O)O)c1,1
CC(O)CC(C)(C)O,0
CC1(C(=O)Nc2ccc(O)c(Cl)c2Cl)CCCCC1,0
CC1(C)C(C(=O)OC(C#N)c2cccc(Oc3ccccc3)c2)C1(C)C,0
CC1(C)C(C=C(Cl)Cl)C1C(=O)OC(C#N)c1cccc(Oc2ccccc2)c1,0
CC1(C)CC(=O)c2cc(OCC(=O)NCC3CCCO3)ccc2O1,0
CC1(C)CC(=O)c2cc(OCC(=O)NCCN3CCCc4ccccc43)ccc2O1,0
CC1(C)CC(=O)c2cc(OCC(=O)NCc3cccnc3)ccc2O1,0
CC1(C)Cc2c(C#N)c(NC3CCCCC3)nc(-c3ccco3)c2CO1,1
CC1(C)Cc2c(C#N)c(SCC(=O)c3ccccc3)nc(N3CCOCC3)c2CO1,0
CC1(C)OCC(CSC2=C(SCC3COC(C)(C)O3)C(=O)c3ncccc3C2=O)O1,0
CC1(C)c2ccccc2N2CCC(=O)NC21/C=C/c1ccco1,0
CC1(c2ccccn2)Nc2ccccc2-c2nc3ccccc3n21,0
CC1=C(C#N)C(=O)N(CCCO)C(=O)/C1=N\c1ccc(N(C)C)cc1,0
CC1=C(C#N)C(c2cccnc2)C2=C(O)CC(C)(C)CC2=N1,0
CC1=C(C(=O)Nc2ccccc2)SCCO1,0
CC1=C(C)S(=O)(=O)CCS1(=O)=O,0
CC1=CC(C#N)(C#N)C(C#N)(C#N)C(c2ccccc2)N1,0
CC1=CC(c2ccccc2)n2nc(NS(=O)(=O)c3ccc(C)cc3)nc2N1,0
CC1=NC2=C(C(=O)CCC2)C(c2cccnc2)/C1=C(\O)OC(C)C,0
CC1CC=C2C(C#N)=C(N)C(C#N)(C#N)C(c3cccs3)C2C1,0
CC1CN(c2nc3ccccc3nc2C(C#N)C(=O)NCc2ccc3c(c2)OCO3)CC(C)O1,1
CC1CN=C(Nc2cccc3ccccc23)S1,0
CCC(=O)N1CCN(c2nc(-c3ccccc3)c3c(c2C#N)CCCC3)CC1,0
CCC(=O)O[C@H]1CC[C@H]2[C@@H]3CCC4=CC(=O)CC[C@]4(C)[C@H]3CC[C@]12C,0
CCC(C(=O)N[C@@H](CC(=O)O)C(=O)CCCc1ccccc1)n1cc(C(C)(C)C)nc(NCc2cc(OC)cc(OC)c2)c1=O,1
CCC(C(=O)N[C@@H](CC(=O)O)C(=O)c1ncc(-c2ccccc2)o1)n1ccnc(NCc2nonc2C)c1=O,1
CCC(C)(C)NC(=O)C(c1ccc(F)cc1)N(Cc1ccco1)C(=O)c1snc(C(N)=O)c1N,0
CCC(C)(C)c1ccc(O)cc1,0
CCC(C)OC(=O)N1CCCCC1CCO,0
CCC(C)c1ccc(O)cc1,0
CCC(CCCCNC(=O)c1ccc(Nc2cnc3ccccc3n2)cc1)C(=O)N[C@H](C=O)CC(=O)O,1
CCC(c1nnnn1Cc1ccccc1)N(Cc1ccco1)Cc1cc2cc(OC)ccc2nc1O,0
CCCC(=O)NCc1ccc2c(c1)cc(C)n2C,0
CCCCCCCCCC(=O)[C@@H]1C(=O)O[C@@]2(C)C(=O)C=C3C=C(C[C@H](C)O)OC=C3[C@@H]12,0
CCCCCCCCCC[N+](C)(C)CCCCCCCCCC,0
CCCCCCc1ccc(O)cc1O,0
CCCCCOC(C)=O,0
CCCCOC(=O)Nc1ccc(C(=O)OC)cc1,1
CCCCOCCO,0
CCCCc1ccc(C2C(C#N)=C(N)SC(N)=C2C#N)s1,0
CCCN(C1CCN(C(=O)C2CCNCC2)CC1)[C@@H]1CCc2ccc(OC)cc2C1,0
CCCN(CCC)c1c([N+](=O)[O-])cc(C(F)(F)F)cc1[N+](=O)[O-],0
CCCN(CCC)c1c([N+](=O)[O-])cc(S(N)(=O)=O)cc1[N+](=O)[O-],0
CCCN(CCC)c1nc(C)cc(C(C#N)c2nc3ccccc3o2)n1,1
CCCN1CC=C2C(C#N)=C(N)C(C#N)(C#N)C(c3cccc(OC)c3OC)C2C1,0
CCCOC(=O)c1cc(O)c(O)c(O)c1,0
CCCS(=O)(=O)c1c(S(=O)(=O)CCC)c2c(N)cccn2c1C(=O)c1ccc(F)cc1,0
CCCS(=O)(=O)c1cn2cccc(N)c2c1S(=O)(=O)CCC,0
CCCn1nc(NC(=O)CC(C)C)c2cc3ccccc3nc21,0
CCN(C(=O)c1cc(C)cc(OC[C@H](C)Nc2ccncc2)c1)C(C)C,0
CCN(CC)C(=O)C(C)Oc1cccc2ccccc12,0
CCN(CC)C(=O)c1cccc(C)c1,0
CCN(CC)c1ccc(C2C3=C(O)CC(C)(C)CC3=NC(C)=C2C(=O)OCCOC)cc1,0
CCN(CC)c1ccc2c(c1)CCCN2,0
CCN(CC)c1ccc2c(c1)oc(=O)c1c(Cl)cc(=O)oc12,0
CCN(CC)c1ccc2cc(C(=O)Nc3cccnc3N3CCOCC3)c(=O)oc2c1,0
CCN(CC)c1ccc2oc(=O)c(C)nc2c1,0
CCN(CC)c1ccccc1,0
CCN(CC)c1nc(N)c2c(N)nc3c(c2c1C#N)CC(c1ccccc1)O3,0
CCN1C(=O)/C(=C/Nc2ccccc2)OC1=S,0
CCN1C(=O)/C(=C2/SC(C)=C(C)N2CC)SC1=S,0
CCN1C(=O)/C(=C2/Sc3ccc(OC)cc3N2C)S/C1=N\c1cccc(O)c1,1
CCN1CCC2(CC1)C(C#N)=C(N)Oc1c2sc2nc(C)cc(C)c12,0
CCN1CCC2(CC1)COc1cc3c(cc12)N(C(=O)c1ccc(-c2ccc(-c4nnc(C)o4)cc2C)cc1)CC3,0
CCNC(=O)c1cc2c(=O)n3cccc(C)c3nc2n(Cc2ccc(C)cc2)c1=N,1
CCNc1ccccc1,0
CCNc1nc(Cl)nc(NCC)n1,0
CCNc1ncc2nc(-c3cc(F)cc(F)c3)c(=O)n(CCC#N)c2n1,1
CCNc1ncc2nc(-c3cccc(C#N)c3)c(=O)n(C)c2n1,1
CCNc1ncc2nc(-c3cn(C)c4ccccc34)c(=O)n(Cc3cccs3)c2n1,1
CCNc1ncc2nc(C)c(=O)n(C)c2n1,0
CCO/C=N/c1c(C#N)c2c(c(=S)n1C)COC(C)(C)C2,0
CCOC(=O)C1=C(C)N=C(C)/C(=C(/O)OCC)C1c1ccccn1,0
CCOC(=O)C1CCCN(C(=O)c2cc3nc(-c4cccc(OC)c4)cc(C(F)(F)F)n3n2)C1,0
CCOC(=O)C1CCCN(c2nc3ccccc3nc2C(C#N)C(=O)OCC)C1,0
CCOC(=O)C1CCN(C(=O)Nc2ccc3nc(C)c(C)nc3c2)CC1,0
CCOC(=O)C1CCN(c2nc3cc(OC)ccc3cc2C#N)CC1,0
CCOC(=O)CC(=O)CSc1nc(-c2cccnc2)ccc1C#N,0
CCOC(=O)CC(=O)CSc1nc(C)nc2c1oc1ccccc12,0
CCOC(=O)CC(O)(CC(=O)OCC)C(=O)OCC,0
CCOC(=O)CC(SP(=O)(OC)OC)C(=O)OCC,0
CCOC(=O)COc1cc(-n2ncc(C(F)(F)F)c(C)c2=O)c(F)cc1Cl,0
CCOC(=O)COc1ccc2c(c1)C(=O)CC1(CCN(C(C)=O)CC1)O2,0
CCOC(=O)Cn1nnnc1C(CC)N(Cc1cccs1)Cc1cc2cc(C)ccc2nc1O,0
CCOC(=O)N1CCN(C(=O)c2ccc3nc4ccc(Cl)cc4c(=O)n3c2)CC1,1
CCOC(=O)c1c(N)n(Cc2ccco2)c2nc3ccccc3nc12,0
CCOC(=O)c1c(NC(=O)c2ccc(-n3cnnn3)cc2)sc2c1CCCC2,1
CCOC(=O)c1c(NC(=O)c2cccs2)sc2c1CC(C)(C)OC2,0
CCOC(=O)c1cc(-c2ccc(/C=N\n3cnnc3)o2)ccc1Cl,0
CCOC(=O)c1cc2c(=O)n3cccc(C)c3nc2n(CCCOC)/c1=N\C(=O)c1cccnc1,1
CCOC(=O)c1cc2c(=O)n3cccc(C)c3nc2n(Cc2ccco2)/c1=N/C(=O)c1cccnc1,1
CCOC(=O)c1cc2c(=O)n3ccccc3nc2n(Cc2ccco2)/c1=N/C(=O)c1cccnc1,1
CCOC(=O)c1sc(NC(=O)CSc2nc3c(cc2C#N)CCCCCC3)c(C#N)c1C,1
CCOC(=O)c1sc2c(c1C)C(c1cccs1)C1=C(O)CCCC1=N2,0
CCOC(=O)c1sc2nc(-c3ccco3)c3c(c2c1N)CC(C)(C)OC3,0
CCOC(=O)c1sc2nc(C)cc(C)c2c1N,0
CCOCCCNC(=O)Cc1cc(O)nc(O)n1,0
CCOCCOC(C)=O,0
CCOP(=O)(NC(C)C)Oc1ccc(SC)c(C)c1,0
CCOP(=S)(OCC)Oc1nc(Cl)c(Cl)cc1Cl,0
CCOc1cc(C(C)(C)C)ccc1C1COC(c2c(F)cccc2F)=N1,0
CCOc1ccc(CC(=O)N2CCN(c3ccc(N4CCOCC4)nn3)CC2)cc1OCC,0
CCOc1ccc2[nH]cc(C(=O)NCc3ccccc3)c(=O)c2n1,0
CCOc1ccc2c(c1)C(C)=CC(C)(C)N2,0
CCOc1ccc2noc3c2c1C(=O)c1ccccc1-3,1
CCOc1cccc(-n2cc(C(=O)N3CCN(c4cc(C(=O)[O-])c5ccccc5c4)CC3)nc2-c2ccc(C)cc2)c1,0
CCOc1cccc(=O)c2c(C)n(Cc3ccco3)c(C)c12,0
CCOc1ccccc1-n1nnnc1SCc1nc2ccccc2s1,0
CCOc1nc(NC)nc(NC(=O)NS(=O)(=O)c2ccccc2C(=O)OC)n1,0
CCSC(=O)N1CCCCCC1,0
CC[C@@H](C(=O)N[C@@H](CC(=O)O)C(=O)CSCc1ccccc1)n1cccc(NC(=O)[C@H](CC(=O)O)NC(C)=O)c1=O,1
CC[C@H]1CC[C@H](NCc2cc3c(cc2OC)[C@H]2C[C@H]2C(=O)N3C)[C@H](c2ccccc2)N1,0
CCc1c2c(nc3cccc(C(C)C)c13)-c1cccc(=O)n1C2,0
CCc1cc(=O)oc2c(C)c(O)c(CN3CCCCC3)cc12,1
CCc1cc(C(=O)OC)c(NC(=O)c2cc(Br)cs2)s1,0
CCc1cc2c(=O)c(Oc3ccccc3)c(C)oc2cc1O,0
CCc1cc2c3c(c(=O)oc2cc1O)CCCC3,0
CCc1ccc(C(=O)NN(C(=O)c2cc(C)cc(C)c2)C(C)(C)C)cc1,0
CCc1ccc(CCOc2ccc(CC3SC(=O)NC3=O)cc2)nc1,0
CCc1ccc2c(c1)CCCN2C(=O)c1ccccc1C(=O)O,0
CCc1ccc2nc(O)c(CN(Cc3nnnn3C3CCCC3)C3CCCCC3)cc2c1,0
CCc1cccc2nc3c(c([Si](C)(C)C)c12)Cn1c-3cccc1=O,0
CCc1ccccc1N1CC(C(=O)O)CC1=O,0
CCc1nn(C2CCCCC2)c2cc([C@]3(C#N)CC[C@@H](C(=O)O)CC3)ccc12,0
CCn1c(Cc2ccc(OC)cc2)nnc1SCC(=O)Nc1cccc(C(=O)OC)c1,0
CCn1c2ccccc2c2cc(/C=N/n3cnnc3)ccc21,0
CCn1nc(-c2cccs2)nc2c(=O)n(C)c(=O)nc1-2,1
CN(C)C(=O)NC1(c2ccccc2)CCN(CCC[C@@]2(c3ccc(Cl)c(Cl)c3)CCCN(C(=O)c3ccccc3)C2)CC1,0
CN(C)C(=O)Nc1ccc(Cl)c(Cl)c1,0
CN(C)[C@@H]1C(O)=C(C(N)=O)C(=O)[C@@]2(O)C(O)=C3C(=O)c4c(O)cccc4[C@@](C)(O)[C@H]3[C@H](O)[C@@H]12,1
CN(C)c1ccc2c(c1)OC(N)=C(C#N)C2c1cccc(F)c1,0
CN(C)c1ncc2nc(-c3cccs3)c(=O)n(C)c2n1,1
CN(C)c1ncc2nc(-c3cccs3)c(=O)n(C3CC3)c2n1,1
CN(C)c1ncc2nc(-c3cccs3)c(=O)n(CCc3ccccc3)c2n1,1
CN(C)c1ncc2nc(-c3cccs3)c(=O)n(C[C@H]3CCCO3)c2n1,1
CN(C)c1ncc2nc(-c3cn(C)c4ccccc34)c(=O)n(C[C@H]3CCCO3)c2n1,1
CN(C[C@@H](CC[N+]12CCC(C3CCCCC3)(CC1)CC2)c1ccc(Cl)c(Cl)c1)C(=O)c1cc(C(F)(F)F)cc(C(F)(F)F)c1,0
CN1/C(=C\C(=O)c2ccco2)C(C)(C)c2ccccc21,0
CN1C(=O)C(=C(C#N)C#N)c2cc(S(=O)(=O)N3CCC[C@H]3COc3ccccc3)ccc21,1
CN1C(=O)CC[C@H]1c1cccnc1,0
CN1C(=O)c2cccc3c(S(=O)(=O)NCc4ccco4)ccc1c23,0
CN1CC=C2C(C#N)=C(N)C(C#N)(C#N)C(CCc3ccccc3)C2C1,0
CN1CC=C2C(C#N)=C(N)C(C#N)(C#N)C(c3cccc(Cl)c3Cl)C2C1,0
CN1CCCN(C(=O)Cc2c(Cl)cccc2Cl)c2nc3ccccc3nc21,0
CN1CCC[C@H]1c1cccnc1,0
CN1CCN(Cc2cc(-c3ccc4nc(O)oc4c3)co2)[C@@H](c2ccc(F)cc2)C1,0
CN1CCN(c2nc(-c3ccccc3)c3cc(Cl)ccc3n2)CC1,1
CN1CCN(c2ncc3nc(-c4cccc(C#N)c4)c(=O)n(C)c3n2)CC1,1
CN1CCN(c2ncc3nc(-c4cn(C)c5ccccc45)c(=O)n(Cc4cccs4)c3n2)CC1,1
CNC(=O)ON=C(C)SC,0
CNC(=O)Oc1ccccc1OC(C)C,0
CNC(=O)[C@H]1O[C@@H](n2cnc3c(NCc4cc(Cl)ccc4OCc4cc(C)no4)ncnc32)[C@H](O)[C@@H]1N,0
CNC(=O)c1ccc(-c2sc3nc(N4CCOCC4)c4c(c3c2N)CCCC4)o1,1
CNC(=S)[S-],0
CNC1=C(Cl)C(=O)c2ccncc2C1=O,1
CNc1ccccc1C(C)(C)c1cc(-c2ccco2)[nH]n1,0
CO/C(O)=C1\C(C)=NC2=C(C(=O)CCC2)C1c1ccccn1,0
CO/C=C(/C(=O)OC)c1ccccc1Oc1cc(Oc2ccccc2C#N)ncn1,0
COC(=O)C1=C(C)[C@@H](O)[C@@H](C)[C@H](c2c(OC)c(OC)c(C)c(OC)c2OC)O1,1
COC(=O)C1=CN(CC2CCCO2)C=C(C(=O)OC)C1c1ccsc1,0
COC(=O)C1=CN(CCCN2CCCC2=O)C=C(C(=O)OC)C1c1cccs1,0
COC(=O)C1=CNC=C(C(=O)OC)C1c1ccc(C(=O)OC)cc1,0
COC(=O)[C@@H]1C[C@@]1(C)[C@@H](NC(=O)OCc1ccccc1)c1ccccc1,0
COC(=O)[C@@]1(Cc2ccc(OC)cc2)[C@H]2[C@H](CC(=O)C(=O)N3CCCC3)C(=O)C[C@H]2CN1C(=O)c1ccccc1,0
COC(=O)c1cc(O)c(=O)c2c(O)c(O)ccc2c1,0
COC(=O)c1cc2c(s1)-c1ccccc1OC2,0
COC(=O)c1ccc(C(=O)OC)cc1,0
COC(=O)c1ccc(C2C(C#N)=C(C)N=C3CC(C)(C)CC(O)=C32)cc1,0
COC(=O)c1ccc(O)cc1,0
COC(=O)c1ccccc1S(=O)(=O)NC(=O)N(C)c1nc(C)nc(OC)n1,0
COC(O)C=C(C)O[PH](O)(OC)OC,0
COCCCNC(=O)c1c(N)n(-c2cccc(S(N)(=O)=O)c2)c2nc3ccccc3nc12,1
COCCCNC(=O)c1ccc2nc3ccccc3c(=O)n2c1,0
COCCCn1c(=N)c(C(=O)NCC2CCCO2)cc2c(=O)n3ccccc3nc21,1
COCCN1C=C(C(=O)OC)C(c2cc(Br)c(OC)c(OC)c2)C(C(=O)OC)=C1,1
COCCNC(=O)c1c(N)n(-c2cccc(C)c2)c2nc3ccccc3nc12,1
COCCNc1c(-c2ccc(O)cc2)nc2ccc(Cl)cn12,0
COCCO/C(O)=C1\C(C)=NC2=C(C(=O)CC(C)(C)C2)C1c1cc2c(cc1Br)OCO2,0
COCCn1c(=O)c(-c2ccc(Cl)cc2)nc2cncnc21,0
COCCn1nnnc1CN(CCc1ccc(OC)c(OC)c1)Cc1cc2ccc(C)cc2nc1O,0
COCc1cc(C)nc(SCC(=O)Nc2cccc3cccnc23)c1C#N,0
CON=C(C(=O)OC)c1ccccc1CON=C(C)c1cccc(C(F)(F)F)c1,0
COP(=O)(NC(C)=O)SC,0
COP(=S)(OC)Oc1ccc([N+](=O)[O-])c(C)c1,0
COS(=O)(=O)OC,0
COS(=O)(=O)[O-].Cn1c(-c2ccccc2)cc(-c2ccccc2)[n+]1C,0
COc1cc(C=O)ccc1O,0
COc1cc(CN2CCN(c3cc(N4CCCC4)nc(N4CCCC4)n3)CC2)cc(OC)c1,1
COc1cc(NC(=O)c2cccs2)c(OC)cc1NC(=O)c1ccco1,0
COc1cc(NC(=O)c2onc(C)c2Cl)c(OC)cc1Cl,0
COc1cc(OC)nc(NC(=O)[N-]S(=O)(=O)c2ncccc2OCC(F)(F)F)n1,0
COc1cc(OC)nc(Sc2cccc(Cl)c2C(=O)[O-])n1,0
COc1cc2c(cc1O)[C@H]1Cc3ccc(OC)c(O)c3CN1CC2,0
COc1cc2c(cc1OC)C1=C(C#N)COCN1CC2,0
COc1cc2c3c(c1)/C(=C1/SC(NC(C)=O)=NC1=O)C(=O)N3C(C)(C)C=C2C,0
COc1cc2cc(CN(Cc3nnnn3Cc3ccccc3)CC3CCCO3)c(O)nc2cc1OC,0
COc1cc2cc(CN(Cc3nnnn3Cc3ccco3)C3CCCCC3)c(O)nc2cc1OC,1
COc1cc2cc3c4cc(OC)c(OC)cc4cc[n+]3c(C)c2cc1OC,1
COc1cc2nc(CN3CC=C(c4ccccc4)CC3)nc(O)c2cc1OC,0
COc1ccc(-c2c(C)oc3cc(O)cc(O)c3c2=O)cc1OC,0
COc1ccc(-c2cc(=O)n(-c3nc4ccccc4[nH]3)[nH]2)cc1,0
COc1ccc(-c2cc(C(N)=O)c(Cl)nn2)cc1,0
COc1ccc(-c2cc3ccc(OCc4nn[nH]n4)cc3oc2=O)cc1,0
COc1ccc(-c2ccc(-c3noc(C4CCCCC4)n3)c(OC)n2)cc1,0
COc1ccc(-c2nc3cnc(N(C)C)nc3n(C)c2=O)cc1,1
COc1ccc(-c2onc3ccc(Cl)cc23)cc1OC,0
COc1ccc(-n2c(=O)c(C)nc3cnc(N(C)C)nc32)cc1,0
COc1ccc(-n2c(NC(=O)c3ccco3)c(C#N)c3nc4ccccc4nc32)cc1,0
COc1ccc(-n2nc3cc(C)c(N)c(Br)c3n2)cc1,0
COc1ccc(Br)cc1CNc1ccc(O)cc1,0
COc1ccc(C)cc1N,0
COc1ccc(C2C(C#N)=C(N)Oc3cc(O)ccc32)cc1OC,0
COc1ccc(C2C=C(c3ccccc3)Nc3ncnn32)cc1,0
COc1ccc(C2CC(=O)N3CN(c4ccc(C)c(Cl)c4)CSC3=C2C#N)cc1OC,0
COc1ccc(CCCc2nnc(SCC(=O)Nc3ncc(C)s3)o2)cc1,0
COc1ccc(CCNc2oc(COc3ccccc3Cl)nc2C#N)cc1OC,0
COc1ccc(CNc2oc(-c3cccc4ccccc34)nc2C#N)cc1,0
COc1ccc(Cn2c(N)c(C(=O)NCc3ccco3)c3nc4ccccc4nc32)cc1OC,0
COc1ccc(N2CCN(c3cc(C)c4ccc(O)cc4n3)CC2)cc1,0
COc1ccc(N2CSC3=C(C#N)C(c4cc(OC)c(OC)cc4OC)CC(=O)N3C2)c(OC)c1,0
COc1ccc(NCc2cc3cc(OC)ccc3nc2O)cc1,0
COc1ccc(OC)c(/N=C/c2c(O)[nH]c3ccccc23)c1,0
COc1ccc(OC)c(/N=c2\oc3cc(O)ccc3cc2C(N)=O)c1,0
COc1ccc(Oc2ncc3nc(-c4cccc(C#N)c4)c(=O)n(Cc4cccc(OC)c4)c3n2)cc1,0
COc1ccc2[nH]cc(CCNc3nc(-c4ccc(N(C)C)cc4)nc4ccccc34)c2c1,0
COc1ccc2c(c1)[n+]([O-])c(C)c(C(C)=O)[n+]2[O-],0
COc1ccc2nc3c(cc2c1)c(NC(=O)C1CCCO1)nn3CC(C)C,0
COc1cccc(C2C=C(c3ccc(OC)cc3OC)Nc3nnnn32)c1,0
COc1cccc(Nc2ncc3nc(C)c(=O)n(Cc4cccs4)c3n2)c1,0
COc1cccc(Nc2ncc3nc(CCc4ccccc4)c(=O)n(C)c3n2)c1,1
COc1cccc(Nc2ncc3ncc(=O)n(Cc4cccs4)c3n2)c1,0
COc1cccc2cc(-c3nc(-c4cccs4)cs3)c(=O)oc12,1
COc1cccc2cc(C(=O)N3CCN(C45CC6CC(CC(C6)C4)C5)CC3)c(=O)oc12,0
COc1ccccc1C(=O)N1CCN(c2nc3cc(C)c(C)cc3cc2C#N)CC1,0
COc1ccccc1C1C=C(c2ccc(Cl)cc2)Nc2nc(N3C(=O)CCC3=O)nn21,0
COc1ccccc1CN(Cc1cc2cc(C)ccc2nc1O)Cc1nnnn1Cc1ccco1,0
COc1ccccc1NC(=O)C1=C(C)NC(SCC(=O)c2ccccc2)=C(C#N)C1c1ccco1,0
COc1ccccc1NC(=O)c1cc2ccc(O)cc2o/c1=N\O,0
COc1ccccc1Nc1ncc(C(=O)N2CCC(C(N)=O)CC2)c2ccccc12,0
COc1cnc(OC)n2nc(NS(=O)(=O)c3c(OCC(F)F)cccc3C(F)(F)F)nc12,0
COc1nc(C)nc(NC(=O)NS(=O)(=O)c2ccccc2CCC(F)(F)F)n1,0
COc1nc(C)nc(NC(=O)NS(=O)(=O)c2ccccc2Cl)n1,0
COc1ncc2nc(-c3cc(F)cc(F)c3)c(=O)n(-c3ccccc3)c2n1,0
CS(=O)(=O)c1c(F)cc(-c2cc(C(N)=O)c(Cl)nn2)cc1F,1
CS(=O)(=O)c1ccc(C(=O)C2C(=O)CCCC2=O)c([N+](=O)[O-])c1,0
CS/C(C)=N/OC(=O)N(C)SN(C)C(=O)O/N=C(\C)SC,0
CSc1ccc(Oc2ccc(S(N)(=O)=O)cc2CN(C)C)cc1C,0
CSc1nc(N)nc(SCC(=O)c2ccccc2)c1C#N,0
CSc1nnc(C(C)(C)C)c(=O)n1N,0
C[C@@H](CO)NC(=O)[C@@H]1C=C2c3cccc4[nH]cc(c34)C[C@H]2N(C)C1,0
C[C@@H](Oc1ccc(CNC(=O)c2cccnc2Oc2ccc3c(c2)OCO3)c(F)c1)C(=O)O,0
C[C@H](O)C(=O)C1=Nc2c([nH]c(N)nc2=O)NC1,0
C[C@]12CC[C@H]3[C@H](CCC4=Cc5nc6nc7ccccc7n6cc5C[C@@]43C)[C@@H]1CC[C@@]2(O)C#N,1
C[C@]12C[C@H](O)[C@H]3[C@@H](CCC4=CC(=O)CC[C@@]43C)[C@@H]1CC[C@@H]2C(=O)CO,0
C[N+](C)(C)CC1CO1,0
C[N+]1=Cc2cc3c(cc2CC1)OCO3,0
Cc1[nH]c2ccccc2c1CC(=O)O,0
Cc1[nH]c2ccccc2c1Cc1nnc(SCC(N)=O)o1,0
Cc1[nH]nc2c1N=C(c1ccccc1Cl)c1cc([N+](=O)[O-])ccc1N2,0
Cc1c(COC(=O)[C@H]2[C@@H](/C=C(\Cl)C(F)(F)F)C2(C)C)cccc1-c1ccccc1,0
Cc1c(Cc2ccccc2)c(=O)oc2c(CN(C)C)c(O)c(Cl)cc12,0
Cc1c(NC(=O)CN2C(=O)c3cccc4cccc2c34)c(=O)n(-c2ccccc2)n1C,0
Cc1c(O)ccc2c3c(c(=O)oc12)CCC(C)C3,0
Cc1c([N+](=O)[O-])cccc1[N+](=O)[O-],0
Cc1cc(C(=O)NCCCCCC(=O)N[C@H](C=O)CC(=O)O)ccc1Nc1cnc2ccccc2n1,1
Cc1cc(C(=O)OCCO)c(C#N)c(N)n1,0
Cc1cc(C)c2c(N)c(C(=O)Nc3nccs3)sc2n1,1
Cc1cc(C)c2cc(C#N)c(NCCCNC(=O)CCC(=O)O)nc2c1,0
Cc1cc(C)n(-c2nc3ccccc3nc2N2CCCCCC2)n1,0
Cc1cc(C)nc(/N=c2/ssnc2Cl)c1,0
Cc1cc(CCN2CCN(c3nsc4ccccc34)CC2)cc2c1NC(=O)CC2(C)C,0
Cc1cc(CNS(=O)(=O)c2ccc(O)c(C(=O)O)c2)sc1C(=O)N[C@@H](CC(=O)O)C(=O)CSCc1ccccc1Cl,1
Cc1cc(Cl)ccc1OCC(=O)O,0
Cc1cc(N=Nc2ccccc2C)ccc1N,0
Cc1cc(NCc2ccco2)n2c(nc3ccccc32)c1C#N,0
Cc1cc2c(c(=O)n1C)C(Cc1ccccc1)C(C#N)=C(N)O2,0
Cc1cc2c(c(=O)n1CC1CCCO1)C(c1ccco1)C(C#N)=C(N)O2,0
Cc1cc2c(c(=O)n1Cc1cccnc1)C(Cc1ccccc1)C(C#N)=C(N)O2,0
Cc1cc2c(cc1C(F)(F)F)N(C(=O)Nc1ccc(Oc3cccnc3C)nc1)CC2,0
Cc1ccc(-c2cc(C(F)F)n3ncc(C(=O)N4CCN(c5ccccn5)CC4)c3n2)cc1,0
Cc1ccc(-c2cc(C(F)F)n3ncc(C(=O)NCc4ccco4)c3n2)cc1,1
Cc1ccc(C)c(S(=O)(=O)c2c(N)n(/N=C/c3ccco3)c3nc4ccccc4nc23)c1,0
Cc1ccc(CCNC(=O)c2coc3nc4ccccc4nc23)cc1,0
Cc1ccc(N)cc1-n1c(C)ccc1C,0
Cc1ccc(N2C(=O)c3ccc(N)cc3C2=O)cc1,0
Cc1ccc(NC(=O)N2CCC(c3nc(O)c4nnn(Cc5cccc(Cl)c5)c4n3)CC2)cc1,0
Cc1ccc(NC(=O)OCc2ccccc2)c(=O)n1CC(=O)N[C@@H](CC(=O)O)C(=O)COc1ccccc1,1
Cc1ccc(O)c(C)c1,0
Cc1ccc(O)cc1,0
Cc1ccc2c(c1)ncn2CCNC(=O)C[C@H](C(=O)N[C@H](C=O)CC(=O)O)C(C)C,1
Cc1ccc2cc3c(NC(=O)c4ccco4)nn(C)c3nc2c1,0
Cc1ccc2ccccc2c1CC(=O)OCC(=O)[C@H](CC(=O)O)NC(=O)OCc1ccccc1,1
Cc1ccc2nc(Nc3ccc4[nH]c(O)nc4c3)c(-n3nc(C)cc3C)nc2c1,0
Cc1ccc2nc(O)c(CN(CCc3ccccc3)C(c3nnnn3Cc3ccco3)C(C)C)cc2c1,0
Cc1ccc2nc3c(cc(C(=O)NCc4ccccc4)c(=N)n3CCCn3ccnc3)c(=O)n2c1,1
Cc1cccc2cc(C#N)c(N3CCCC3)nc12,0
Cc1cccc2ccccc12,0
Cc1ccccc1[N+](=O)[O-],0
Cc1cccn2c(=O)c3cc(C(=O)NC(C)c4ccccc4)c(=N)n(CCCn4ccnc4)c3nc12,0
Cc1n[nH]c(C)c1N1C(=O)c2cccc3c(N4CCCCCC4)ccc(c23)C1=O,0
Cc1nc(-c2ccccn2)ncc1C(=O)Nn1cc(C)c2cc(F)ccc21,0
Cc1nc(C)c(-c2csc(Nc3cccnc3)n2)s1,0
Cc1nc(C)nc(N2C[C@H](C)N(c3ccnc([C@@H](C)O)n3)[C@H](C)C2)n1,0
Cc1nc2cnc(N(C)C)nc2n(CCc2ccccc2)c1=O,0
Cc1nc2cnc(N(C)C)nc2n(Cc2cccs2)c1=O,0
Cc1nc2cnc(Nc3ccccc3)nc2n(CCC#N)c1=O,0
Cc1nc2cnc(Nc3ccccc3)nc2n(Cc2cccs2)c1=O,0
Cc1nc2nc3c(cn2n1)C(=O)CC(c1ccccc1)C3,1
Cc1nn(-c2cc(NS(C)(=O)=O)c(Cl)cc2Cl)c(=O)n1C(F)F,0
Cc1nn(-c2ccccc2)c2sc(C(=O)c3c(N)n(C)c(=O)n(C)c3=O)cc12,0
Clc1ccc(C(c2ccc(Cl)cc2)C(Cl)Cl)cc1,0
Clc1ccc(Cl)cc1,0
Clc1cccc(Cl)c1,0
Cn1c(=O)c(-c2ccccc2)nc2cnc(Nc3ccccc3)nc21,1
Cn1c(=O)c(-c2cccs2)nc2cnc(OCc3ccccc3)nc21,1
Cn1c(=O)c2c(ncn2C)n(C)c1=O,0
Cn1c(NC(=O)c2ccccc2Br)cc(=O)n(C)c1=O,0
Cn1cc(-c2nc3cncnc3n(Cc3ccc(F)cc3)c2=O)c2ccccc21,1
Cn1cc(-c2nc3cncnc3n(Cc3ccccc3Cl)c2=O)c2ccccc21,1
Cn1nnnc1SCC(=O)N1CCN(Cc2ccccc2)CC1,0
FC(F)(F)C(F)(F)C(F)(F)C(F)(F)C(F)(F)C(F)(F)CCI,0
Fc1ccc(-n2c(-c3ccco3)nc3nc4ccccc4nc32)cc1,0
ICCc1ccccc1,0
N#CC(C(=O)NCCc1ccccc1)c1nc2ccccc2nc1N1CCCCC1,0
N#CC(C(=O)NCc1ccco1)c1nc2ccccc2nc1N1CCOCC1,0
N#CC(c1nc2ccccc2nc1N1CCCC1)S(=O)(=O)c1cccs1,0
N#CC1(C#N)C2=C(CCCC2)NC(c2ccccc2)C1(C#N)C#N,0
N#CC1=C(N)C(C#N)(C#N)C(c2ccc[nH]2)C2CCCC=C12,0
N#CC1=C(N)C2=C(N3CCCCC3)CCCC2C1(C#N)C#N,0
N#CCCCCC#N,0
N#CCCn1c(=O)c(-c2cccs2)nc2cnc(Nc3ccccc3)nc21,1
N#Cc1c(-c2ccco2)cc(-c2ccc(F)cc2)nc1N,0
N#Cc1c(N)n(CCNC(=O)Nc2ccccc2)c2nc3ccccc3nc12,0
N#Cc1c(N2CCCC2)nc(N)c2c(N)nc(N3CCCC3)cc12,0
N#Cc1c(S)nc2c(c1-c1ccco1)CCCC2,0
N#Cc1c2c(c(NCCCN3CCOCC3)n3c1nc1ccccc13)CCC2,0
N#Cc1c[nH]cc1-c1cccc2c1OC(F)(F)O2,0
N#Cc1ccc(N(CC(N)=O)CC(F)(F)F)cc1C(F)(F)F,0
NC(=O)Cn1c(=O)cc(CCN2CCN(c3nccc4sccc34)CC2)c2ccc(F)cc21,0
NC(=O)c1cc(-c2ccc(C(F)(F)F)cc2)nnc1Cl,1
NCCO,0
Nc1c(C(=O)NC2CCCC2)c2nc3ccccc3nc2n1N,0
Nc1c(C(=O)c2ccccc2)oc2ccc(Br)cc12,0
Nc1c(Cl)c(F)nc(OCC(=O)O)c1Cl,0
Nc1c(NCCC2=CCCCC2)c(=O)[nH]c(=O)n1Cc1ccccc1,0
Nc1cc(N)c(OCC(F)(F)F)cc1OCC(F)(F)F,0
Nc1ccc(/N=N/c2ccccc2)cc1,0
Nc1ccc(C(=O)O)cc1,0
Nc1ccc(Nc2ccccc2)cc1,0
Nc1ccc2c(c1)C(=O)c1ccccc1C2=O,0
Nc1ccc2c3c(cccc13)C(=O)NC2=O,1
Nc1cccc2c(N)cccc12,0
Nc1ccccc1N,0
O=C(/C=C\Nc1ccccn1)c1ccc(Cl)cc1,0
O=C(CCl)c1ccccc1,0
O=C(CN1C(=O)c2cccc3cccc1c23)Nc1cccnc1,0
O=C(CN1CC=CC[C@H](NC(=O)c2cc3ccccc3s2)C1=O)N[C@H]1CC(=O)OC1O,1
O=C(Cc1cccs1)N1CCN(c2ccccn2)CC1,0
O=C(NC(=O)c1c(F)cccc1F)Nc1ccc(OC(F)(F)C(F)OC(F)(F)F)c(Cl)c1,0
O=C(NC1CCCC1)c1ccc2nc(-c3ccco3)c(-c3ccco3)nc2c1,0
O=C(NC1CCCCC1)n1c(=O)oc2cc(S(=O)(=O)N3CCCCC3)ccc21,0
O=C(NC1CCN(Cc2ccccc2)CC1)c1ccc(-n2c(=O)c(O)nc3ccccc32)cc1,0
O=C(NCCO)c1cc2ccccc2cc1O,0
O=C(NCc1ccc2[nH]c3c(c2c1)CCCC3)N1CCOCC1,0
O=C(NCc1ccc2c(c1)OCO2)C1CC(=O)N(C2CCCC2)C1,0
O=C(NCc1ccccn1)c1ccc2nc(-c3ccco3)c(-c3ccco3)nc2c1,0
O=C(NCc1ccco1)c1cc2nc(-c3ccc4c(c3)OCO4)cc(C(F)(F)F)n2n1,0
O=C(NCc1ccco1)c1ccc2nc3sc4c(c3c(=O)n2c1)CCCC4,0
O=C(Nc1ccc2c(c1)OCO2)[C@@H]1[C@@H]2C(=O)N(C3CCCCC3)C(=O)[C@@H]2C2c3ccccc3C=CN21,0
O=C(Nc1ccc2c(c1)nc1n2CCN(C2CCCCC2)C1)c1ccco1,0
O=C(Nc1ccc2nc(-c3cccs3)c(-c3cccs3)nc2c1)N1CCOCC1,0
O=C(Nc1cccc2nsnc12)c1ccc2c(c1)OCCO2,0
O=C(Nc1ccccc1)c1ccc2nc(-c3ccco3)c(-c3ccco3)nc2c1,0
O=C(Nc1ccccc1)c1ccccc1I,0
O=C(Nc1sc2c(c1C(=O)NCc1ccco1)CCCC2)c1ccc2c(c1)OCO2,0
O=C(O)C1C2CCC(O2)C1C(=O)O,0
O=C(O)CN1C(=O)/C(=C/Nc2ccccc2)SC1=S,0
O=C(O)C[C@H](NC(=O)Cn1c(-c2ccccc2)ccc(NC(=O)c2cccc3ccccc23)c1=O)C(=O)COc1ccccc1,1
O=C(O)C[C@H](NC(=O)OCc1ccccc1)C(=O)CON1C(=O)Cc2ccccc21,1
O=C(O)C[C@H](NC(=O)c1ccc(CNS(=O)(=O)c2ccc(O)c(C(=O)O)c2)s1)C(=O)CSCc1ccccc1Cl,1
O=C(O)c1cc2cc(Cl)cc(Cl)c2oc1=O,0
O=C(Oc1cc2oc(=O)c3c(c2cc1Cl)CCCC3)c1ccco1,0
O=C([O-])CF,0
O=C(c1cc(Br)ccc1O)c1cc(Br)ccc1O,1
O=C(c1cc2nc(-c3ccccc3)cc(-c3ccccc3)n2n1)N1CCC2(CC1)OCCO2,0
O=C(c1ccc2nc3ccc(Cl)cc3c(=O)n2c1)N1CCC2(CC1)OCCO2,0
O=C(c1ccco1)N1CCN(c2c(O)nc3ccc(Cl)cc3c2-c2ccccc2)CC1,0
O=C1C(=O)N(Cc2nnnn2Cc2ccccc2)c2ccc(S(=O)(=O)N3CCC[C@H]3CF)cc21,1
O=C1C(O)=C(C(C2=C(O)C(=O)c3ccccc3C2=O)c2ccc(Cl)cc2)C(=O)c2ccccc21,1
O=C1C2CC=C(Cl)CC2C(=O)N1CCc1ccccc1,0
O=C1C2CC=CCC2C(=O)N1SC(Cl)(Cl)C(Cl)Cl,0
O=C1C=CC(=O)c2c(O)cccc21,0
O=C1CCn2cnc3cccc4ccc1c2c43,1
O=C1C[C@H](NC(=O)[C@@H]2COC[C@@H]3C/C=C\C[C@H](NC(=O)c4cc5ccccc5s4)C(=O)N32)C(O)O1,1
O=C1NC(=O)C2(Cc3ccccc3N3CCCC32)C(=O)N1Cc1ccccc1,0
O=C1NC(c2ccco2)Nc2sc3c(c21)CCN(Cc1ccccc1)C3,0
O=C1c2ccccc2C(=O)N1SC(Cl)(Cl)Cl,0
O=C1c2ccccc2NC(c2ccncc2)N1c1ccccn1,0
O=C[C@H](CC(=O)O)NC(=O)CCCCCC(=O)Nc1ccc(Nc2cnc3ccccc3n2)cc1,1
O=C[C@H](CC(=O)O)NC(=O)Cn1c(-c2ccccc2)ccc(NC(=O)CCc2ccccc2)c1=O,1
O=C[C@H](CC(=O)O)NC(=O)Cn1cccc(NC(=O)CCc2ccccc2)c1=O,1
O=C[C@H](CC(=O)O)NC(=O)[C@@H]1CCCN2C(=O)CC[C@H](NC(=O)c3nccc4ccccc34)C(=O)N12,1
O=C[C@H](CC(=O)O)NC(=O)c1ccc(CNC(=O)c2ccc(Nc3cnc4ccccc4n3)cc2)s1,1
O=NN(c1ccccc1)c1ccccc1,0
O=[N+]([O-])C(CO)(CO)CO,0
O=[N+]([O-])c1ccc(Cl)c(Cl)c1,0
O=[N+]([O-])c1ccc(O)cc1,0
O=[N+]([O-])c1ccccc1,0
O=c1[nH]cnc2c1ncn2[C@H]1CC[C@@H](CO)O1,0
O=c1c(O)c(-c2ccc(O)c(O)c2)oc2cc(O)ccc12,0
O=c1c2c3c(sc2nc2n1CCCC2)CCC3,0
O=c1cc(-c2ccccc2)c2ccc(O)c(CN3CCCCC3)c2o1,1
O=c1ccc2c(o1)/C(=C/C=C(Cl)Cl)CCC2,0
O=c1cnc2cnc(N3CCNCC3)nc2n1CCc1ccccc1,0
O=c1nc2s/c(=C\c3ccco3)c(=O)n2nc1Cc1ccccc1,0
O=c1oc2c3c4c(cc2c2c1CCC2)OCCN4CCC3,1
OC1=C(/C=N/c2ccc3c(c2)OCO3)CCc2ccccc21,0
OC1CN=C2CCCc3c2n(c2ccc(Cl)cc32)C1,0
OCC(O)CO,0
OCCN(CCO)CCO,0
OCCN1CCN(c2nc(-c3ccccc3)c3cc(Cl)ccc3n2)CC1,0
Oc1c(Cl)cc(Cl)cc1Cl,0
Oc1c(Cl)cc(Cl)cc1Sc1cc(Cl)cc(Cl)c1O,0
Oc1cc(Cl)ccc1Oc1ccc(Cl)cc1Cl,0
Oc1ccc(Br)cc1/C=N/n1cnc2ccccc21,1
Oc1ccc2c(c1)-c1ccccc1C2,0
Oc1ccccc1-c1ccccc1,0
Oc1nc2cc3c(cc2cc1C(c1nnnn1C1CCCCC1)N1CCSCC1)OCCO3,0
c1cc(N2CCCC2)ccc1C(c1nnnn1C1CCCCC1)N1CCOCC1,0
c1cc2c3c(cccc3c1)C(N1CCCCC1)=N2,0
c1ccc(-c2nc3ccccc3nc2N2CCOCC2)cc1,0
c1ccc(-c2nnc(CN3CCCc4ccccc43)o2)cc1,0
c1ccc(CCN2CCN(c3cc(N4CCCC4)nc(N4CCCC4)n3)CC2)cc1,1
c1ccc(N=Nc2ccccc2)cc1,0
c1ccc2c(c1)-c1cccc3cccc-2c13,0
c1ccc2c(c1)CCCN2Cc1nnnn1CC1CCCO1,0
c1ccc2c(c1)Cc1ccccc1-2,0
c1cncc(CN2CCN(c3cc(N4CCCC4)nc(N4CCCC4)n3)CC2)c1,1
c1coc(-c2nc3nc4ccccc4nc3n2CC2CCCO2)c1,0
C=C(C)CC1Nc2ccccc2NC1CC(=C)C,0
C=CCOC(=O)NC(CC(=O)O)C(=O)COc1cc2ccccc2cc1C(=O)Nc1ccccc1,1
C=CCOC(=O)N[C@@H](CC(=O)O)C(=O)CNCCCc1ccccc1,0
C=CCOC(=O)N[C@@H](CC(=O)O)C(=O)CSCCCc1ccccc1,0
C=CCn1c(N)c(C(=O)NCC2CCCO2)c2nc3ccccc3nc21,1
CC(=O)c1c(C)nc2nonc2c1N,0
CC(=O)n1nc2nc(C)cc(C)c2c1N,0
CC(C)(C)C(O)/C(=C\c1ccc(Cl)cc1Cl)n1cncn1,0
CC(C)(O)c1ccc(CNC(=O)c2cccnc2Oc2ccc3nonc3c2)cc1,0
CC(C)C[C@H](NC(=O)CC(=O)c1cccc2ccccc12)C(=O)N[C@H]1CC(=O)OC1O,1
CC(C)C[C@H](NC(=O)COc1cccc2cccnc12)C(=O)N[C@H]1CC(=O)OC1O,0
CC(C)Cn1c(N)c(S(=O)(=O)c2cccs2)c2nc3ccccc3nc21,0
CC(C)N1CC2=C(OC(N)=C(C#N)C2c2cccnc2)/C(=C/c2cccnc2)C1,0
CC(C)OCCCn1c(-c2ccco2)nc2nc3ccccc3nc21,0
CC(C)Oc1cc(-n2nc(C(C)(C)C)oc2=O)c(Cl)cc1Cl,0
CC(C)Oc1cccc(NC(=O)c2ccccc2C(F)(F)F)c1,0
CC(C)[C@H](NC(=O)CCc1ccccc1)C(=O)N[C@@H](C)C(=O)NC(CC(=O)O)C(=O)COC(=O)CCc1ccccc1,1
CC(C)[C@H](NC(=O)c1ccc2ccccc2c1)C(=O)N1CCC[C@H]1C(=O)NC(C=O)CC(=O)NS(C)(=O)=O,1
CC(C)c1nnc2ccc(-c3ocnc3-c3cc(F)ccc3F)cn12,0
CC(C)n1cc(/C=C(\C#N)S(=O)(=O)c2ccccc2)c2ccccc21,0
CC(N)=O,0
CC1CCCN(c2oc(-c3cccc4ccccc34)nc2C#N)C1,1
CC1CCc2cccc3c2N1c1cc(C#N)c(C#N)cc1O3,1
CCC(=O)Nc1c(OC(=O)CC)ccc2c(C)cc(=O)oc12,0
CCC(C(=O)NC1CCCC1)N(Cc1ccc2c(c1)OCO2)C(=O)c1snc(C(N)=O)c1N,0
CCC(C(=O)N[C@@H](CC(=O)O)C(=O)CCCc1ccccc1)n1cc(C(C)(C)C)nc(NCCc2cccs2)c1=O,1
CCC(C)(C)c1ccc(O)c(C(C)(C)CC)c1,0
CCC(C)Nc1c([N+](=O)[O-])cc(C(C)(C)C)cc1[N+](=O)[O-],0
CCC(C)n1c(=O)[nH]c(C)c(Br)c1=O,0
CCC(O)c1cc2c(cc1NC(=O)c1cccs1)OCCO2,0
CCCCC(C(=O)N[C@@H](CC(=O)O)C(=O)COc1ccccc1)n1cncc(NC(=O)c2cccc3ccccc23)c1=O,1
CCCCN(C)c1nc(-c2ccco2)c2c(c1C#N)CC(C)(C)OC2,0
CCCCc1ccccc1,0
CCCN1CCC[C@H](c2cccc(C#N)c2)C1,0
CCCNC(=O)c1c(N)n(-c2cc(OC)cc(OC)c2)c2nc3ccccc3nc12,1
CCN1CC=C2C(C#N)=C(N)C(C#N)(C#N)C(c3cc(Cl)ccc3Cl)C2C1,0
CCN1CCCC1CN/C=C1/C(=O)N(c2ccccc2)C(=O)c2ccccc21,0
CCNc1ncc2nc(-c3cccs3)c(=O)n(Cc3cccc(OC)c3)c2n1,1
CCNc1ncc2nc(-c3cccs3)c(=O)n(Cc3cccs3)c2n1,1
CCNc1ncc2nc(-c3cn(C)c4ccccc34)c(=O)n(Cc3ccc(F)cc3)c2n1,1
CCNc1ncc2nc(C)c(=O)n(CCOC)c2n1,0
CCOC(=O)C(C)(C)Oc1ccc(Cl)cc1,0
CCOC(=O)C1=C(C)OC(N)=C(C#N)C1c1cc2c(cc1Br)OCO2,0
CCOC(=O)C1CCN(S(=O)(=O)c2ccc3c4c(cccc24)C(=O)N3)CC1,0
CCOC(=O)COc1ccc2c(c1Cl)N=S=N2,0
CCOC(=O)COn1c(=O)c(-c2cccs2)[n+]([O-])c2ccccc21,0
CCOC(=O)N1CC=C2C(C#N)=C(N)C(C#N)(C#N)[C@H](c3ccsc3)[C@H]2C1,0
CCOC(=O)c1c(N)n(CCCOC(=O)c2ccco2)c2nc3ccccc3nc12,0
CCOC(=O)c1cc2c(=O)n3cccc(C)c3nc2n(CC2CCCO2)/c1=N/C(C)=O,1
CCON=C(CC)C1=C(O)CC(c2c(C)cc(C)cc2C)CC1=O,0
CCOc1cc(Oc2ccc(C(F)(F)F)cc2Cl)ccc1[N+](=O)[O-],0
CCOc1ccccc1C1C(C(=O)OC)=CN(C)C=C1C(=O)OC,1
CC[C@@]1(O)C(=O)OCc2c1cc1n(c2=O)Cc2cc3c(CN(C)C)c(O)ccc3nc2-1,1
CCc1cc(=O)oc2c(C)c(O)c(CN(C)C)cc12,1
CCc1cc2c(=O)c(Oc3ccccc3F)c(C)oc2c(CN(C)C)c1O,0
CN(C)C(=O)NC1(c2ccccc2)CCN(CC[C@@]2(c3ccc(F)c(F)c3)CN(C(=O)c3ccccc3)CCO2)CC1,0
CN(C)C=O.Cc1cc(-c2ccco2)c(C#N)c2nc3ccccc3n12,1
CN(C)c1ccc(-c2ccc3ncnc(N(C)C)c3c2)cc1,0
CN(C)c1ccc(/C=c2\sc3n(c2=O)CCCN=3)cc1,0
CN(C)c1ncc2nc(-c3cccc(C#N)c3)c(=O)n(C)c2n1,1
CN(C)c1ncc2ncc(=O)n(C3CC3)c2n1,0
CN1CCN(c2ncc3nc(-c4cccs4)c(=O)n(C[C@H]4CCCO4)c3n2)CC1,1
CN1CCc2c(sc3c2C(=O)NC(c2cn(Cc4ccccc4)c4ccccc24)N3)C1,0
COC(=O)C1=CN(CC2CCCO2)C=C(C(=O)OC)C1c1cc(OC)c(OC)c(OC)c1,0
COC(=O)C1=COC(C)C2CN3CCc4c([nH]c5ccccc45)C3CC12,0
COC(=O)CC(=O)OC,0
COC(=O)N(OC)c1ccccc1COc1ccn(-c2ccc(Cl)cc2)n1,0
COC(=O)c1cc2c(=O)n3ccccc3nc2n(Cc2cccnc2)c1=N,1
COC(=O)c1sc2cnccc2c1N,0
COCCC/N=C(\c1ccco1)n1c(=S)nc(-c2ccco2)n(CCCOC)c1=S,0
COCCN1CCn2c(nc3cc(NC(=O)NC4CCCCC4)ccc32)C1,0
COCCn1c(=O)cnc2cnc(N(C)C)nc21,0
COC[C@@H]1CCCN1S(=O)(=O)c1cc(Cl)c2c(c1)C(=O)C(=O)N2,0
COC[C@@H]1CCCN1S(=O)(=O)c1cc(F)c2c(c1)C(=O)C(=O)N2,0
COc1[nH]c(/N=C/c2ccccc2)c(C#N)c1C#N,0
COc1cc(-c2oc3cc(O)ccc3c(=O)c2O)ccc1O,0
COc1cc2c(cc1OC)C(c1cc3cc(OC)c(OC)cc3nc1O)N(C(=O)C1CC1)CC2,0
COc1cc2ccc(=O)oc2c(O)c1O,0
COc1ccc(-c2cc(C(F)(F)F)n3nc(C(=O)N4CCCCC4)cc3n2)cc1,0
COc1ccc(-c2cc(C(F)(F)F)n3nc(C(=O)O)nc3n2)cc1,0
COc1ccc(-c2cn3c(C)c(C(=O)Nc4cc(NC(C)=O)ccc4OC)sc3n2)cc1,0
COc1ccc(-c2nc(C)no2)cc1CC(=O)N[C@H](C(=O)N[C@@H](CC(=O)O)C(=O)CSCc1ccccc1)C(C)C,1
COc1ccc(C(=O)Nc2nc3ccccc3c(NCc3ccccc3)c2C#N)cc1,0
COc1ccc(C2=CC(c3ccc(F)cc3)n3nnnc3N2)cc1,0
COc1ccc(C2=CC(c3sccc3C)n3nnnc3N2)cc1,0
COc1ccc(C2C(C(=O)NCCN(C)C)c3ccccc3C(=O)N2C)cc1OC,0
COc1ccc(Cn2nnnc2C(c2ccc(N(C)C)cc2)N2CCC(C)CC2)cc1,0
COc1ccc(OC(F)(F)F)cc1CN[C@H]1CCCN[C@H]1c1ccccc1,0
COc1ccc(OC)c2c(N3CCN(C)CC3)cc(C(F)(F)F)nc12,0
COc1ccc2c(c1)C(=O)N(c1ccccc1OC)C(=O)C2,0
COc1ccc2c(c1)CC1(CN2C)C(=O)NC(=O)N(CCc2ccccc2)C1=O,0
COc1ccc2nc(SCC(=O)N(C)C3CCCCC3)c(C#N)cc2c1,0
COc1ccc2nc3sc(C(=O)NCc4cccs4)c(N)c3cc2c1,0
COc1ccc2oc(=O)c(-c3nnc(NCc4ccco4)s3)cc2c1,1
COc1cccc(-c2ccc(/C=C\CN3CCCCCC3)cc2Cl)c1,0
COc1cccc(Cn2c(=O)c(-c3cccs3)nc3cnc(N(C)C)nc32)c1,1
COc1ccccc1N1CCN(C(=O)c2ccc3nc(-c4ccco4)c(-c4ccco4)nc3c2)CC1,0
COc1ccccc1N1CCN(C(=O)c2sc3nc(-c4ccccc4)cn3c2C)CC1,0
COc1ncc2nc(-c3cccs3)c(=O)n(C)c2n1,1
C[C@H](NC(=O)[C@H](CCC(=O)O)NC(=O)OCc1ccccc1)C(=O)NC(CC(=O)O)C(=O)CNS(=O)(=O)CCc1ccccc1,1
Cc1cc(C(=O)COc2cccc3cccnc23)c(C)n1C,0
Cc1cc(C)n(-c2nc3ccccc3nc2Nc2ccc3c(c2)OCO3)n1,0
Cc1ccc(-c2cc(-c3ccccc3)c(C#N)c(N)n2)o1,0
Cc1ccc(-c2cc(C(F)(F)F)c(C#N)c(SCCC#N)n2)o1,0
Cc1ccc(C(C)C)cc1,0
Cc1ccc(C)c2nc(O)c(C(c3nnnn3Cc3ccco3)N3CCc4ccccc4C3)cc12,0
Cc1ccc(N)cc1N,0
Cc1ccc(NC(=O)CCc2ccccc2)c(=O)n1CC(=O)N[C@H](C=O)CC(=O)O,1
Cc1ccc2cc(C#N)c(N3CCCC3)nc2c1C,0
Cc1ccc2nc(NCCO)nc(-c3ccccc3)c2c1,1
Cc1cccn2c(=O)c3cc(C(=O)NC4CCCC4)c(=N)n(C4CCCC4)c3nc12,1
Cc1ccn2nc(S(=O)(=O)Nc3c(F)cccc3F)nc2n1,0
ClC1=C(Cl)C2(Cl)C3C(Cl)C(Cl)CC3C1(Cl)C2(Cl)Cl,0
Clc1nc(Cl)c(Cl)c(Cl)c1Cl,0
Cn1cc[nH]c1=S,0
N#CN,0
N#Cc1c(N)sc(=S)c2c1CCN(Cc1ccccc1)C2,0
NC(=O)c1cc(-c2ccc([N+](=O)[O-])cc2)nnc1Cl,1
NC(=O)c1cc(-c2ccncc2)nnc1Cl,1
NCc1cccc(C2CCN(C(=O)c3ccc(C#Cc4ccccc4F)o3)CC2)c1,0
Nc1cc(-c2ccncc2)c[nH]c1=O,0
Nc1ccc2c(c1)C(=O)N(CCCC(=O)O)C2=O,0
O=C(CC1NC(=O)NC1=O)Nc1cccc2ccccc12,0
O=C(CCCCCCCCc1cccnc1)N1CCC(C=C(c2ccccc2)c2ccccc2)CC1,0
O=C(CN1CC(CNS(=O)(=O)c2ccccc2)=CC[C@H](NC(=O)c2ccc3ccccc3c2)C1=O)N[C@H]1CC(=O)OC1O,1
O=C(CN1CCS(=O)(=O)C[C@H](NC(=O)c2nccc3ccccc23)C1=O)N[C@H]1CC(=O)OC1O,1
O=C(NCc1ccco1)C1CCN(c2ccc(N3CCOCC3)nn2)CC1,0
O=C(NCc1ccco1)Nc1ccc2nsnc2c1,0
O=C(NCc1ccco1)c1cccn2c(=O)c3sccc3nc12,0
O=C(N[C@H](c1ccccc1)[C@@H]1CN2CCC1CC2)c1c(Cl)ccc(C(F)(F)F)c1Cl,0
O=C(O)CC(NC(=O)OCc1ccccc1)C(=O)CNS(=O)(=O)CCC1CCCCC1,0
O=C(O)CCCNc1cc(N2CCC3(CC2)OCCO3)c2noc3c2c1C(=O)c1ccccc1-3,0
O=C(O)CSc1c2c(nc3cc(C(=O)N4CCOCC4)ccc13)CCCC2,0
O=C(O)C[C@H](NC(=O)OCc1ccccc1)C(=O)COC(=O)CC(c1ccccc1)c1ccccn1,1
